condition,seed,generation,name,label,detail
vanilla,0,17,AdaptiveCMAES,runtime_error,AttributeError: 'AdaptiveCMAES' object has no attribute 'D'
vanilla,0,24,AdaptiveActiveCMAES,unclassified_success,ok
vanilla,0,45,Adaptive_Active_CMA_ES,unclassified_success,ok
vanilla,0,46,AP_CMA_ES_Optimizer,runtime_error,"ValueError: matmul: Input operand 1 has a mismatch in its core dimension 0, with gufunc signature (n?,k),(k,m?)->(n?,m?) (size 4 is different from 6)"
vanilla,0,47,CMA_ES_Optimizer,runtime_error,NameError: name 'self_boundary_handling' is not defined
vanilla,0,53,SHADE_Optimizer,runtime_error,AttributeError: module 'numpy.random' has no attribute 'cauchy'
vanilla,0,61,DE_CMA_ES_Optimizer,unclassified_success,ok
vanilla,0,74,AdaptiveActiveCMAES,runtime_error,"ValueError: matmul: Input operand 1 has a mismatch in its core dimension 0, with gufunc signature (n?,k),(k,m?)->(n?,m?) (size 2 is different from 12)"
vanilla,0,83,DirectionalGaussianSearch,unclassified_success,ok
vanilla,0,92,AP_CMA_ES_Optimizer,unclassified_success,ok
vanilla,0,93,DGS_Optimizer,unclassified_success,ok
vanilla,0,166,Hybrid_AOC_CMA_ES,import_violation,scipy.optimize is currently not allowed to be imported in this framework.
vanilla,0,169,AP_CMA_ES_Optimizer,unclassified_success,ok
vanilla,0,197,BIPOP_Active_CMA_ES,runtime_error,"ValueError: matmul: Input operand 1 has a mismatch in its core dimension 0, with gufunc signature (n?,k),(k,m?)->(n?,m?) (size 2 is different from 3)"
vanilla,0,202,AP_CMA_ES_Optimizer,unclassified_success,ok
vanilla,0,203,AP_CMA_ES_Optimizer,unclassified_success,ok
vanilla,0,227,AP_CMA_ES_Optimizer,unclassified_success,ok
vanilla,0,236,DA_CMA_ES_Optimizer,unclassified_success,ok
vanilla,0,251,AS_CMA_ES_Optimizer,unclassified_success,ok
vanilla,0,252,DE_CMA_ES_Optimizer,unclassified_success,ok
vanilla,0,253,AH_CMA_ES_Optimizer,import_violation,scipy.optimize is currently not allowed to be imported in this framework.
vanilla,0,259,DA_CMA_ES_Optimizer,unclassified_success,ok
vanilla,0,262,DE_CMA_ES_Optimizer,unclassified_success,ok
vanilla,0,272,DE_CMA_Optimizer,import_violation,scipy.optimize is currently not allowed to be imported in this framework.
vanilla,0,275,HOS_CMA_ES_Optimizer,unclassified_success,ok
vanilla,0,280,HSA_CMA_ES_Optimizer,unclassified_success,ok
vanilla,0,282,DA_CMA_ES_Optimizer,unclassified_success,ok
vanilla,0,283,AH_CMA_Optimizer,unclassified_success,ok
vanilla,0,285,IG_SuccessiveProjection_Optimizer,unclassified_success,ok
vanilla,0,293,DE_CMA_Optimizer,unclassified_success,ok
vanilla,0,295,DE_CMA_ES_Optimizer,unclassified_success,ok
vanilla,0,307,DE_CMA_ES_Optimizer,unclassified_success,ok
vanilla,0,312,HMO_CMA_Optimizer,unclassified_success,ok
vanilla,0,315,DE_CMA_ES_Optimizer,unclassified_success,ok
vanilla,0,321,DE_CMA_ES_Optimizer,unclassified_success,ok
vanilla,0,322,DA_CMA_ES_Optimizer,unclassified_success,ok
vanilla,0,323,DE_CMA_ES_Optimizer,unclassified_success,ok
vanilla,0,326,DE_CMA_ES_Optimizer,unclassified_success,ok
vanilla,0,332,AH_CMA_Optimizer,unclassified_success,ok
vanilla,0,333,AdaptiveHybridCMAES,unclassified_success,ok
vanilla,0,334,DESMA_Optimizer,runtime_error,AttributeError: module 'numpy.random' has no attribute 'cauchy'
vanilla,0,335,DE_CMA_ES_Optimizer,unclassified_success,ok
vanilla,0,337,SHADE_ALS_Optimizer,runtime_error,AttributeError: module 'numpy.random' has no attribute 'cauchy'
vanilla,0,342,AM_CMA_ES_Optimizer,unclassified_success,ok
vanilla,0,344,DECH_Optimizer,runtime_error,AttributeError: module 'numpy.random' has no attribute 'cauchy'
vanilla,0,345,IG_SMS_Optimizer,import_violation,scipy.linalg is currently not allowed to be imported in this framework.
vanilla,0,350,DEA_CMA_ES_Optimizer,unclassified_success,ok
vanilla,0,353,DE_CMA_ES_Optimizer,unclassified_success,ok
vanilla,0,364,DE_CMA_ES_Optimizer,runtime_error,"ValueError: operands could not be broadcast together with shapes (2,) (4,) "
vanilla,0,371,DA_CMA_ES_Optimizer,unclassified_success,ok
vanilla,0,372,DE_CMA_ES_Optimizer,unclassified_success,ok
vanilla,0,376,AH_CMA_ES_Optimizer,unclassified_success,ok
vanilla,0,385,AD_CMA_ES_Optimizer,runtime_error,IndexError: index 4 is out of bounds for axis 0 with size 4
vanilla,0,387,GIMI_CMA_ES_Optimizer,runtime_error,IndexError: index 4 is out of bounds for axis 0 with size 4
vanilla,0,388,Hybrid_LCMA_Surrogate_Optimizer,runtime_error,IndexError: index 2 is out of bounds for axis 0 with size 2
vanilla,0,399,SVH_CMA_Optimizer,unclassified_success,ok
vanilla,0,401,AD_CMA_ES_Optimizer,runtime_error,IndexError: index 4 is out of bounds for axis 0 with size 4
vanilla,0,406,AD_CMA_ES_Optimizer,runtime_error,IndexError: index 4 is out of bounds for axis 0 with size 4
vanilla,0,408,SV_CMA_ES_Optimizer,runtime_error,IndexError: index 4 is out of bounds for axis 0 with size 4
vanilla,0,409,AMS_DE_Optimizer,runtime_error,IndexError: index 18 is out of bounds for axis 0 with size 17
vanilla,0,422,IGD_CMA_ES_Optimizer,unclassified_success,ok
vanilla,0,437,SAPSR_CMA_ES_Optimizer,runtime_error,IndexError: index 4 is out of bounds for axis 0 with size 4
vanilla,0,448,OMD_CMA_ES_Optimizer,runtime_error,AttributeError: module 'numpy' has no attribute 'array_allclose'
vanilla,0,449,AD_CMA_ES_Optimizer,runtime_error,IndexError: index 4 is out of bounds for axis 0 with size 4
vanilla,0,450,CMA_LS_Optimizer,runtime_error,IndexError: index 2 is out of bounds for axis 0 with size 2
vanilla,0,460,IGD_CMA_Optimizer,runtime_error,IndexError: index 4 is out of bounds for axis 0 with size 4
vanilla,0,474,MA_ES_Optimizer,runtime_error,IndexError: index 4 is out of bounds for axis 0 with size 4
vanilla,0,476,GE_CMA_ES_Optimizer,runtime_error,IndexError: index 4 is out of bounds for axis 0 with size 4
vanilla,0,478,AD_CMA_ES_Optimizer,unclassified_success,ok
vanilla,0,485,MA_ES_ROSP_Optimizer,runtime_error,IndexError: index 4 is out of bounds for axis 0 with size 4
vanilla,0,487,BD_CMA_ES_Optimizer,unclassified_success,ok
vanilla,1,3,DirectionalAdaptiveSearch,runtime_error,IndexError: list index out of range
vanilla,1,24,AdaptiveManifoldDescentOptimizer,runtime_error,AttributeError: 'AdaptiveManifoldDescentOptimizer' object has no attribute 'BD'
vanilla,1,33,IGSCMAES,unclassified_success,ok
vanilla,1,36,IGPGCMA,unclassified_success,ok
vanilla,1,46,CMA_ALFA,runtime_error,"ValueError: could not broadcast input array from shape (2,0) into shape (2,2)"
vanilla,1,47,CMABMSP,runtime_error,"ValueError: could not broadcast input array from shape (2,2) into shape (3,2)"
vanilla,1,49,CMABMSP,runtime_error,"ValueError: could not broadcast input array from shape (2,2) into shape (3,2)"
vanilla,1,71,CMAMSPS,runtime_error,"ValueError: could not broadcast input array from shape (2,2) into shape (3,2)"
vanilla,1,73,CMA_SMALS,runtime_error,"ValueError: could not broadcast input array from shape (2,2) into shape (3,2)"
vanilla,1,86,CMAEAS,runtime_error,IndexError: index 5 is out of bounds for axis 0 with size 5
vanilla,1,89,CMA_MGOS,runtime_error,"ValueError: could not broadcast input array from shape (2,2) into shape (3,2)"
vanilla,1,91,CMARDMSL,runtime_error,"ValueError: could not broadcast input array from shape (2,2) into shape (3,2)"
vanilla,1,98,CMAEAS,runtime_error,IndexError: index 5 is out of bounds for axis 0 with size 5
vanilla,1,101,CMASRV,unclassified_success,ok
vanilla,1,105,CMA_AMOS,runtime_error,IndexError: index 5 is out of bounds for axis 0 with size 5
vanilla,1,125,OM_CMA_ALR,runtime_error,"ValueError: could not broadcast input array from shape (2,2) into shape (3,2)"
vanilla,1,126,ODST,runtime_error,AttributeError: module 'numpy.random' has no attribute 'cauchy'
vanilla,1,131,CFAMS,runtime_error,IndexError: index 2 is out of bounds for axis 0 with size 2
vanilla,1,140,OM_CMA_ALL,runtime_error,IndexError: index 5 is out of bounds for axis 0 with size 5
vanilla,1,154,OM_CMA_ASH,runtime_error,"ValueError: could not broadcast input array from shape (2,2) into shape (3,2)"
vanilla,1,163,OM_CMA_ES,runtime_error,IndexError: index 5 is out of bounds for axis 0 with size 5
vanilla,1,175,OM_CMA,runtime_error,"ValueError: could not broadcast input array from shape (2,2) into shape (3,2)"
vanilla,1,184,OMARC,runtime_error,"ValueError: could not broadcast input array from shape (2,2) into shape (3,2)"
vanilla,1,193,OMAR_CMA,runtime_error,IndexError: index 5 is out of bounds for axis 0 with size 5
vanilla,1,196,OM_LCA,runtime_error,"ValueError: could not broadcast input array from shape (2,2) into shape (3,2)"
vanilla,1,203,OM_CMA_ALR,runtime_error,"ValueError: could not broadcast input array from shape (2,2) into shape (3,2)"
vanilla,1,213,OMCMA_ALR,runtime_error,"ValueError: could not broadcast input array from shape (2,2) into shape (3,2)"
vanilla,1,222,OMCMA_ALR,runtime_error,"ValueError: could not broadcast input array from shape (2,2) into shape (3,2)"
vanilla,1,241,AIMES,unclassified_success,ok
vanilla,1,244,AIMD,runtime_error,IndexError: index 5 is out of bounds for axis 0 with size 5
vanilla,1,250,OM_ALR,runtime_error,"ValueError: could not broadcast input array from shape (2,2) into shape (3,2)"
vanilla,1,251,CF_EDS,runtime_error,IndexError: index 5 is out of bounds for axis 0 with size 5
vanilla,1,256,OM_CMA,runtime_error,"ValueError: could not broadcast input array from shape (2,2) into shape (3,2)"
vanilla,1,259,AIM_CMA,runtime_error,IndexError: index 2 is out of bounds for axis 0 with size 2
vanilla,1,268,OM_CMA_ALR,runtime_error,IndexError: index 5 is out of bounds for axis 0 with size 5
vanilla,1,269,OM_CMAE,unclassified_success,ok
vanilla,1,277,OMC_AL,runtime_error,"ValueError: could not broadcast input array from shape (2,2) into shape (3,2)"
vanilla,1,279,EGDS,runtime_error,"ValueError: could not broadcast input array from shape (2,2) into shape (3,2)"
vanilla,1,284,OMARCMA,runtime_error,"ValueError: could not broadcast input array from shape (2,2) into shape (3,2)"
vanilla,1,293,AIM_CMA,code_generation,"unmatched ')' (<unknown>, line 99)"
vanilla,1,298,OM_CMA_AM,runtime_error,"ValueError: could not broadcast input array from shape (2,2) into shape (3,2)"
vanilla,1,299,OM_CMA,runtime_error,"ValueError: could not broadcast input array from shape (2,2) into shape (3,2)"
vanilla,1,303,CFEMS,runtime_error,"ValueError: operands could not be broadcast together with shapes (2,2) (3,1) "
vanilla,1,312,OM_CMA,runtime_error,"ValueError: could not broadcast input array from shape (2,2) into shape (3,2)"
vanilla,1,313,AIM_CMA,runtime_error,"ValueError: could not broadcast input array from shape (2,2) into shape (3,2)"
vanilla,1,319,IGSS,runtime_error,RecursionError: maximum recursion depth exceeded
vanilla,1,320,OMMSS,runtime_error,RecursionError: maximum recursion depth exceeded
vanilla,1,321,OMCMAARD,runtime_error,RecursionError: maximum recursion depth exceeded
vanilla,1,322,EGDS,runtime_error,RecursionError: maximum recursion depth exceeded
vanilla,1,323,AICA,runtime_error,"ValueError: could not broadcast input array from shape (2,2) into shape (3,2)"
vanilla,1,324,AIA_CMA,runtime_error,RecursionError: maximum recursion depth exceeded
vanilla,1,325,OM_CMA_AM,runtime_error,RecursionError: maximum recursion depth exceeded
vanilla,1,326,AICA,runtime_error,RecursionError: maximum recursion depth exceeded
vanilla,1,327,CFEDE,runtime_error,RecursionError: maximum recursion depth exceeded
vanilla,1,328,OMASR,runtime_error,RecursionError: maximum recursion depth exceeded
vanilla,1,329,MACE,runtime_error,RecursionError: maximum recursion depth exceeded
vanilla,1,330,CFLS_ES,runtime_error,RecursionError: maximum recursion depth exceeded
vanilla,1,331,AIA_CMA,runtime_error,RecursionError: maximum recursion depth exceeded
vanilla,1,332,OMAR,runtime_error,RecursionError: maximum recursion depth exceeded
vanilla,1,333,OM_CMA,runtime_error,IndexError: index 4 is out of bounds for axis 0 with size 4
vanilla,1,334,OM_CMA_ADP,runtime_error,RecursionError: maximum recursion depth exceeded
vanilla,1,335,OTMS,unclassified_success,ok
vanilla,1,336,CMA_MOSLR,runtime_error,RecursionError: maximum recursion depth exceeded
vanilla,1,337,AIMD,runtime_error,RecursionError: maximum recursion depth exceeded
vanilla,1,338,OM_ALR,runtime_error,RecursionError: maximum recursion depth exceeded
vanilla,1,339,OTM,unclassified_success,ok
vanilla,1,340,OM_ALR,runtime_error,RecursionError: maximum recursion depth exceeded
vanilla,1,341,OPS,unclassified_success,ok
vanilla,1,342,OM_AR_CMA,runtime_error,RecursionError: maximum recursion depth exceeded
vanilla,1,343,OM_CMA,runtime_error,RecursionError: maximum recursion depth exceeded
vanilla,1,344,OMC_AL,runtime_error,RecursionError: maximum recursion depth exceeded
vanilla,1,345,DE_AOB,unclassified_success,ok
vanilla,1,346,OMARC,runtime_error,RecursionError: maximum recursion depth exceeded
vanilla,1,347,OMAR_CMA,runtime_error,RecursionError: maximum recursion depth exceeded
vanilla,1,348,OM_CMA,runtime_error,RecursionError: maximum recursion depth exceeded
vanilla,1,349,OM_CMA,runtime_error,RecursionError: maximum recursion depth exceeded
vanilla,1,351,EGDS,runtime_error,IndexError: index 2 is out of bounds for axis 0 with size 2
vanilla,1,373,AOM_CMA,runtime_error,"ValueError: could not broadcast input array from shape (2,2) into shape (3,2)"
vanilla,1,376,OM_CMA_AM,runtime_error,"ValueError: could not broadcast input array from shape (2,2) into shape (3,2)"
vanilla,1,378,OMAR_CMA,runtime_error,"ValueError: operands could not be broadcast together with shapes (2,2) (3,) "
vanilla,1,382,AIM_CMA,runtime_error,IndexError: boolean index did not match indexed array along axis 0; size of axis is 4 but size of corresponding boolean axis is 6
vanilla,1,386,OMCMAES,runtime_error,IndexError: index 5 is out of bounds for axis 0 with size 5
vanilla,1,390,OMMSS,runtime_error,RecursionError: maximum recursion depth exceeded
vanilla,1,392,OM_CMA,runtime_error,RecursionError: maximum recursion depth exceeded
vanilla,1,395,EGDS,runtime_error,"ValueError: operands could not be broadcast together with shapes (2,2) (3,1) (2,2) "
vanilla,1,396,OM_ALR,runtime_error,IndexError: index 5 is out of bounds for axis 0 with size 5
vanilla,1,407,OMASR,runtime_error,RecursionError: maximum recursion depth exceeded
vanilla,1,411,OTTS,runtime_error,__init__ raised NameError: name 'floor' is not defined
vanilla,1,414,OM_CMA_AL,runtime_error,"ValueError: could not broadcast input array from shape (2,2) into shape (3,2)"
vanilla,1,416,OM_CMA_ASI,runtime_error,IndexError: index 5 is out of bounds for axis 0 with size 5
vanilla,1,418,OB_CMA,runtime_error,"ValueError: could not broadcast input array from shape (2,2) into shape (3,2)"
vanilla,1,423,OMMSS,runtime_error,RecursionError: maximum recursion depth exceeded
vanilla,1,429,OMARC,runtime_error,"ValueError: could not broadcast input array from shape (2,2) into shape (3,2)"
vanilla,1,439,OM_CMA,runtime_error,"ValueError: could not broadcast input array from shape (2,2) into shape (3,2)"
vanilla,1,442,OM_CMA,runtime_error,"ValueError: could not broadcast input array from shape (2,2) into shape (3,2)"
vanilla,1,443,AIM_CMA,runtime_error,"ValueError: could not broadcast input array from shape (2,2) into shape (3,2)"
vanilla,1,449,OMCLS,runtime_error,"ValueError: could not broadcast input array from shape (2,2) into shape (3,2)"
vanilla,1,452,OM_CMA_ALS,runtime_error,RecursionError: maximum recursion depth exceeded
vanilla,1,454,OM_CMA,runtime_error,"ValueError: could not broadcast input array from shape (2,2) into shape (3,2)"
vanilla,1,469,OMCMAADP,runtime_error,RecursionError: maximum recursion depth exceeded
vanilla,1,471,OM_AR_CMA,runtime_error,IndexError: index 5 is out of bounds for axis 0 with size 5
vanilla,1,481,OMCMA_ALR,runtime_error,IndexError: index 5 is out of bounds for axis 0 with size 5
vanilla,1,482,OM_CMA,runtime_error,IndexError: index 2 is out of bounds for axis 1 with size 2
vanilla,1,484,OM_CMA_AM,runtime_error,"ValueError: could not broadcast input array from shape (2,2) into shape (3,2)"
vanilla,1,495,EGDS,runtime_error,IndexError: index 5 is out of bounds for axis 0 with size 5
vanilla,1,496,AIMD,runtime_error,"ValueError: could not broadcast input array from shape (2,2) into shape (0,2)"
vanilla,1,497,GOSM,runtime_error,IndexError: index 4 is out of bounds for axis 1 with size 4
vanilla,2,3,ADS_RCL,unclassified_success,ok
vanilla,2,4,SHGDCA,runtime_error,AttributeError: module 'numpy.random' has no attribute 'cauchy'
vanilla,2,22,SHADE_EVC,runtime_error,AttributeError: module 'numpy.random' has no attribute 'cauchy'
vanilla,2,36,SHADE_CML,runtime_error,AttributeError: module 'numpy.random' has no attribute 'cauchy'
vanilla,2,43,ADCE,runtime_error,AttributeError: module 'numpy.random' has no attribute 'cauchy'
vanilla,2,46,SHADE_CGLS,runtime_error,AttributeError: module 'numpy.random' has no attribute 'cauchy'
vanilla,2,57,MPCA,runtime_error,AttributeError: module 'numpy.random' has no attribute 'cauchy'
vanilla,2,64,HDCA,runtime_error,AttributeError: module 'numpy.random' has no attribute 'cauchy'
vanilla,2,84,ADE_DCF,runtime_error,AttributeError: module 'numpy.random' has no attribute 'cauchy'
vanilla,2,104,ADCE,runtime_error,AttributeError: module 'numpy.random' has no attribute 'cauchy'
vanilla,2,105,IGTO,runtime_error,IndexError: index 2 is out of bounds for axis 0 with size 2
vanilla,2,116,EACDE,runtime_error,AttributeError: module 'numpy.random' has no attribute 'cauchy'
vanilla,2,155,ADCE,runtime_error,AttributeError: module 'numpy.random' has no attribute 'cauchy'
vanilla,2,157,AMDE,runtime_error,AttributeError: module 'numpy.random' has no attribute 'cauchy'
vanilla,2,159,LSHADE_BFGS,import_violation,scipy.optimize is currently not allowed to be imported in this framework.
vanilla,2,172,DGM_DE,runtime_error,AttributeError: module 'numpy.random' has no attribute 'cauchy'
vanilla,2,178,DMEDE,unclassified_success,ok
vanilla,2,182,SHADE_LSR_CML,runtime_error,AttributeError: module 'numpy.random' has no attribute 'cauchy'
vanilla,2,192,DGS_SHA,runtime_error,"ValueError: matmul: Input operand 1 has a mismatch in its core dimension 0, with gufunc signature (n?,k),(k,m?)->(n?,m?) (size 5 is different from 2)"
vanilla,2,228,ADCE,import_violation,scipy.optimize is currently not allowed to be imported in this framework.
vanilla,2,231,ADCE,runtime_error,AttributeError: module 'numpy.random' has no attribute 'cauchy'
vanilla,2,243,ADE_CDA,runtime_error,AttributeError: module 'numpy.random' has no attribute 'cauchy'
vanilla,2,245,ADE_CMGM,runtime_error,AttributeError: module 'numpy.random' has no attribute 'cauchy'
vanilla,2,251,LSHADE_BFGS,import_violation,scipy.optimize is currently not allowed to be imported in this framework.
vanilla,2,258,ADE_CLR,runtime_error,AttributeError: module 'numpy.random' has no attribute 'cauchy'
vanilla,2,263,SHCA,runtime_error,AttributeError: module 'numpy.random' has no attribute 'cauchy'
vanilla,2,285,IGSR,import_violation,scipy.optimize is currently not allowed to be imported in this framework.
vanilla,2,286,ADCE,runtime_error,AttributeError: module 'numpy.random' has no attribute 'cauchy'
vanilla,2,287,SHADE_LPSR_DGM,runtime_error,AttributeError: module 'numpy.random' has no attribute 'cauchy'
vanilla,2,288,ADCE,runtime_error,AttributeError: module 'numpy.random' has no attribute 'cauchy'
vanilla,2,301,DGMDE,runtime_error,AttributeError: module 'numpy.random' has no attribute 'cauchy'
vanilla,2,316,LSHADE_BFGS,import_violation,scipy.optimize is currently not allowed to be imported in this framework.
vanilla,2,317,DGS_CE,runtime_error,IndexError: list index out of range
vanilla,2,318,LSHADE_BFGS,import_violation,scipy.optimize is currently not allowed to be imported in this framework.
vanilla,2,329,ADCE,runtime_error,AttributeError: module 'numpy.random' has no attribute 'cauchy'
vanilla,2,338,ADE_OCS,runtime_error,AttributeError: module 'numpy.random' has no attribute 'cauchy'
vanilla,2,339,ADE_OLS,runtime_error,AttributeError: module 'numpy.random' has no attribute 'cauchy'
vanilla,2,342,DGM_DE,runtime_error,AttributeError: module 'numpy.random' has no attribute 'cauchy'
vanilla,2,351,SHADE_MSCE,runtime_error,AttributeError: module 'numpy.random' has no attribute 'cauchy'
vanilla,2,364,ADE_OLS,runtime_error,AttributeError: module 'numpy.random' has no attribute 'cauchy'
vanilla,2,368,SHADE_CML,runtime_error,AttributeError: module 'numpy.random' has no attribute 'cauchy'
vanilla,2,369,ADE_OPS,runtime_error,AttributeError: module 'numpy.random' has no attribute 'cauchy'
vanilla,2,373,ADE_ODM,runtime_error,AttributeError: module 'numpy.random' has no attribute 'cauchy'
vanilla,2,374,SHADE_OLR,runtime_error,AttributeError: module 'numpy.random' has no attribute 'cauchy'
vanilla,2,381,ADE_OTLS,runtime_error,AttributeError: module 'numpy.random' has no attribute 'cauchy'
vanilla,2,387,ADE_OCS,runtime_error,AttributeError: module 'numpy.random' has no attribute 'cauchy'
vanilla,2,400,SHADE_NDCA,runtime_error,AttributeError: module 'numpy.random' has no attribute 'cauchy'
vanilla,2,409,ADE_OTLS,runtime_error,AttributeError: module 'numpy.random' has no attribute 'cauchy'
vanilla,2,423,ADCE,runtime_error,AttributeError: module 'numpy.random' has no attribute 'cauchy'
vanilla,2,430,SHADE_BFGS,import_violation,scipy.optimize is currently not allowed to be imported in this framework.
vanilla,2,444,ADE_OCS,runtime_error,AttributeError: module 'numpy.random' has no attribute 'cauchy'
vanilla,2,450,ADE_OQNR,unclassified_success,ok
vanilla,2,468,ADCE,runtime_error,AttributeError: module 'numpy.random' has no attribute 'cauchy'
vanilla,2,472,ADE_OLS,runtime_error,AttributeError: module 'numpy.random' has no attribute 'cauchy'
vanilla,2,482,IG_DECA,runtime_error,AttributeError: module 'numpy.random' has no attribute 'cauchy'
vanilla,2,489,ADCE,runtime_error,AttributeError: module 'numpy.random' has no attribute 'cauchy'
vanilla,2,497,ADE_OCS,unclassified_success,ok
vanilla,3,21,IGOS_Optimizer,runtime_error,IndexError: index 2 is out of bounds for axis 0 with size 2
vanilla,3,35,DE_CMA_Optimizer,runtime_error,RecursionError: maximum recursion depth exceeded
vanilla,3,40,IG_MOS_Optimizer,runtime_error,IndexError: index 2 is out of bounds for axis 0 with size 2
vanilla,3,47,IG_MOS_Optimizer,runtime_error,IndexError: index 2 is out of bounds for axis 0 with size 2
vanilla,3,58,PHI_CMA_Optimizer,runtime_error,"ValueError: could not broadcast input array from shape (2,2) into shape (3,2)"
vanilla,3,66,IGSA_CMA_Optimizer,runtime_error,RecursionError: maximum recursion depth exceeded
vanilla,3,92,IG_SH_CMA,runtime_error,IndexError: index 2 is out of bounds for axis 0 with size 2
vanilla,3,112,DG_CMA,runtime_error,IndexError: index 2 is out of bounds for axis 0 with size 2
vanilla,3,114,IG_SH_CMA,runtime_error,"ValueError: could not broadcast input array from shape (2,2) into shape (0,2)"
vanilla,3,117,DE_CMA_Hybrid,runtime_error,"ValueError: could not broadcast input array from shape (2,2) into shape (3,2)"
vanilla,3,142,IGA_CMA,runtime_error,IndexError: index 5 is out of bounds for axis 0 with size 5
vanilla,3,147,IGA_CMA,runtime_error,IndexError: index 4 is out of bounds for axis 0 with size 4
vanilla,3,167,ADA_CMA,runtime_error,IndexError: index 2 is out of bounds for axis 0 with size 2
vanilla,3,169,DMEDE,runtime_error,AttributeError: module 'numpy.random' has no attribute 'cauchy'
vanilla,3,175,IGA_CMA,runtime_error,IndexError: index 5 is out of bounds for axis 0 with size 5
vanilla,3,178,AMO_CMA,runtime_error,IndexError: index 5 is out of bounds for axis 0 with size 5
vanilla,3,184,IGA_CMA,runtime_error,IndexError: index 2 is out of bounds for axis 0 with size 2
vanilla,3,199,IGA_CMA,runtime_error,IndexError: index 2 is out of bounds for axis 0 with size 2
vanilla,3,212,AD_CMA,runtime_error,"ValueError: matmul: Input operand 1 has a mismatch in its core dimension 0, with gufunc signature (n?,k),(k,m?)->(n?,m?) (size 3 is different from 2)"
vanilla,3,219,SHAL_CMA,import_violation,scipy.optimize is currently not allowed to be imported in this framework.
vanilla,3,221,IGA_CMA,runtime_error,IndexError: boolean index did not match indexed array along axis 1; size of axis is 2 but size of corresponding boolean axis is 3
vanilla,3,226,IGA_CMA,runtime_error,IndexError: index 5 is out of bounds for axis 0 with size 5
vanilla,3,228,IGA_CMA,runtime_error,IndexError: index 4 is out of bounds for axis 0 with size 4
vanilla,3,236,AD_CMA,runtime_error,RecursionError: maximum recursion depth exceeded
vanilla,3,247,DE_CMA,runtime_error,"ValueError: operands could not be broadcast together with shapes (2,) (2,6) "
vanilla,3,249,MO_CMA_ES,runtime_error,IndexError: index 5 is out of bounds for axis 0 with size 5
vanilla,3,290,IGA_CMA,runtime_error,IndexError: index 4 is out of bounds for axis 0 with size 4
vanilla,3,307,IGA_CMA,runtime_error,IndexError: index 2 is out of bounds for axis 0 with size 2
vanilla,3,314,ADP_CMA,runtime_error,IndexError: index 4 is out of bounds for axis 0 with size 4
vanilla,3,329,GlobalTrajectoryRefiner,runtime_error,AttributeError: module 'numpy' has no attribute 'math'
vanilla,3,330,DGESAD,runtime_error,AttributeError: module 'numpy.random' has no attribute 'cauchy'
vanilla,3,350,IGA_CMA,runtime_error,IndexError: index 2 is out of bounds for axis 0 with size 2
vanilla,3,370,IGA_CMA,runtime_error,IndexError: index 4 is out of bounds for axis 0 with size 4
vanilla,3,385,IGA_CMA,runtime_error,"ValueError: could not broadcast input array from shape (2,2) into shape (2,3)"
vanilla,3,398,HT_CMA_LBFGS,import_violation,scipy.optimize is currently not allowed to be imported in this framework.
vanilla,3,402,IGA_CMA,import_violation,scipy.stats is currently not allowed to be imported in this framework.
vanilla,3,433,ONE_CMA,runtime_error,IndexError: index 2 is out of bounds for axis 0 with size 2
vanilla,3,437,PADE_CMA,runtime_error,IndexError: index 4 is out of bounds for axis 0 with size 4
vanilla,3,443,IGA_CMA,runtime_error,RecursionError: maximum recursion depth exceeded
vanilla,3,445,IGA_CMA,runtime_error,IndexError: index 5 is out of bounds for axis 0 with size 5
vanilla,3,446,SDE_CMA_ES,runtime_error,IndexError: index 4 is out of bounds for axis 0 with size 4
vanilla,3,453,IGA_CMA,import_violation,scipy.optimize is currently not allowed to be imported in this framework.
vanilla,3,457,GE_CMA,runtime_error,IndexError: index 5 is out of bounds for axis 0 with size 5
vanilla,3,460,GEM_CMA,runtime_error,"ValueError: matmul: Input operand 1 has a mismatch in its core dimension 0, with gufunc signature (n?,k),(k,m?)->(n?,m?) (size 3 is different from 2)"
vanilla,3,469,AM_CMA,import_violation,scipy.stats is currently not allowed to be imported in this framework.
vanilla,3,470,GEM_CMA,runtime_error,"ValueError: could not broadcast input array from shape (2,2) into shape (2,3)"
vanilla,3,479,IGA_CMA,runtime_error,IndexError: index 2 is out of bounds for axis 0 with size 2
vanilla,3,482,AES_CMA,runtime_error,RecursionError: maximum recursion depth exceeded
vanilla,3,484,IGA_CMA,runtime_error,IndexError: index 4 is out of bounds for axis 0 with size 4
vanilla,4,22,IGSO,runtime_error,RecursionError: maximum recursion depth exceeded
vanilla,4,29,IGSO,runtime_error,AttributeError: module 'numpy.random' has no attribute 'cauchy'
vanilla,4,37,IGSO,runtime_error,AttributeError: module 'numpy.random' has no attribute 'cauchy'
vanilla,4,38,GFRMS,runtime_error,AttributeError: 'float' object has no attribute 'copy'
vanilla,4,44,IGSO,runtime_error,RecursionError: maximum recursion depth exceeded
vanilla,4,48,DECMA,runtime_error,RecursionError: maximum recursion depth exceeded
vanilla,4,52,ADE_CMM,runtime_error,AttributeError: module 'numpy.random' has no attribute 'cauchy'
vanilla,4,58,ACS_ES,runtime_error,RecursionError: maximum recursion depth exceeded
vanilla,4,60,ADMES,runtime_error,RecursionError: maximum recursion depth exceeded
vanilla,4,61,DE_CMA,runtime_error,RecursionError: maximum recursion depth exceeded
vanilla,4,62,ACS_CMA_ES,runtime_error,RecursionError: maximum recursion depth exceeded
vanilla,4,64,AOES,runtime_error,RecursionError: maximum recursion depth exceeded
vanilla,4,65,CMA_DAL,runtime_error,RecursionError: maximum recursion depth exceeded
vanilla,4,66,AOES,runtime_error,RecursionError: maximum recursion depth exceeded
vanilla,4,68,AOES,runtime_error,RecursionError: maximum recursion depth exceeded
vanilla,4,69,AOES,runtime_error,RecursionError: maximum recursion depth exceeded
vanilla,4,70,AOES,runtime_error,RecursionError: maximum recursion depth exceeded
vanilla,4,71,ACMES,runtime_error,RecursionError: maximum recursion depth exceeded
vanilla,4,72,AOES,runtime_error,RecursionError: maximum recursion depth exceeded
vanilla,4,74,AOES,runtime_error,RecursionError: maximum recursion depth exceeded
vanilla,4,75,AOES,runtime_error,RecursionError: maximum recursion depth exceeded
vanilla,4,76,AOES,runtime_error,RecursionError: maximum recursion depth exceeded
vanilla,4,78,AOES,runtime_error,RecursionError: maximum recursion depth exceeded
vanilla,4,79,AOES,runtime_error,RecursionError: maximum recursion depth exceeded
vanilla,4,80,DE_CMA,runtime_error,RecursionError: maximum recursion depth exceeded
vanilla,4,81,AOES,runtime_error,IndexError: index 2 is out of bounds for axis 1 with size 2
vanilla,4,82,AOES_DEM,runtime_error,RecursionError: maximum recursion depth exceeded
vanilla,4,83,AOES,runtime_error,RecursionError: maximum recursion depth exceeded
vanilla,4,85,ACDCE,runtime_error,RecursionError: maximum recursion depth exceeded
vanilla,4,86,AOES,runtime_error,RecursionError: maximum recursion depth exceeded
vanilla,4,88,AOES,runtime_error,RecursionError: maximum recursion depth exceeded
vanilla,4,89,DECMA,runtime_error,RecursionError: maximum recursion depth exceeded
vanilla,4,90,CMA_ES_MOA,runtime_error,IndexError: index 2 is out of bounds for axis 1 with size 2
vanilla,4,92,ADOS,runtime_error,RecursionError: maximum recursion depth exceeded
vanilla,4,93,DCA,runtime_error,RecursionError: maximum recursion depth exceeded
vanilla,4,95,AOES,runtime_error,RecursionError: maximum recursion depth exceeded
vanilla,4,96,DECH,runtime_error,RecursionError: maximum recursion depth exceeded
vanilla,4,97,SHADE_MNS,runtime_error,AttributeError: module 'numpy.random' has no attribute 'cauchy'
vanilla,4,98,AOES,runtime_error,RecursionError: maximum recursion depth exceeded
vanilla,4,99,AOES,runtime_error,IndexError: index 3 is out of bounds for axis 0 with size 3
vanilla,4,100,AOES,runtime_error,RecursionError: maximum recursion depth exceeded
vanilla,4,101,AOES,runtime_error,RecursionError: maximum recursion depth exceeded
vanilla,4,102,AOES,runtime_error,RecursionError: maximum recursion depth exceeded
vanilla,4,104,DCA,runtime_error,RecursionError: maximum recursion depth exceeded
vanilla,4,105,AOES,import_violation,scipy.optimize is currently not allowed to be imported in this framework.
vanilla,4,106,AOES,runtime_error,RecursionError: maximum recursion depth exceeded
vanilla,4,107,AOES,runtime_error,RecursionError: maximum recursion depth exceeded
vanilla,4,110,AOES,runtime_error,RecursionError: maximum recursion depth exceeded
vanilla,4,111,AOES,runtime_error,RecursionError: maximum recursion depth exceeded
vanilla,4,112,ACSES,runtime_error,RecursionError: maximum recursion depth exceeded
vanilla,4,114,ACDES,runtime_error,RecursionError: maximum recursion depth exceeded
vanilla,4,115,AOES,runtime_error,RecursionError: maximum recursion depth exceeded
vanilla,4,116,AOES,runtime_error,RecursionError: maximum recursion depth exceeded
vanilla,4,117,AOES,runtime_error,RecursionError: maximum recursion depth exceeded
vanilla,4,120,AOES,runtime_error,RecursionError: maximum recursion depth exceeded
vanilla,4,121,MCSHA,runtime_error,RecursionError: maximum recursion depth exceeded
vanilla,4,122,DE_CMA,runtime_error,RecursionError: maximum recursion depth exceeded
vanilla,4,123,MOS_CMA,runtime_error,RecursionError: maximum recursion depth exceeded
vanilla,4,124,HM_CMA_ES,runtime_error,RecursionError: maximum recursion depth exceeded
vanilla,4,125,ACMAMOS,runtime_error,RecursionError: maximum recursion depth exceeded
vanilla,4,127,DECMA,runtime_error,RecursionError: maximum recursion depth exceeded
vanilla,4,128,AOES,runtime_error,RecursionError: maximum recursion depth exceeded
vanilla,4,129,AOES,runtime_error,RecursionError: maximum recursion depth exceeded
vanilla,4,130,AOES,runtime_error,RecursionError: maximum recursion depth exceeded
vanilla,4,132,DECMA,runtime_error,RecursionError: maximum recursion depth exceeded
vanilla,4,133,AOES,runtime_error,RecursionError: maximum recursion depth exceeded
vanilla,4,135,AOES,runtime_error,RecursionError: maximum recursion depth exceeded
vanilla,4,136,MS_CMA_ES,runtime_error,RecursionError: maximum recursion depth exceeded
vanilla,4,138,,code_generation,"invalid syntax (<unknown>, line 3)"
vanilla,4,139,ADERC,runtime_error,UnboundLocalError: cannot access local variable 'BD' where it is not associated with a value
vanilla,4,140,DE_CMA,runtime_error,RecursionError: maximum recursion depth exceeded
vanilla,4,142,IG_HACD,runtime_error,RecursionError: maximum recursion depth exceeded
vanilla,4,143,DE_ES,runtime_error,RecursionError: maximum recursion depth exceeded
vanilla,4,144,HM_ESDA,runtime_error,RecursionError: maximum recursion depth exceeded
vanilla,4,145,AP_CMA_MLS,runtime_error,RecursionError: maximum recursion depth exceeded
vanilla,4,146,ARU_CMA,runtime_error,RecursionError: maximum recursion depth exceeded
vanilla,4,147,AMD_CMA,runtime_error,RecursionError: maximum recursion depth exceeded
vanilla,4,148,ADP_CMA,runtime_error,RecursionError: maximum recursion depth exceeded
vanilla,4,149,DCMA_SHSA,runtime_error,RecursionError: maximum recursion depth exceeded
vanilla,4,151,AOES,runtime_error,RecursionError: maximum recursion depth exceeded
vanilla,4,153,NPCMAES,runtime_error,RecursionError: maximum recursion depth exceeded
vanilla,4,154,AOES,runtime_error,RecursionError: maximum recursion depth exceeded
vanilla,4,155,HM_CMA_ES,runtime_error,RecursionError: maximum recursion depth exceeded
vanilla,4,156,HMC_ALS,import_violation,scipy.optimize is currently not allowed to be imported in this framework.
vanilla,4,157,LDE_CMA_ES,runtime_error,RecursionError: maximum recursion depth exceeded
vanilla,4,158,DECMA,runtime_error,RecursionError: maximum recursion depth exceeded
vanilla,4,159,AMS_CMA,runtime_error,RecursionError: maximum recursion depth exceeded
vanilla,4,161,AOES,runtime_error,IndexError: index 2 is out of bounds for axis 0 with size 2
vanilla,4,162,IGES,runtime_error,RecursionError: maximum recursion depth exceeded
vanilla,4,163,DE_CMA_PD,runtime_error,RecursionError: maximum recursion depth exceeded
vanilla,4,164,IGES_LS,runtime_error,RecursionError: maximum recursion depth exceeded
vanilla,4,165,DECH,runtime_error,RecursionError: maximum recursion depth exceeded
vanilla,4,167,AOES,runtime_error,RecursionError: maximum recursion depth exceeded
vanilla,4,168,AOM_CMA,runtime_error,RecursionError: maximum recursion depth exceeded
vanilla,4,171,AOC_LSS,runtime_error,RecursionError: maximum recursion depth exceeded
vanilla,4,172,HM_CMA_ES,runtime_error,RecursionError: maximum recursion depth exceeded
vanilla,4,173,ADPES,runtime_error,RecursionError: maximum recursion depth exceeded
vanilla,4,174,ACMOS,runtime_error,"ValueError: operands could not be broadcast together with shapes (2,2) (3,1) "
vanilla,4,177,DSA_MOS,runtime_error,RecursionError: maximum recursion depth exceeded
vanilla,4,181,AMOS_LD,runtime_error,RecursionError: maximum recursion depth exceeded
vanilla,4,182,AOES,runtime_error,RecursionError: maximum recursion depth exceeded
vanilla,4,183,IGES_Mirror,runtime_error,RecursionError: maximum recursion depth exceeded
vanilla,4,185,DECMA,runtime_error,RecursionError: maximum recursion depth exceeded
vanilla,4,186,AMOS_CMA,runtime_error,RecursionError: maximum recursion depth exceeded
vanilla,4,187,AOES,runtime_error,RecursionError: maximum recursion depth exceeded
vanilla,4,189,HM_CMA_ES,runtime_error,RecursionError: maximum recursion depth exceeded
vanilla,4,190,IGES,runtime_error,RecursionError: maximum recursion depth exceeded
vanilla,4,192,DECMA,runtime_error,RecursionError: maximum recursion depth exceeded
vanilla,4,193,HMS_ES,runtime_error,RecursionError: maximum recursion depth exceeded
vanilla,4,194,AOMS_DPS,runtime_error,RecursionError: maximum recursion depth exceeded
vanilla,4,196,DECMA_Optimizer,runtime_error,RecursionError: maximum recursion depth exceeded
vanilla,4,197,AOES,runtime_error,RecursionError: maximum recursion depth exceeded
vanilla,4,198,HMOSAR,runtime_error,RecursionError: maximum recursion depth exceeded
vanilla,4,199,AOES,runtime_error,RecursionError: maximum recursion depth exceeded
vanilla,4,200,DECMA,runtime_error,RecursionError: maximum recursion depth exceeded
vanilla,4,201,IGES,runtime_error,RecursionError: maximum recursion depth exceeded
vanilla,4,202,HM_CMA_ES,runtime_error,RecursionError: maximum recursion depth exceeded
vanilla,4,205,AMS_CMAES,runtime_error,RecursionError: maximum recursion depth exceeded
vanilla,4,206,IGES,runtime_error,RecursionError: maximum recursion depth exceeded
vanilla,4,207,DECH,runtime_error,RecursionError: maximum recursion depth exceeded
vanilla,4,210,ADS_CMA,runtime_error,RecursionError: maximum recursion depth exceeded
vanilla,4,211,DECMA,runtime_error,RecursionError: maximum recursion depth exceeded
vanilla,4,212,IGES_CMA,runtime_error,RecursionError: maximum recursion depth exceeded
vanilla,4,213,AOES,runtime_error,RecursionError: maximum recursion depth exceeded
vanilla,4,214,ADPES,runtime_error,RecursionError: maximum recursion depth exceeded
vanilla,4,215,AOES,runtime_error,RecursionError: maximum recursion depth exceeded
vanilla,4,217,HCMA_DEM,runtime_error,RecursionError: maximum recursion depth exceeded
vanilla,4,218,AOES,runtime_error,RecursionError: maximum recursion depth exceeded
vanilla,4,220,AOES,runtime_error,RecursionError: maximum recursion depth exceeded
vanilla,4,222,HM_ADPS,runtime_error,RecursionError: maximum recursion depth exceeded
vanilla,4,223,DE_CMA_SH,runtime_error,RecursionError: maximum recursion depth exceeded
vanilla,4,225,AOES,runtime_error,RecursionError: maximum recursion depth exceeded
vanilla,4,227,DECMA_LPD,runtime_error,RecursionError: maximum recursion depth exceeded
vanilla,4,228,DECMA,runtime_error,RecursionError: maximum recursion depth exceeded
vanilla,4,229,AOES,runtime_error,RecursionError: maximum recursion depth exceeded
vanilla,4,230,AMS_CMA,runtime_error,RecursionError: maximum recursion depth exceeded
vanilla,4,231,HM_CMA_ES,runtime_error,RecursionError: maximum recursion depth exceeded
vanilla,4,233,AOES,runtime_error,RecursionError: maximum recursion depth exceeded
vanilla,4,234,ADE_CMA,runtime_error,RecursionError: maximum recursion depth exceeded
vanilla,4,236,DE_CMA_STAR,runtime_error,RecursionError: maximum recursion depth exceeded
vanilla,4,237,AOES,runtime_error,RecursionError: maximum recursion depth exceeded
vanilla,4,238,DECMA,runtime_error,RecursionError: maximum recursion depth exceeded
vanilla,4,239,SH_CMA,runtime_error,RecursionError: maximum recursion depth exceeded
vanilla,4,240,DECMA,runtime_error,RecursionError: maximum recursion depth exceeded
vanilla,4,241,HAPS,runtime_error,RecursionError: maximum recursion depth exceeded
vanilla,4,242,DECMA_PD,runtime_error,RecursionError: maximum recursion depth exceeded
vanilla,4,244,AMS_CMA,runtime_error,RecursionError: maximum recursion depth exceeded
vanilla,4,245,HMES,runtime_error,RecursionError: maximum recursion depth exceeded
vanilla,4,246,ACDIR,runtime_error,RecursionError: maximum recursion depth exceeded
vanilla,4,248,AOES,runtime_error,RecursionError: maximum recursion depth exceeded
vanilla,4,249,HybridActiveCMA,runtime_error,RecursionError: maximum recursion depth exceeded
vanilla,4,250,AOCMA_ES,runtime_error,RecursionError: maximum recursion depth exceeded
vanilla,4,254,AH_CMA,runtime_error,RecursionError: maximum recursion depth exceeded
vanilla,4,256,HACMABPOP,runtime_error,RecursionError: maximum recursion depth exceeded
vanilla,4,257,DECMA,runtime_error,RecursionError: maximum recursion depth exceeded
vanilla,4,259,ACMA_ES,runtime_error,RecursionError: maximum recursion depth exceeded
vanilla,4,260,DCMAES,runtime_error,RecursionError: maximum recursion depth exceeded
vanilla,4,261,APMOS_CMAES,runtime_error,RecursionError: maximum recursion depth exceeded
vanilla,4,262,DE_CMA,runtime_error,RecursionError: maximum recursion depth exceeded
vanilla,4,264,DECMA,runtime_error,RecursionError: maximum recursion depth exceeded
vanilla,4,265,AMOS_CMA,runtime_error,RecursionError: maximum recursion depth exceeded
vanilla,4,266,OM_CMA,runtime_error,RecursionError: maximum recursion depth exceeded
vanilla,4,268,AP_MALR,runtime_error,RecursionError: maximum recursion depth exceeded
vanilla,4,270,DECMA,runtime_error,RecursionError: maximum recursion depth exceeded
vanilla,4,272,AOES,runtime_error,RecursionError: maximum recursion depth exceeded
vanilla,4,275,AMOS_EPI,runtime_error,RecursionError: maximum recursion depth exceeded
vanilla,4,276,DE_CMA_ER,runtime_error,RecursionError: maximum recursion depth exceeded
vanilla,4,278,ALSI_CMA,runtime_error,RecursionError: maximum recursion depth exceeded
vanilla,4,279,DECMA,runtime_error,RecursionError: maximum recursion depth exceeded
vanilla,4,280,AOES,runtime_error,RecursionError: maximum recursion depth exceeded
vanilla,4,281,MCMA_LS,runtime_error,RecursionError: maximum recursion depth exceeded
vanilla,4,282,AOES,runtime_error,RecursionError: maximum recursion depth exceeded
vanilla,4,283,CMA_MLR,runtime_error,RecursionError: maximum recursion depth exceeded
vanilla,4,284,AOES,runtime_error,RecursionError: maximum recursion depth exceeded
vanilla,4,285,HMCMA_DML,runtime_error,RecursionError: maximum recursion depth exceeded
vanilla,4,286,IG_AHT,runtime_error,RecursionError: maximum recursion depth exceeded
vanilla,4,287,ASH_CMA_ES,runtime_error,RecursionError: maximum recursion depth exceeded
vanilla,4,288,AOSES,runtime_error,RecursionError: maximum recursion depth exceeded
vanilla,4,289,MOS_CMA,runtime_error,RecursionError: maximum recursion depth exceeded
vanilla,4,290,AOES,runtime_error,RecursionError: maximum recursion depth exceeded
vanilla,4,293,AOES,runtime_error,RecursionError: maximum recursion depth exceeded
vanilla,4,297,HM_CMA_ES,runtime_error,RecursionError: maximum recursion depth exceeded
vanilla,4,298,DE_ES,runtime_error,RecursionError: maximum recursion depth exceeded
vanilla,4,299,AOC_ES,runtime_error,RecursionError: maximum recursion depth exceeded
vanilla,4,300,AMR_CMA,runtime_error,RecursionError: maximum recursion depth exceeded
vanilla,4,301,AOES,runtime_error,RecursionError: maximum recursion depth exceeded
vanilla,4,302,DECMA,runtime_error,RecursionError: maximum recursion depth exceeded
vanilla,4,303,AOCMA_ES,runtime_error,RecursionError: maximum recursion depth exceeded
vanilla,4,304,HDSSA_CMA,runtime_error,RecursionError: maximum recursion depth exceeded
vanilla,4,305,ADPES,runtime_error,RecursionError: maximum recursion depth exceeded
vanilla,4,306,AMS_ES,runtime_error,RecursionError: maximum recursion depth exceeded
vanilla,4,307,IGES_HCD,runtime_error,RecursionError: maximum recursion depth exceeded
vanilla,4,308,HybridMOS_CMAES,runtime_error,RecursionError: maximum recursion depth exceeded
vanilla,4,310,DECMA,runtime_error,RecursionError: maximum recursion depth exceeded
vanilla,4,312,HM_ESDA,runtime_error,RecursionError: maximum recursion depth exceeded
vanilla,4,313,HM_EDA,runtime_error,RecursionError: maximum recursion depth exceeded
vanilla,4,314,DE_ES,runtime_error,RecursionError: maximum recursion depth exceeded
vanilla,4,316,ASH_CMA,runtime_error,RecursionError: maximum recursion depth exceeded
vanilla,4,317,APMOS_CMAES,runtime_error,RecursionError: maximum recursion depth exceeded
vanilla,4,318,DECH,runtime_error,RecursionError: maximum recursion depth exceeded
vanilla,4,319,ADGES,runtime_error,RecursionError: maximum recursion depth exceeded
vanilla,4,320,IGES,runtime_error,RecursionError: maximum recursion depth exceeded
vanilla,4,321,AP_MOSA,runtime_error,RecursionError: maximum recursion depth exceeded
vanilla,4,322,AOCMA_MS,runtime_error,RecursionError: maximum recursion depth exceeded
vanilla,4,325,MSAC_CMA,runtime_error,RecursionError: maximum recursion depth exceeded
vanilla,4,327,IGES,runtime_error,RecursionError: maximum recursion depth exceeded
vanilla,4,328,DECMA,runtime_error,RecursionError: maximum recursion depth exceeded
vanilla,4,329,AOES,runtime_error,RecursionError: maximum recursion depth exceeded
vanilla,4,330,AMS_CMA,runtime_error,RecursionError: maximum recursion depth exceeded
vanilla,4,332,AOES,runtime_error,RecursionError: maximum recursion depth exceeded
vanilla,4,333,ACMABIP,runtime_error,RecursionError: maximum recursion depth exceeded
vanilla,4,334,AOES,runtime_error,RecursionError: maximum recursion depth exceeded
vanilla,4,335,AMS_CMA_ES,runtime_error,RecursionError: maximum recursion depth exceeded
vanilla,4,336,AH_CMA,runtime_error,RecursionError: maximum recursion depth exceeded
vanilla,4,337,ASH_CMA,runtime_error,RecursionError: maximum recursion depth exceeded
vanilla,4,338,ACMA_DSA,runtime_error,RecursionError: maximum recursion depth exceeded
vanilla,4,340,AOCMA_ES,runtime_error,RecursionError: maximum recursion depth exceeded
vanilla,4,341,AOES,runtime_error,RecursionError: maximum recursion depth exceeded
vanilla,4,342,DECMA,runtime_error,RecursionError: maximum recursion depth exceeded
vanilla,4,344,ASH_CMA,runtime_error,RecursionError: maximum recursion depth exceeded
vanilla,4,345,AOES,runtime_error,RecursionError: maximum recursion depth exceeded
vanilla,4,346,AH_CMA,runtime_error,RecursionError: maximum recursion depth exceeded
vanilla,4,347,AMOS_DPR,runtime_error,RecursionError: maximum recursion depth exceeded
vanilla,4,348,HM_CMA,runtime_error,RecursionError: maximum recursion depth exceeded
vanilla,4,349,AOES,runtime_error,RecursionError: maximum recursion depth exceeded
vanilla,4,352,AP_MOSA,runtime_error,RecursionError: maximum recursion depth exceeded
vanilla,4,353,HM_CMAES,runtime_error,RecursionError: maximum recursion depth exceeded
vanilla,4,356,DE_ES,runtime_error,RecursionError: maximum recursion depth exceeded
vanilla,4,357,LGDA_CMA,runtime_error,RecursionError: maximum recursion depth exceeded
vanilla,4,359,DE_ES,runtime_error,RecursionError: maximum recursion depth exceeded
vanilla,4,360,AH_CMA,runtime_error,RecursionError: maximum recursion depth exceeded
vanilla,4,362,HMDCMA,runtime_error,RecursionError: maximum recursion depth exceeded
vanilla,4,363,ADP_CMA,runtime_error,RecursionError: maximum recursion depth exceeded
vanilla,4,365,DECMA,runtime_error,RecursionError: maximum recursion depth exceeded
vanilla,4,366,AS_CMA,runtime_error,RecursionError: maximum recursion depth exceeded
vanilla,4,368,IGES_AHT,runtime_error,RecursionError: maximum recursion depth exceeded
vanilla,4,369,AOES,runtime_error,RecursionError: maximum recursion depth exceeded
vanilla,4,371,AP_MOS_LDS,runtime_error,RecursionError: maximum recursion depth exceeded
vanilla,4,372,AP_MOS,runtime_error,RecursionError: maximum recursion depth exceeded
vanilla,4,373,AOES,runtime_error,RecursionError: maximum recursion depth exceeded
vanilla,4,375,AOES,runtime_error,RecursionError: maximum recursion depth exceeded
vanilla,4,376,IG_AHS,runtime_error,RecursionError: maximum recursion depth exceeded
vanilla,4,377,HybridMACMA,runtime_error,RecursionError: maximum recursion depth exceeded
vanilla,4,378,AOES,runtime_error,RecursionError: maximum recursion depth exceeded
vanilla,4,380,SH_CMA,runtime_error,RecursionError: maximum recursion depth exceeded
vanilla,4,381,HMES_DA,runtime_error,RecursionError: maximum recursion depth exceeded
vanilla,4,382,AH_CMA,runtime_error,RecursionError: maximum recursion depth exceeded
vanilla,4,383,AOES,runtime_error,RecursionError: maximum recursion depth exceeded
vanilla,4,384,AOES,runtime_error,RecursionError: maximum recursion depth exceeded
vanilla,4,388,HDS_LS,runtime_error,RecursionError: maximum recursion depth exceeded
vanilla,4,389,ADP_CMA,runtime_error,RecursionError: maximum recursion depth exceeded
vanilla,4,390,ADPES,runtime_error,RecursionError: maximum recursion depth exceeded
vanilla,4,391,DE_CMA_Hybrid,runtime_error,RecursionError: maximum recursion depth exceeded
vanilla,4,392,HMS_CMA,runtime_error,RecursionError: maximum recursion depth exceeded
vanilla,4,393,AMS_CMA_ES,runtime_error,RecursionError: maximum recursion depth exceeded
vanilla,4,396,AOES,runtime_error,RecursionError: maximum recursion depth exceeded
vanilla,4,397,HybridMirroredCMA,runtime_error,RecursionError: maximum recursion depth exceeded
vanilla,4,398,DE_CMA,runtime_error,RecursionError: maximum recursion depth exceeded
vanilla,4,399,HD_CMA,runtime_error,RecursionError: maximum recursion depth exceeded
vanilla,4,400,AOES,runtime_error,RecursionError: maximum recursion depth exceeded
vanilla,4,402,ADC_ES,runtime_error,RecursionError: maximum recursion depth exceeded
vanilla,4,403,ADPMOS,runtime_error,RecursionError: maximum recursion depth exceeded
vanilla,4,405,IG_HTES,runtime_error,RecursionError: maximum recursion depth exceeded
vanilla,4,406,AM_CMA_MR,runtime_error,RecursionError: maximum recursion depth exceeded
vanilla,4,407,MOS_LSH_CMA,runtime_error,RecursionError: maximum recursion depth exceeded
vanilla,4,408,HybridCMAES,runtime_error,RecursionError: maximum recursion depth exceeded
vanilla,4,409,SH_CMA,runtime_error,RecursionError: maximum recursion depth exceeded
vanilla,4,410,HCMA_DM,runtime_error,RecursionError: maximum recursion depth exceeded
vanilla,4,411,IGES_MO,runtime_error,RecursionError: maximum recursion depth exceeded
vanilla,4,413,HD_CMA,runtime_error,RecursionError: maximum recursion depth exceeded
vanilla,4,414,DE_G_CMA,runtime_error,RecursionError: maximum recursion depth exceeded
vanilla,4,415,AOES,runtime_error,RecursionError: maximum recursion depth exceeded
vanilla,4,416,AOES,runtime_error,RecursionError: maximum recursion depth exceeded
vanilla,4,417,SH_CMA,runtime_error,RecursionError: maximum recursion depth exceeded
vanilla,4,418,AHES,runtime_error,RecursionError: maximum recursion depth exceeded
vanilla,4,419,AMOS_CMA,runtime_error,RecursionError: maximum recursion depth exceeded
vanilla,4,421,AOES,runtime_error,RecursionError: maximum recursion depth exceeded
vanilla,4,422,HM_EDA,runtime_error,RecursionError: maximum recursion depth exceeded
vanilla,4,424,AOES,runtime_error,RecursionError: maximum recursion depth exceeded
vanilla,4,425,IGES,runtime_error,RecursionError: maximum recursion depth exceeded
vanilla,4,426,ASH_CMA,runtime_error,RecursionError: maximum recursion depth exceeded
vanilla,4,427,AOES,runtime_error,RecursionError: maximum recursion depth exceeded
vanilla,4,430,DECH,runtime_error,RecursionError: maximum recursion depth exceeded
vanilla,4,431,HCMA_LCD,runtime_error,RecursionError: maximum recursion depth exceeded
vanilla,4,432,ADP_CMA,runtime_error,UnboundLocalError: cannot access local variable 'BD' where it is not associated with a value
vanilla,4,434,AOES,runtime_error,RecursionError: maximum recursion depth exceeded
vanilla,4,435,HM_CMA_ES,runtime_error,RecursionError: maximum recursion depth exceeded
vanilla,4,436,DE_CMA,runtime_error,RecursionError: maximum recursion depth exceeded
vanilla,4,439,AMOS_CMA,runtime_error,RecursionError: maximum recursion depth exceeded
vanilla,4,440,MOCMA,runtime_error,RecursionError: maximum recursion depth exceeded
vanilla,4,441,AMS_ES,runtime_error,RecursionError: maximum recursion depth exceeded
vanilla,4,442,AOES,runtime_error,RecursionError: maximum recursion depth exceeded
vanilla,4,443,LCD_CMA,runtime_error,RecursionError: maximum recursion depth exceeded
vanilla,4,444,DECMA,runtime_error,RecursionError: maximum recursion depth exceeded
vanilla,4,446,DE_ES,runtime_error,RecursionError: maximum recursion depth exceeded
vanilla,4,448,MF_MSCMA,runtime_error,RecursionError: maximum recursion depth exceeded
vanilla,4,449,HMS_CMA,runtime_error,RecursionError: maximum recursion depth exceeded
vanilla,4,450,ADP_CMA,runtime_error,RecursionError: maximum recursion depth exceeded
vanilla,4,451,CMA_DMOS,runtime_error,RecursionError: maximum recursion depth exceeded
vanilla,4,452,IGES_AHT,runtime_error,RecursionError: maximum recursion depth exceeded
vanilla,4,454,DE_ES,runtime_error,RecursionError: maximum recursion depth exceeded
vanilla,4,455,APMOS_CMAES,runtime_error,RecursionError: maximum recursion depth exceeded
vanilla,4,456,IGES,runtime_error,RecursionError: maximum recursion depth exceeded
vanilla,4,457,SH_CMA,runtime_error,RecursionError: maximum recursion depth exceeded
vanilla,4,458,HCMA_SMDR,runtime_error,RecursionError: maximum recursion depth exceeded
vanilla,4,459,DECH,runtime_error,RecursionError: maximum recursion depth exceeded
vanilla,4,460,DE_ES,runtime_error,RecursionError: maximum recursion depth exceeded
vanilla,4,462,AOES,runtime_error,RecursionError: maximum recursion depth exceeded
vanilla,4,463,AOES,runtime_error,RecursionError: maximum recursion depth exceeded
vanilla,4,464,DE_CMA,runtime_error,RecursionError: maximum recursion depth exceeded
vanilla,4,465,DECMA,runtime_error,RecursionError: maximum recursion depth exceeded
vanilla,4,466,AOES,runtime_error,RecursionError: maximum recursion depth exceeded
vanilla,4,468,ADGES,runtime_error,RecursionError: maximum recursion depth exceeded
vanilla,4,469,DE_CMA,runtime_error,RecursionError: maximum recursion depth exceeded
vanilla,4,470,APMOS_CMAES,runtime_error,RecursionError: maximum recursion depth exceeded
vanilla,4,471,AOES,runtime_error,RecursionError: maximum recursion depth exceeded
vanilla,4,472,AH_CMA,runtime_error,RecursionError: maximum recursion depth exceeded
vanilla,4,473,AOC_ES,runtime_error,RecursionError: maximum recursion depth exceeded
vanilla,4,474,SHADE_LF,runtime_error,AttributeError: module 'numpy' has no attribute 'math'
vanilla,4,475,AOES,runtime_error,IndexError: index 2 is out of bounds for axis 1 with size 2
vanilla,4,476,HMS_ES,runtime_error,RecursionError: maximum recursion depth exceeded
vanilla,4,477,DECMA,runtime_error,RecursionError: maximum recursion depth exceeded
vanilla,4,479,AOES,runtime_error,RecursionError: maximum recursion depth exceeded
vanilla,4,480,AOES,runtime_error,RecursionError: maximum recursion depth exceeded
vanilla,4,481,AOES,runtime_error,RecursionError: maximum recursion depth exceeded
vanilla,4,482,AP_CMA_MLS,runtime_error,RecursionError: maximum recursion depth exceeded
vanilla,4,483,DE_CMA_Hybrid,runtime_error,RecursionError: maximum recursion depth exceeded
vanilla,4,484,AMS_CMA,runtime_error,RecursionError: maximum recursion depth exceeded
vanilla,4,485,DECMA,runtime_error,RecursionError: maximum recursion depth exceeded
vanilla,4,486,DACS_CMA,runtime_error,RecursionError: maximum recursion depth exceeded
vanilla,4,488,ANES_MOS,runtime_error,RecursionError: maximum recursion depth exceeded
vanilla,4,489,DECMA,runtime_error,RecursionError: maximum recursion depth exceeded
vanilla,4,490,ADE_CMA,runtime_error,RecursionError: maximum recursion depth exceeded
vanilla,4,491,HM_CMA_ES,runtime_error,RecursionError: maximum recursion depth exceeded
vanilla,4,493,HCMAES,runtime_error,RecursionError: maximum recursion depth exceeded
vanilla,4,494,AOES,runtime_error,RecursionError: maximum recursion depth exceeded
vanilla,5,7,SHADE_CLR_Optimizer,runtime_error,AttributeError: module 'numpy.random' has no attribute 'cauchy'
vanilla,5,9,SHADE_SCA_Optimizer,runtime_error,AttributeError: module 'numpy.random' has no attribute 'cauchy'
vanilla,5,12,SH_CMA_DE_Optimizer,runtime_error,NameError: name 'floor' is not defined
vanilla,5,14,SHADE_CA_Optimizer,runtime_error,AttributeError: module 'numpy.random' has no attribute 'cauchy'
vanilla,5,22,ADDE_Optimizer,runtime_error,AttributeError: module 'numpy.random' has no attribute 'cauchy'
vanilla,5,25,ADE_CML_Optimizer,unclassified_success,ok
vanilla,5,27,CML_DE_Optimizer,runtime_error,AttributeError: module 'numpy.random' has no attribute 'cauchy'
vanilla,5,30,DE_CIMA_Optimizer,runtime_error,AttributeError: module 'numpy.random' has no attribute 'cauchy'
vanilla,5,43,ACM_DE_Optimizer,runtime_error,AttributeError: module 'numpy.random' has no attribute 'cauchy'
vanilla,5,45,DE_ICA_Optimizer,runtime_error,AttributeError: module 'numpy.random' has no attribute 'cauchy'
vanilla,5,46,DE_ICA_Optimizer,runtime_error,AttributeError: module 'numpy.random' has no attribute 'cauchy'
vanilla,5,47,DE_ICA_Optimizer,runtime_error,AttributeError: module 'numpy.random' has no attribute 'cauchy'
vanilla,5,52,DE_ICA_Optimizer,runtime_error,RecursionError: maximum recursion depth exceeded
vanilla,5,55,DE_ICA_Optimizer,runtime_error,IndexError: index 27 is out of bounds for axis 0 with size 22
vanilla,5,83,CDTS_Optimizer,runtime_error,RecursionError: maximum recursion depth exceeded
vanilla,5,86,ADE_EST_Optimizer,unclassified_success,ok
vanilla,5,134,ADE_DualMemory_EVO,runtime_error,UnboundLocalError: cannot access local variable 'eigen_vecs' where it is not associated with a value
vanilla,5,159,CEGSS_Optimizer,import_violation,scipy.stats is currently not allowed to be imported in this framework.
vanilla,5,177,MSPD_Optimizer,import_violation,scipy.stats is currently not allowed to be imported in this framework.
vanilla,5,221,AOSD_Optimizer,runtime_error,"ValueError: operands could not be broadcast together with shapes (2,) (2,5) "
vanilla,5,243,L_SHADE_CML_Optimizer,runtime_error,UnboundLocalError: cannot access local variable 'B' where it is not associated with a value
vanilla,5,245,GSHADE_CMA_Optimizer,import_violation,scipy.optimize is currently not allowed to be imported in this framework.
vanilla,5,305,DLAE_Optimizer,runtime_error,RecursionError: maximum recursion depth exceeded
vanilla,5,322,CR_SHA_Optimizer,runtime_error,RecursionError: maximum recursion depth exceeded
vanilla,5,346,AOSS_Optimizer,unclassified_success,ok
vanilla,5,352,DIG_Optimizer,import_violation,scipy.linalg is currently not allowed to be imported in this framework.
vanilla,5,380,AHCDE_Optimizer,runtime_error,RecursionError: maximum recursion depth exceeded
vanilla,5,399,IGTO_Optimizer,import_violation,scipy.linalg is currently not allowed to be imported in this framework.
vanilla,5,460,ESHADE_RCLS,code_generation,"cannot use assignment expressions with comparison (<unknown>, line 116)"
vanilla,6,13,CMA_LSHADE,runtime_error,AttributeError: module 'numpy' has no attribute 'math'
vanilla,6,45,MASH_DE,runtime_error,"ValueError: matmul: Input operand 1 has a mismatch in its core dimension 0, with gufunc signature (n?,k),(k,m?)->(n?,m?) (size 12 is different from 11)"
vanilla,6,75,DGS_SSE,interface_mismatch,__call__ failed: cannot unpack non-iterable float object
vanilla,6,104,ECI_SHADE,code_generation,"cannot use assignment expressions with expression (<unknown>, line 26)"
vanilla,6,108,EADE_A,unclassified_success,ok
vanilla,6,109,ACIDE,code_generation,"cannot use assignment expressions with expression (<unknown>, line 22)"
vanilla,6,180,DE_CGAM,code_generation,"cannot use assignment expressions with expression (<unknown>, line 26)"
vanilla,6,215,ACIDE,code_generation,"cannot use assignment expressions with expression (<unknown>, line 26)"
vanilla,6,238,GFRD,runtime_error,RecursionError: maximum recursion depth exceeded
vanilla,6,258,OBM_DE,unclassified_success,ok
vanilla,6,261,OBM_DE,runtime_error,"ValueError: operands could not be broadcast together with shapes (2,17) (2,2) "
vanilla,6,280,ADE_DESL,runtime_error,AttributeError: module 'numpy.random' has no attribute 'cauchy'
vanilla,6,287,AR_SHADE_Cov,unclassified_success,ok
vanilla,6,297,DE_HBA,runtime_error,ValueError: setting an array element with a sequence.
vanilla,6,302,DM_DE,unclassified_success,ok
vanilla,6,354,ESHADE_LS,runtime_error,IndexError: invalid index to scalar variable.
vanilla,6,374,MSDS_TR_Optimizer,import_violation,scipy.optimize is currently not allowed to be imported in this framework.
vanilla,6,386,DGHE_Optimizer,runtime_error,RecursionError: maximum recursion depth exceeded
vanilla,6,394,HARSS,runtime_error,RecursionError: maximum recursion depth exceeded
vanilla,6,413,OBM_DE,runtime_error,"ValueError: operands could not be broadcast together with shapes (2,24) (2,) "
vanilla,6,427,DualSubspaceTrustRegion,import_violation,scipy.stats is currently not allowed to be imported in this framework.
vanilla,6,433,DE_CMECT,unclassified_success,ok
vanilla,6,482,HMADS_DE,unclassified_success,ok
vanilla,6,491,MSDS_QN,import_violation,scipy.linalg is currently not allowed to be imported in this framework.
vanilla,6,497,EAGLE_DE,unclassified_success,ok
vanilla,7,55,EAGLE_HS,runtime_error,AttributeError: module 'numpy' has no attribute 'math'
vanilla,7,62,DG_SSA,runtime_error,RecursionError: maximum recursion depth exceeded
vanilla,7,74,CDTS,runtime_error,IndexError: index 9 is out of bounds for axis 0 with size 6
vanilla,7,84,SHADE_CME,unclassified_success,ok
vanilla,7,89,ADE_CSH,runtime_error,NameError: name 'p_best_idx' is not defined
vanilla,7,92,SHADE_CNS,unclassified_success,ok
vanilla,7,97,CMA_DE,runtime_error,"ValueError: operands could not be broadcast together with shapes (8,) (10,) "
vanilla,7,109,ADE_CSHR,unclassified_success,ok
vanilla,7,125,SHADE_CML,unclassified_success,ok
vanilla,7,128,SHADE_CML,unclassified_success,ok
vanilla,7,140,SHADE_ECC,unclassified_success,ok
vanilla,7,160,ADE_CLR,unclassified_success,ok
vanilla,7,162,SHADE_EIG,unclassified_success,ok
vanilla,7,177,CMA_DE,unclassified_success,ok
vanilla,7,294,Active_CMA_ES,runtime_error,"ValueError: operands could not be broadcast together with shapes (2,) (2,3) "
vanilla,7,296,ADE_EMSHA,unclassified_success,ok
vanilla,7,315,ADE_CMLM,runtime_error,"ValueError: setting an array element with a sequence. The requested array has an inhomogeneous shape after 1 dimensions. The detected shape was (2,) + inhomogeneous part."
vanilla,7,326,ADE_EMSHA,unclassified_success,ok
vanilla,7,331,ADE_EMSHA,runtime_error,"ValueError: operands could not be broadcast together with shapes (2,) (2,3) "
vanilla,7,345,ADE_EMSHA,unclassified_success,ok
vanilla,7,352,CMA_MOS_Active,runtime_error,IndexError: index 4 is out of bounds for axis 1 with size 4
vanilla,7,362,ADE_EMSHA,import_violation,scipy.optimize is currently not allowed to be imported in this framework.
vanilla,7,369,CMA_ES_LDS,runtime_error,RecursionError: maximum recursion depth exceeded
vanilla,7,384,CMA_MOSA,runtime_error,IndexError: index 4 is out of bounds for axis 1 with size 4
vanilla,7,385,ADE_DSCL,unclassified_success,ok
vanilla,7,386,ADE_OCPS,unclassified_success,ok
vanilla,7,393,MirrorCMAES,runtime_error,RecursionError: maximum recursion depth exceeded
vanilla,7,409,ADE_EMSHA,unclassified_success,ok
vanilla,7,410,ADE_EMSHA,import_violation,scipy.linalg is currently not allowed to be imported in this framework.
vanilla,7,413,ADE_EMSHA,runtime_error,ValueError: setting an array element with a sequence.
vanilla,7,422,IDGM_DE,runtime_error,RecursionError: maximum recursion depth exceeded
vanilla,7,441,ADE_CML,unclassified_success,ok
vanilla,7,449,ADE_EMSHA,unclassified_success,ok
vanilla,7,488,CDDE_MTLS,import_violation,scipy.optimize is currently not allowed to be imported in this framework.
vanilla,8,2,SHADE_CIMA,runtime_error,AttributeError: module 'numpy.random' has no attribute 'cauchy'
vanilla,8,29,AdaptiveEvolutionSearch,runtime_error,RecursionError: maximum recursion depth exceeded
vanilla,8,41,AdaptiveEvolutionSearch,runtime_error,RecursionError: maximum recursion depth exceeded
vanilla,8,42,AdaptiveEvolutionSearch,runtime_error,RecursionError: maximum recursion depth exceeded
vanilla,8,43,AdaptiveEvolutionSearch,runtime_error,RecursionError: maximum recursion depth exceeded
vanilla,8,66,AdaptiveHybridEvolution,import_violation,scipy.optimize is currently not allowed to be imported in this framework.
vanilla,8,74,AdaptiveEvolutionSearch,runtime_error,IndexError: index 2 is out of bounds for axis 1 with size 2
vanilla,8,75,AdaptiveEvolutionSearch,runtime_error,RecursionError: maximum recursion depth exceeded
vanilla,8,78,DE_CMA_Hybrid,runtime_error,RecursionError: maximum recursion depth exceeded
vanilla,8,101,InformationGeometricES,runtime_error,"ValueError: could not broadcast input array from shape (2,2) into shape (2,)"
vanilla,8,126,DE_CMA_Hybrid,runtime_error,AttributeError: module 'numpy.random' has no attribute 'cauchy'
vanilla,8,147,AdaptiveEvolutionSearch,runtime_error,RecursionError: maximum recursion depth exceeded
vanilla,8,160,BiLevelDirectionalPSO,unclassified_success,ok
vanilla,8,170,AdaptiveEvolutionSearch,runtime_error,"ValueError: could not broadcast input array from shape (2,2) into shape (2,)"
vanilla,8,172,AdaptiveEvolutionSearch,runtime_error,"ValueError: could not broadcast input array from shape (2,2) into shape (2,)"
vanilla,8,197,ACG_CMA_ES,runtime_error,RecursionError: maximum recursion depth exceeded
vanilla,8,207,ADM_CMA_ES,runtime_error,RecursionError: maximum recursion depth exceeded
vanilla,8,261,DG_MA_CMA,runtime_error,"ValueError: could not broadcast input array from shape (2,2) into shape (2,)"
vanilla,8,276,SHADE_QLS,runtime_error,AttributeError: module 'numpy.random' has no attribute 'cauchy'
vanilla,8,278,DE_G_CMA,runtime_error,"ValueError: could not broadcast input array from shape (2,2) into shape (2,)"
vanilla,8,291,DS_DE,runtime_error,AttributeError: module 'numpy' has no attribute 'math'
vanilla,8,304,DG_MA_CMA,runtime_error,"ValueError: could not broadcast input array from shape (2,2) into shape (2,)"
vanilla,8,320,DG_MA_CMA,runtime_error,"ValueError: could not broadcast input array from shape (2,2) into shape (2,)"
vanilla,8,325,DE_CMA_Hybrid,runtime_error,RecursionError: maximum recursion depth exceeded
vanilla,8,342,DG_MA_CMA,runtime_error,"ValueError: could not broadcast input array from shape (2,2) into shape (2,)"
vanilla,8,349,DG_MA_CMA,runtime_error,"ValueError: could not broadcast input array from shape (2,2) into shape (2,)"
vanilla,8,364,DG_MA_CMA,runtime_error,"ValueError: could not broadcast input array from shape (2,2) into shape (2,)"
vanilla,8,377,DS_DE,runtime_error,AttributeError: module 'numpy' has no attribute 'math'
vanilla,8,395,DG_MA_CMA,runtime_error,"ValueError: could not broadcast input array from shape (2,2) into shape (2,)"
vanilla,8,413,DG_MA_CMA,runtime_error,"ValueError: could not broadcast input array from shape (2,2) into shape (2,)"
vanilla,8,424,DE_CMA,runtime_error,IndexError: index 2 is out of bounds for axis 1 with size 2
vanilla,8,452,AOM_CMA,runtime_error,IndexError: index 4 is out of bounds for axis 1 with size 4
vanilla,8,457,DG_MA_CMA,runtime_error,"ValueError: could not broadcast input array from shape (2,2) into shape (2,)"
vanilla,8,480,AOM_CMA,runtime_error,"ValueError: could not broadcast input array from shape (2,2) into shape (2,)"
vanilla,8,483,AD_MOS_LLR,runtime_error,"ValueError: could not broadcast input array from shape (2,2) into shape (2,)"
vanilla,9,3,AdaptiveSHADE,runtime_error,AttributeError: module 'numpy.random' has no attribute 'cauchy'
vanilla,9,27,IGGS_Optimizer,runtime_error,RecursionError: maximum recursion depth exceeded
vanilla,9,28,DCTE_Optimizer,runtime_error,"ValueError: could not broadcast input array from shape (10,2) into shape (0,2)"
vanilla,9,30,DECH_Optimizer,runtime_error,RecursionError: maximum recursion depth exceeded
vanilla,9,44,CMS_DL_Optimizer,unclassified_success,ok
vanilla,9,48,CMS_DL_Optimizer,runtime_error,RecursionError: maximum recursion depth exceeded
vanilla,9,52,CMS_DL_Optimizer,import_violation,scipy.optimize is currently not allowed to be imported in this framework.
vanilla,9,55,ADE_OCPR,runtime_error,AttributeError: module 'numpy.random' has no attribute 'cauchy'
vanilla,9,61,CMS_DL_Optimizer,runtime_error,RecursionError: maximum recursion depth exceeded
vanilla,9,65,CMS_DL_Optimizer,runtime_error,RecursionError: maximum recursion depth exceeded
vanilla,9,67,CMS_DL_Optimizer,runtime_error,RecursionError: maximum recursion depth exceeded
vanilla,9,72,DE_CMA_Hybrid_Optimizer,runtime_error,RecursionError: maximum recursion depth exceeded
vanilla,9,75,CMS_DL_Optimizer,runtime_error,RecursionError: maximum recursion depth exceeded
vanilla,9,79,DE_CMA_H_Optimizer,runtime_error,RecursionError: maximum recursion depth exceeded
vanilla,9,85,CMS_DL_Optimizer,runtime_error,RecursionError: maximum recursion depth exceeded
vanilla,9,89,CMS_DL_Optimizer,runtime_error,RecursionError: maximum recursion depth exceeded
vanilla,9,90,CMS_DL_Optimizer,runtime_error,RecursionError: maximum recursion depth exceeded
vanilla,9,91,CMS_DL_Optimizer,runtime_error,RecursionError: maximum recursion depth exceeded
vanilla,9,92,ACME_DM_Optimizer,runtime_error,RecursionError: maximum recursion depth exceeded
vanilla,9,93,CMS_DL_Optimizer,runtime_error,RecursionError: maximum recursion depth exceeded
vanilla,9,96,CMS_DL_Optimizer,runtime_error,RecursionError: maximum recursion depth exceeded
vanilla,9,99,CMS_DL_Optimizer,runtime_error,RecursionError: maximum recursion depth exceeded
vanilla,9,106,CMS_DL_Optimizer,runtime_error,RecursionError: maximum recursion depth exceeded
vanilla,9,107,CMS_DL_Optimizer,runtime_error,RecursionError: maximum recursion depth exceeded
vanilla,9,111,CTP_CMA_Optimizer,runtime_error,RecursionError: maximum recursion depth exceeded
vanilla,9,117,MA_CMA_Optimizer,runtime_error,RecursionError: maximum recursion depth exceeded
vanilla,9,118,MOSA_CMA_ES,runtime_error,RecursionError: maximum recursion depth exceeded
vanilla,9,121,MA_OS_Optimizer,runtime_error,IndexError: index 2 is out of bounds for axis 1 with size 2
vanilla,9,125,CGGLS_Optimizer,import_violation,scipy.special is currently not allowed to be imported in this framework.
vanilla,9,130,OT_DCMA_Optimizer,runtime_error,RecursionError: maximum recursion depth exceeded
vanilla,9,147,NCG_CMA_Optimizer,runtime_error,RecursionError: maximum recursion depth exceeded
vanilla,9,158,IGCE_CMA_Optimizer,runtime_error,RecursionError: maximum recursion depth exceeded
vanilla,9,159,MA_CRS_Optimizer,runtime_error,RecursionError: maximum recursion depth exceeded
vanilla,9,165,SHQN_CMA_Optimizer,import_violation,scipy.optimize is currently not allowed to be imported in this framework.
vanilla,9,171,O_CMA_SSC_Optimizer,code_generation,"invalid syntax (<unknown>, line 91)"
vanilla,9,174,OTH_CMA_Optimizer,runtime_error,IndexError: index 2 is out of bounds for axis 1 with size 2
vanilla,9,176,AHES_Optimizer,runtime_error,RecursionError: maximum recursion depth exceeded
vanilla,9,178,SHACMA_DE_Optimizer,runtime_error,RecursionError: maximum recursion depth exceeded
vanilla,9,212,MAHB_DE_Optimizer,runtime_error,UnboundLocalError: cannot access local variable 'B' where it is not associated with a value
vanilla,9,218,IGSO_Optimizer,runtime_error,RecursionError: maximum recursion depth exceeded
vanilla,9,220,OTB_CMA_Optimizer,runtime_error,RecursionError: maximum recursion depth exceeded
vanilla,9,222,MA_OSE_Optimizer,runtime_error,RecursionError: maximum recursion depth exceeded
vanilla,9,223,APS_CMA_Optimizer,runtime_error,RecursionError: maximum recursion depth exceeded
vanilla,9,226,AMA_CMA_Optimizer,runtime_error,RecursionError: maximum recursion depth exceeded
vanilla,9,227,AD_MOS_CMA_Optimizer,runtime_error,RecursionError: maximum recursion depth exceeded
vanilla,9,231,AOD_CMA_Optimizer,runtime_error,IndexError: index 2 is out of bounds for axis 1 with size 2
vanilla,9,238,ADM_CMA_Optimizer,runtime_error,RecursionError: maximum recursion depth exceeded
vanilla,9,245,SH_CMA_SDE,runtime_error,RecursionError: maximum recursion depth exceeded
vanilla,9,256,CMSB_ES_Optimizer,runtime_error,RecursionError: maximum recursion depth exceeded
vanilla,9,270,SH_CMA_Optimizer,runtime_error,RecursionError: maximum recursion depth exceeded
vanilla,9,275,OT_CMA_Optimizer,runtime_error,RecursionError: maximum recursion depth exceeded
vanilla,9,276,OTHO_Optimizer,runtime_error,RecursionError: maximum recursion depth exceeded
vanilla,9,277,AMA_CMA_Optimizer,runtime_error,RecursionError: maximum recursion depth exceeded
vanilla,9,284,AOB_CMA_Optimizer,runtime_error,RecursionError: maximum recursion depth exceeded
vanilla,9,289,AP_CMA_Optimizer,runtime_error,RecursionError: maximum recursion depth exceeded
vanilla,9,290,DGHS_Optimizer,runtime_error,RecursionError: maximum recursion depth exceeded
vanilla,9,295,GEM_CMA_Optimizer,runtime_error,RecursionError: maximum recursion depth exceeded
vanilla,9,296,SHAD_CMA_LS_Optimizer,runtime_error,IndexError: index 2 is out of bounds for axis 0 with size 2
vanilla,9,297,GA_QNES_Optimizer,runtime_error,RecursionError: maximum recursion depth exceeded
vanilla,9,298,SHAM_CMA_Optimizer,runtime_error,IndexError: index 2 is out of bounds for axis 0 with size 2
vanilla,9,301,AP_CMA_Optimizer,runtime_error,RecursionError: maximum recursion depth exceeded
vanilla,9,302,DG_CMA_Optimizer,runtime_error,RecursionError: maximum recursion depth exceeded
vanilla,9,303,DH_CMA_Optimizer,runtime_error,RecursionError: maximum recursion depth exceeded
vanilla,9,304,AP_CMA_Optimizer,runtime_error,RecursionError: maximum recursion depth exceeded
vanilla,9,305,DE_CMA_Optimizer,runtime_error,RecursionError: maximum recursion depth exceeded
vanilla,9,310,SAMF_CMA_Optimizer,runtime_error,RecursionError: maximum recursion depth exceeded
vanilla,9,311,AP_CMA_Optimizer,runtime_error,RecursionError: maximum recursion depth exceeded
vanilla,9,312,AP_CMA_Optimizer,import_violation,scipy.linalg is currently not allowed to be imported in this framework.
vanilla,9,317,DE_CMA_Optimizer,runtime_error,RecursionError: maximum recursion depth exceeded
vanilla,9,319,DB_CMA_Optimizer,runtime_error,RecursionError: maximum recursion depth exceeded
vanilla,9,320,ML_CMA_Optimizer,runtime_error,RecursionError: maximum recursion depth exceeded
vanilla,9,321,AP_CMA_Optimizer,runtime_error,RecursionError: maximum recursion depth exceeded
vanilla,9,323,IPG_CMA_Optimizer,runtime_error,RecursionError: maximum recursion depth exceeded
vanilla,9,333,DE_G_CMA_Optimizer,runtime_error,RecursionError: maximum recursion depth exceeded
vanilla,9,338,SAM_CMA_Optimizer,runtime_error,RecursionError: maximum recursion depth exceeded
vanilla,9,339,SHADE_TM_Optimizer,runtime_error,AttributeError: module 'numpy.random' has no attribute 'cauchy'
vanilla,9,342,GFRD_Optimizer,runtime_error,IndexError: index 4 is out of bounds for axis 0 with size 4
vanilla,9,351,DE_CMA_Hybrid_Optimizer,runtime_error,AttributeError: module 'numpy.random' has no attribute 'cauchy'
vanilla,9,359,IPG_CMA_Optimizer,code_generation,"expected 'else' after 'if' expression (<unknown>, line 103)"
vanilla,9,381,HLS_APR_DE,unclassified_success,ok
vanilla,9,385,DE_CMA_Optimizer,runtime_error,RecursionError: maximum recursion depth exceeded
vanilla,9,398,IPG_CMA_Optimizer,runtime_error,RecursionError: maximum recursion depth exceeded
vanilla,9,404,DE_CMA_Optimizer,runtime_error,RecursionError: maximum recursion depth exceeded
vanilla,9,405,DECH_Optimizer,runtime_error,AttributeError: module 'numpy.random' has no attribute 'cauchy'
vanilla,9,409,IPG_CMA_Optimizer,runtime_error,IndexError: index 2 is out of bounds for axis 0 with size 2
vanilla,9,426,SW_QN_CMA_Optimizer,runtime_error,RecursionError: maximum recursion depth exceeded
vanilla,9,428,DE_CMA_Optimizer,runtime_error,RecursionError: maximum recursion depth exceeded
vanilla,9,443,IPG_CMA_Optimizer,runtime_error,RecursionError: maximum recursion depth exceeded
vanilla,9,447,RPG_CMA_Optimizer,runtime_error,RecursionError: maximum recursion depth exceeded
vanilla,9,452,IPG_CMA_Optimizer,runtime_error,RecursionError: maximum recursion depth exceeded
vanilla,9,453,AGS_CMA_Optimizer,runtime_error,RecursionError: maximum recursion depth exceeded
vanilla,9,458,IPG_CMA_Optimizer,runtime_error,RecursionError: maximum recursion depth exceeded
vanilla,9,465,DSVE_Optimizer,runtime_error,IndexError: index 11 is out of bounds for axis 0 with size 11
vanilla,9,476,IPG_CMA_Optimizer,runtime_error,IndexError: index 2 is out of bounds for axis 1 with size 2
vanilla,9,477,IPG_CMA_Optimizer,runtime_error,RecursionError: maximum recursion depth exceeded
vanilla,9,499,MODE_CMA_Optimizer,runtime_error,RecursionError: maximum recursion depth exceeded
neutral,0,5,ITGF_Optimizer,runtime_error,RecursionError: maximum recursion depth exceeded
neutral,0,48,AOES_Optimizer,runtime_error,RecursionError: maximum recursion depth exceeded
neutral,0,51,CFLS_ES,runtime_error,RecursionError: maximum recursion depth exceeded
neutral,0,60,CFAOS_Optimizer,runtime_error,RecursionError: maximum recursion depth exceeded
neutral,0,93,AHES_Optimizer,runtime_error,AttributeError: module 'numpy' has no attribute 'math'
neutral,0,98,HSAES_Optimizer,runtime_error,__init__ raised NameError: name 'floor' is not defined
neutral,0,103,RAM_CMA_Optimizer,runtime_error,RecursionError: maximum recursion depth exceeded
neutral,0,104,DROM_CMA_Optimizer,runtime_error,RecursionError: maximum recursion depth exceeded
neutral,0,105,AM_CMA_Optimizer,runtime_error,RecursionError: maximum recursion depth exceeded
neutral,0,108,AR_MED_CMA,runtime_error,RecursionError: maximum recursion depth exceeded
neutral,0,109,MA_CMA_Optimizer,runtime_error,RecursionError: maximum recursion depth exceeded
neutral,0,110,AM_CMA_Optimizer,runtime_error,RecursionError: maximum recursion depth exceeded
neutral,0,112,DAMES_Optimizer,runtime_error,RecursionError: maximum recursion depth exceeded
neutral,0,113,Hybrid_MA_CMA_ES,runtime_error,RecursionError: maximum recursion depth exceeded
neutral,0,116,MA_CMA_ES_Optimizer,runtime_error,RecursionError: maximum recursion depth exceeded
neutral,0,117,MA_CMA_ES_Optimizer,runtime_error,RecursionError: maximum recursion depth exceeded
neutral,0,118,AP_DCMA_Optimizer,runtime_error,RecursionError: maximum recursion depth exceeded
neutral,0,119,AH_CMA_ES_Optimizer,runtime_error,RecursionError: maximum recursion depth exceeded
neutral,0,120,MA_CMA_ES_Optimizer,runtime_error,RecursionError: maximum recursion depth exceeded
neutral,0,121,DEDSP_Optimizer,runtime_error,AttributeError: module 'numpy' has no attribute 'math'
neutral,0,122,DG_ACMES,runtime_error,RecursionError: maximum recursion depth exceeded
neutral,0,123,HMA_CMA_ES_Optimizer,runtime_error,RecursionError: maximum recursion depth exceeded
neutral,0,124,MA_CMA_ES_Optimizer,runtime_error,RecursionError: maximum recursion depth exceeded
neutral,0,125,ACMA_ES_Optimizer,runtime_error,RecursionError: maximum recursion depth exceeded
neutral,0,126,AP_D_CMA_Optimizer,runtime_error,RecursionError: maximum recursion depth exceeded
neutral,0,127,Biphasic_CMA_ES,runtime_error,RecursionError: maximum recursion depth exceeded
neutral,0,128,AH_ES_Optimizer,runtime_error,RecursionError: maximum recursion depth exceeded
neutral,0,129,AD_CMA_ES_Optimizer,runtime_error,RecursionError: maximum recursion depth exceeded
neutral,0,130,DE_CMA_ES_Optimizer,runtime_error,RecursionError: maximum recursion depth exceeded
neutral,0,131,MA_CMA_ES_Optimizer,runtime_error,RecursionError: maximum recursion depth exceeded
neutral,0,133,MA_CMA_ES_Optimizer,runtime_error,RecursionError: maximum recursion depth exceeded
neutral,0,134,DG_CA_Optimizer,runtime_error,RecursionError: maximum recursion depth exceeded
neutral,0,135,AHES_Optimizer,runtime_error,RecursionError: maximum recursion depth exceeded
neutral,0,137,MA_CMA_ES_Optimizer,runtime_error,RecursionError: maximum recursion depth exceeded
neutral,0,138,MA_CMA_ES_Optimizer,runtime_error,RecursionError: maximum recursion depth exceeded
neutral,0,140,AODS_Optimizer,interface_mismatch,__call__ failed: cannot unpack non-iterable float object
neutral,0,141,MADS_CMA_Optimizer,runtime_error,RecursionError: maximum recursion depth exceeded
neutral,0,142,DM_CMA_ES_Optimizer,runtime_error,RecursionError: maximum recursion depth exceeded
neutral,0,143,PC_SRA_CMA_ES,runtime_error,RecursionError: maximum recursion depth exceeded
neutral,0,144,H_AMPS_CMA_Optimizer,runtime_error,RecursionError: maximum recursion depth exceeded
neutral,0,145,DG_CMA_ES_Optimizer,runtime_error,RecursionError: maximum recursion depth exceeded
neutral,0,148,MA_CMA_ES_Optimizer,runtime_error,RecursionError: maximum recursion depth exceeded
neutral,0,149,ADGES_Optimizer,runtime_error,RecursionError: maximum recursion depth exceeded
neutral,0,150,BIPOP_MA_CMA_ES,runtime_error,RecursionError: maximum recursion depth exceeded
neutral,0,151,MA_CMA_ES_Optimizer,runtime_error,RecursionError: maximum recursion depth exceeded
neutral,0,152,BIP_CMA_ES_Optimizer,runtime_error,RecursionError: maximum recursion depth exceeded
neutral,0,154,ADES_Optimizer,runtime_error,RecursionError: maximum recursion depth exceeded
neutral,0,156,HMCMA_OS_Optimizer,runtime_error,RecursionError: maximum recursion depth exceeded
neutral,0,157,MA_CMA_ES_Optimizer,runtime_error,RecursionError: maximum recursion depth exceeded
neutral,0,159,MA_CMA_ES_Optimizer,runtime_error,RecursionError: maximum recursion depth exceeded
neutral,0,160,AM_CMA_ES_Optimizer,runtime_error,RecursionError: maximum recursion depth exceeded
neutral,0,161,ADES_Optimizer,runtime_error,RecursionError: maximum recursion depth exceeded
neutral,0,162,AM_CMA_ES_Optimizer,runtime_error,RecursionError: maximum recursion depth exceeded
neutral,0,163,BIPOP_MA_CMA_ES,runtime_error,RecursionError: maximum recursion depth exceeded
neutral,0,164,MA_CMA_ES_Optimizer,runtime_error,RecursionError: maximum recursion depth exceeded
neutral,0,165,AHES_Optimizer,runtime_error,RecursionError: maximum recursion depth exceeded
neutral,0,166,BIPOP_MA_CMA_ES,runtime_error,RecursionError: maximum recursion depth exceeded
neutral,0,168,HMC_ADM_Optimizer,runtime_error,RecursionError: maximum recursion depth exceeded
neutral,0,170,AP_CMA_LD_Optimizer,runtime_error,RecursionError: maximum recursion depth exceeded
neutral,0,171,H_MCMA_DM_Optimizer,runtime_error,RecursionError: maximum recursion depth exceeded
neutral,0,172,BIPOP_MA_CMA_ES,runtime_error,RecursionError: maximum recursion depth exceeded
neutral,0,173,MA_CMA_ES_Optimizer,runtime_error,RecursionError: maximum recursion depth exceeded
neutral,0,175,AHES_Optimizer,runtime_error,RecursionError: maximum recursion depth exceeded
neutral,0,176,MA_CMA_ES_Optimizer,runtime_error,RecursionError: maximum recursion depth exceeded
neutral,0,177,MA_CMA_ES_Optimizer,runtime_error,RecursionError: maximum recursion depth exceeded
neutral,0,178,H_CMA_DE_Optimizer,runtime_error,RecursionError: maximum recursion depth exceeded
neutral,0,180,DE_CMA_ES_Optimizer,runtime_error,RecursionError: maximum recursion depth exceeded
neutral,0,181,MA_CMA_ES_Optimizer,code_generation,"invalid syntax (<unknown>, line 30)"
neutral,0,182,ACMA_ES_Optimizer,runtime_error,RecursionError: maximum recursion depth exceeded
neutral,0,183,AM_CMA_ES_Optimizer,runtime_error,RecursionError: maximum recursion depth exceeded
neutral,0,184,MA_CMA_ES_Optimizer,runtime_error,RecursionError: maximum recursion depth exceeded
neutral,0,185,AD_CMA_ES_Optimizer,runtime_error,RecursionError: maximum recursion depth exceeded
neutral,0,187,AH_CMA_ES_Optimizer,runtime_error,RecursionError: maximum recursion depth exceeded
neutral,0,190,BIPOP_MA_CMA_ES,runtime_error,RecursionError: maximum recursion depth exceeded
neutral,0,191,BIPOP_MA_CMA_ES,runtime_error,RecursionError: maximum recursion depth exceeded
neutral,0,192,BIPOP_MA_CMA_ES,runtime_error,RecursionError: maximum recursion depth exceeded
neutral,0,196,EBIPOP_CMA_ES,runtime_error,RecursionError: maximum recursion depth exceeded
neutral,0,197,AM_BIPOP_CMA,runtime_error,RecursionError: maximum recursion depth exceeded
neutral,0,199,DME_CMA_ES,runtime_error,RecursionError: maximum recursion depth exceeded
neutral,0,200,EBIPOP_CMA_ES,runtime_error,RecursionError: maximum recursion depth exceeded
neutral,0,206,DME_CMA_ES,runtime_error,RecursionError: maximum recursion depth exceeded
neutral,0,207,BIPOP_T_CMA_ES,runtime_error,RecursionError: maximum recursion depth exceeded
neutral,0,208,BIPOP_MA_CMA_ES,runtime_error,RecursionError: maximum recursion depth exceeded
neutral,0,209,DGH_BIPOP,runtime_error,RecursionError: maximum recursion depth exceeded
neutral,0,210,Alpha_BIPOP_CMAES,import_violation,scipy.stats is currently not allowed to be imported in this framework.
neutral,0,213,EB_CMA_ES,runtime_error,RecursionError: maximum recursion depth exceeded
neutral,0,214,BIPOP_MA_CMA_ES,import_violation,scipy.optimize is currently not allowed to be imported in this framework.
neutral,0,215,BIPOP_SHSA_CMA_ES,runtime_error,RecursionError: maximum recursion depth exceeded
neutral,0,216,E_BIPOP_CMA_ES,runtime_error,RecursionError: maximum recursion depth exceeded
neutral,0,218,BIPOP_MA_CMA_ES,runtime_error,RecursionError: maximum recursion depth exceeded
neutral,0,220,BIPOP_MA_CMA_ES,runtime_error,RecursionError: maximum recursion depth exceeded
neutral,0,221,BIPOP_MA_CMA_ES,runtime_error,RecursionError: maximum recursion depth exceeded
neutral,0,222,BIPOP_MA_CMA_ES,runtime_error,RecursionError: maximum recursion depth exceeded
neutral,0,223,BIPOP_MA_CMA_ES,runtime_error,RecursionError: maximum recursion depth exceeded
neutral,0,225,E_BIPOP_CMA_ES,runtime_error,RecursionError: maximum recursion depth exceeded
neutral,0,226,BIPOP_MA_CMA_ES,runtime_error,RecursionError: maximum recursion depth exceeded
neutral,0,228,BIPOP_MA_CMA_ES,runtime_error,RecursionError: maximum recursion depth exceeded
neutral,0,229,BIPOP_MA_CMA_ES,runtime_error,RecursionError: maximum recursion depth exceeded
neutral,0,231,BIPOP_MA_CMA_ES,runtime_error,RecursionError: maximum recursion depth exceeded
neutral,0,233,BIPOP_MA_CMA_ES,runtime_error,RecursionError: maximum recursion depth exceeded
neutral,0,234,BIPOP_MA_CMA_ES,runtime_error,RecursionError: maximum recursion depth exceeded
neutral,0,236,BIPOP_MA_CMA_ES,runtime_error,RecursionError: maximum recursion depth exceeded
neutral,0,237,EBIPOP_CMA_ES,runtime_error,RecursionError: maximum recursion depth exceeded
neutral,0,239,BIPOP_MA_CMA_ES,runtime_error,RecursionError: maximum recursion depth exceeded
neutral,0,240,EBIPOP_MA_CMA_ES,runtime_error,RecursionError: maximum recursion depth exceeded
neutral,0,244,BIPOP_MA_CMA_ES,runtime_error,RecursionError: maximum recursion depth exceeded
neutral,0,248,BIPOP_MA_CMA_ES,runtime_error,RecursionError: maximum recursion depth exceeded
neutral,0,249,DG_CMA_ES,runtime_error,RecursionError: maximum recursion depth exceeded
neutral,0,250,BIPOP_DSSA_CMA,runtime_error,RecursionError: maximum recursion depth exceeded
neutral,0,252,BIPOP_MA_CMA_ES,runtime_error,__init__ raised RecursionError: maximum recursion depth exceeded
neutral,0,253,EB_CMA,runtime_error,RecursionError: maximum recursion depth exceeded
neutral,0,254,AO_BIPOP_CMA_ES,runtime_error,RecursionError: maximum recursion depth exceeded
neutral,0,255,ADP_CMA_ES,runtime_error,RecursionError: maximum recursion depth exceeded
neutral,0,260,Eagle_BIPOP_CMA_ES,runtime_error,AttributeError: module 'numpy' has no attribute 'math'
neutral,0,261,EDM_CMA_ES,runtime_error,RecursionError: maximum recursion depth exceeded
neutral,0,264,BIPOP_MA_CMA_ES,runtime_error,RecursionError: maximum recursion depth exceeded
neutral,0,266,BIPOP_MA_CMA_ES,import_violation,scipy.linalg is currently not allowed to be imported in this framework.
neutral,0,267,APS_CMA_ES,runtime_error,RecursionError: maximum recursion depth exceeded
neutral,0,268,BIPOP_MA_CMA_ES,runtime_error,RecursionError: maximum recursion depth exceeded
neutral,0,269,BIPOP_MA_CMA_ES,runtime_error,RecursionError: maximum recursion depth exceeded
neutral,0,270,BIPOP_MA_CMA_ES,code_generation,"invalid syntax (<unknown>, line 33)"
neutral,0,272,BIPOP_MA_CMA_ES,runtime_error,RecursionError: maximum recursion depth exceeded
neutral,0,275,APS_CMA_ES,runtime_error,RecursionError: maximum recursion depth exceeded
neutral,0,277,AMS_CMA_ES,runtime_error,RecursionError: maximum recursion depth exceeded
neutral,0,278,AO_CMA_ES,runtime_error,RecursionError: maximum recursion depth exceeded
neutral,0,279,DG_CMA_ES,runtime_error,RecursionError: maximum recursion depth exceeded
neutral,0,280,BIPOP_DDR_CMA_ES,runtime_error,RecursionError: maximum recursion depth exceeded
neutral,0,282,BIPOP_MA_CMA_ES,runtime_error,RecursionError: maximum recursion depth exceeded
neutral,0,283,BIPOP_MA_CMA_ES,runtime_error,RecursionError: maximum recursion depth exceeded
neutral,0,285,AdaptiveDualPath_CMAES,runtime_error,RecursionError: maximum recursion depth exceeded
neutral,0,286,BIPOP_DSCA_CMA_ES,runtime_error,RecursionError: maximum recursion depth exceeded
neutral,0,289,BIPOP_MA_CMA_ES,runtime_error,RecursionError: maximum recursion depth exceeded
neutral,0,290,BIPOP_AMPI_CMA_ES,runtime_error,RecursionError: maximum recursion depth exceeded
neutral,0,298,BIPOP_ADS_CMA_ES,runtime_error,RecursionError: maximum recursion depth exceeded
neutral,0,299,DA_BIPOP_CMA_ES,runtime_error,RecursionError: maximum recursion depth exceeded
neutral,0,304,DG_BIPOP_CMA_ES,runtime_error,RecursionError: maximum recursion depth exceeded
neutral,0,309,EB_CMA_ES,runtime_error,RecursionError: maximum recursion depth exceeded
neutral,0,311,PolarityAware_CMA_ES,runtime_error,IndexError: list index out of range
neutral,0,313,BIPOP_MA_CMA_ES,runtime_error,__init__ raised RecursionError: maximum recursion depth exceeded
neutral,0,316,BIPOP_MA_CMA_ES,runtime_error,RecursionError: maximum recursion depth exceeded
neutral,0,317,ADP_CMA_ES,runtime_error,RecursionError: maximum recursion depth exceeded
neutral,0,327,BIPOP_DGL_CMA,runtime_error,RecursionError: maximum recursion depth exceeded
neutral,0,330,BIPOP_MA_CMA_ES,runtime_error,RecursionError: maximum recursion depth exceeded
neutral,0,331,MESOR_CMA_ES,runtime_error,RecursionError: maximum recursion depth exceeded
neutral,0,332,DG_BIPOP_CMA,runtime_error,RecursionError: maximum recursion depth exceeded
neutral,0,333,DG_CMA_ES,runtime_error,RecursionError: maximum recursion depth exceeded
neutral,0,334,BIPOP_MA_CMA_ES,runtime_error,RecursionError: maximum recursion depth exceeded
neutral,0,337,BIPOP_MA_CMA_ES,runtime_error,RecursionError: maximum recursion depth exceeded
neutral,0,338,DG_CMA_ES,runtime_error,RecursionError: maximum recursion depth exceeded
neutral,0,347,BIPOP_MA_CMA_ES,runtime_error,RecursionError: maximum recursion depth exceeded
neutral,0,348,EB_CMA_ES,runtime_error,RecursionError: maximum recursion depth exceeded
neutral,0,349,BIPOP_DBC_CMA_ES,runtime_error,RecursionError: maximum recursion depth exceeded
neutral,0,350,BIPOP_MA_CMA_ES,runtime_error,RecursionError: maximum recursion depth exceeded
neutral,0,351,BIPOP_MA_CMA_ES,runtime_error,RecursionError: maximum recursion depth exceeded
neutral,0,353,DE_BIPOP_CMA,runtime_error,RecursionError: maximum recursion depth exceeded
neutral,0,354,DEB_CMA,interface_mismatch,"__call__ failed: list indices must be integers or slices, not str"
neutral,0,355,ADS_BIPOP_CMA_ES,runtime_error,RecursionError: maximum recursion depth exceeded
neutral,0,356,AH_DE_CMA,runtime_error,RecursionError: maximum recursion depth exceeded
neutral,0,357,AHES_CMA,runtime_error,RecursionError: maximum recursion depth exceeded
neutral,0,359,SHADE_CMA_ES,runtime_error,AttributeError: module 'numpy.random' has no attribute 'cauchy'
neutral,0,360,DE_CMA_BIPOP,runtime_error,RecursionError: maximum recursion depth exceeded
neutral,0,361,ARMS_Optimizer,runtime_error,AttributeError: module 'numpy' has no attribute 'math'
neutral,0,362,OSH_CMA_ES,runtime_error,RecursionError: maximum recursion depth exceeded
neutral,0,363,AP_DM_CMA,runtime_error,RecursionError: maximum recursion depth exceeded
neutral,0,365,HG_CMA_ES,runtime_error,RecursionError: maximum recursion depth exceeded
neutral,0,367,AHP_CMA,runtime_error,RecursionError: maximum recursion depth exceeded
neutral,0,370,BIPOP_DE_CMA_ES,runtime_error,RecursionError: maximum recursion depth exceeded
neutral,0,371,BIPOP_MA_CMA_ES,runtime_error,RecursionError: maximum recursion depth exceeded
neutral,0,377,BIPOP_MA_CMA_ES,runtime_error,RecursionError: maximum recursion depth exceeded
neutral,0,378,AG_CMA_ES,runtime_error,RecursionError: maximum recursion depth exceeded
neutral,0,379,EMA_CMA_ES,runtime_error,RecursionError: maximum recursion depth exceeded
neutral,0,381,BIPOP_DE_CMA_ES,runtime_error,RecursionError: maximum recursion depth exceeded
neutral,0,383,BIPOP_MA_CMA_ES,runtime_error,RecursionError: maximum recursion depth exceeded
neutral,0,385,BIPOP_MA_CMA_ES,runtime_error,RecursionError: maximum recursion depth exceeded
neutral,0,388,DEGAS,runtime_error,RecursionError: maximum recursion depth exceeded
neutral,0,389,H_CMA_ADEM,runtime_error,RecursionError: maximum recursion depth exceeded
neutral,0,390,EI_CMA_ES,runtime_error,RecursionError: maximum recursion depth exceeded
neutral,0,392,DSH_CMA,runtime_error,IndexError: list index out of range
neutral,0,393,SHADE_CMA_Hybrid,runtime_error,RecursionError: maximum recursion depth exceeded
neutral,0,394,AHP_CMA_ES,runtime_error,RecursionError: maximum recursion depth exceeded
neutral,0,395,DE_CMA_ES_Hybrid,runtime_error,RecursionError: maximum recursion depth exceeded
neutral,0,396,EMA_CMA,runtime_error,RecursionError: maximum recursion depth exceeded
neutral,0,397,AH_BIPOP_CMA_ES,runtime_error,RecursionError: maximum recursion depth exceeded
neutral,0,401,DE_CMA_Optimizer,runtime_error,RecursionError: maximum recursion depth exceeded
neutral,0,402,ADC_BIPOP,runtime_error,RecursionError: maximum recursion depth exceeded
neutral,0,403,APMA_CMA,runtime_error,RecursionError: maximum recursion depth exceeded
neutral,0,407,DCADM,runtime_error,RecursionError: maximum recursion depth exceeded
neutral,0,408,H_CMA_ES,runtime_error,RecursionError: maximum recursion depth exceeded
neutral,0,409,AHES_Optimizer,runtime_error,RecursionError: maximum recursion depth exceeded
neutral,0,411,AH_CMA_ES,runtime_error,RecursionError: maximum recursion depth exceeded
neutral,0,412,CMA_HS,runtime_error,RecursionError: maximum recursion depth exceeded
neutral,0,413,AP_DM_CMA,runtime_error,RecursionError: maximum recursion depth exceeded
neutral,0,414,DM_BIPOP_CMA_ES,runtime_error,RecursionError: maximum recursion depth exceeded
neutral,0,416,AGR_CMA,runtime_error,RecursionError: maximum recursion depth exceeded
neutral,0,417,EI_CMA_ES,runtime_error,RecursionError: maximum recursion depth exceeded
neutral,0,418,SA_DHE_CMA,runtime_error,RecursionError: maximum recursion depth exceeded
neutral,0,419,Elitist_DRA_CMA_ES,runtime_error,RecursionError: maximum recursion depth exceeded
neutral,0,421,H_CMA_ES,runtime_error,RecursionError: maximum recursion depth exceeded
neutral,0,422,ADCME,runtime_error,RecursionError: maximum recursion depth exceeded
neutral,0,423,DE_CMA_Optimizer,runtime_error,RecursionError: maximum recursion depth exceeded
neutral,0,424,DEG_CMA_ES,runtime_error,RecursionError: maximum recursion depth exceeded
neutral,0,425,APDR_CMA,runtime_error,RecursionError: maximum recursion depth exceeded
neutral,0,426,EMA_BIPOP_CMA_ES,runtime_error,RecursionError: maximum recursion depth exceeded
neutral,0,427,ADE_OMCA,runtime_error,RecursionError: maximum recursion depth exceeded
neutral,0,428,SHADE_CMA_Hybrid,runtime_error,RecursionError: maximum recursion depth exceeded
neutral,0,429,BIPOP_ADPES,runtime_error,RecursionError: maximum recursion depth exceeded
neutral,0,430,DE_CMA_Optimizer,runtime_error,RecursionError: maximum recursion depth exceeded
neutral,0,431,AH_ES,runtime_error,RecursionError: maximum recursion depth exceeded
neutral,0,432,DE_CMA_SH,runtime_error,RecursionError: maximum recursion depth exceeded
neutral,0,434,AH_ES,runtime_error,RecursionError: maximum recursion depth exceeded
neutral,0,435,H_CMA_ES,runtime_error,RecursionError: maximum recursion depth exceeded
neutral,0,437,HDE_CMA_ES,runtime_error,RecursionError: maximum recursion depth exceeded
neutral,0,438,ADP_CMA_ES,runtime_error,RecursionError: maximum recursion depth exceeded
neutral,0,439,AH_CMA_ES,runtime_error,RecursionError: maximum recursion depth exceeded
neutral,0,440,IG_BIPOP_ADE,runtime_error,RecursionError: maximum recursion depth exceeded
neutral,0,441,BIPOP_DS_CMA,runtime_error,RecursionError: maximum recursion depth exceeded
neutral,0,442,H_DE_CMA,runtime_error,RecursionError: maximum recursion depth exceeded
neutral,0,443,AML_BIPOP,interface_mismatch,"__call__ failed: list indices must be integers or slices, not str"
neutral,0,444,AP_CMA_ES,runtime_error,RecursionError: maximum recursion depth exceeded
neutral,0,445,HA_CMA,runtime_error,RecursionError: maximum recursion depth exceeded
neutral,0,446,AH_CMA_ES,runtime_error,RecursionError: maximum recursion depth exceeded
neutral,0,447,DE_CMA_Optimizer,runtime_error,RecursionError: maximum recursion depth exceeded
neutral,0,448,DCA_DM,runtime_error,RecursionError: maximum recursion depth exceeded
neutral,0,453,AH_CMA,runtime_error,RecursionError: maximum recursion depth exceeded
neutral,0,456,BIPOP_MA_CMA_ES,runtime_error,RecursionError: maximum recursion depth exceeded
neutral,0,457,AH_CMA_ES,runtime_error,RecursionError: maximum recursion depth exceeded
neutral,0,458,AP_DM_CMA,runtime_error,RecursionError: maximum recursion depth exceeded
neutral,0,459,HISP_CMA_ES,runtime_error,RecursionError: maximum recursion depth exceeded
neutral,0,460,ADCMA,runtime_error,RecursionError: maximum recursion depth exceeded
neutral,0,461,EDSH_CMA,runtime_error,RecursionError: maximum recursion depth exceeded
neutral,0,462,DEB_CMA,runtime_error,RecursionError: maximum recursion depth exceeded
neutral,0,463,BIPOP_MA_CMA_ES,runtime_error,RecursionError: maximum recursion depth exceeded
neutral,0,464,AHES_CMA_ES,runtime_error,RecursionError: maximum recursion depth exceeded
neutral,0,468,DTM_CMA_ES,runtime_error,RecursionError: maximum recursion depth exceeded
neutral,0,469,APS_CMA_ES,runtime_error,RecursionError: maximum recursion depth exceeded
neutral,0,470,H_CMA_ES,runtime_error,RecursionError: maximum recursion depth exceeded
neutral,0,471,H_CMA_DM,runtime_error,RecursionError: maximum recursion depth exceeded
neutral,0,472,IG_BIPOP_CMA_ES,runtime_error,RecursionError: maximum recursion depth exceeded
neutral,0,473,BIPOP_ADECMA,runtime_error,RecursionError: maximum recursion depth exceeded
neutral,0,474,AD_CMA,runtime_error,RecursionError: maximum recursion depth exceeded
neutral,0,475,BIPOP_DSS_CMAES,runtime_error,RecursionError: maximum recursion depth exceeded
neutral,0,477,BIPOP_DE_CMA_ES,runtime_error,RecursionError: maximum recursion depth exceeded
neutral,0,479,BIPOP_MA_CMA_ES,runtime_error,RecursionError: maximum recursion depth exceeded
neutral,0,480,AHES_CMA_ES,runtime_error,RecursionError: maximum recursion depth exceeded
neutral,0,482,BIPOP_MA_CMA_ES,runtime_error,RecursionError: maximum recursion depth exceeded
neutral,0,483,BIPOP_MA_CMA_ES,runtime_error,RecursionError: maximum recursion depth exceeded
neutral,0,484,AGI_CMA_ES,runtime_error,RecursionError: maximum recursion depth exceeded
neutral,0,485,DE_CMA_ES,runtime_error,RecursionError: maximum recursion depth exceeded
neutral,0,487,H_CMA_ES,interface_mismatch,"__call__ failed: list indices must be integers or slices, not str"
neutral,0,488,DE_CMA_H,runtime_error,RecursionError: maximum recursion depth exceeded
neutral,0,490,DE_CMA_Optimizer,runtime_error,RecursionError: maximum recursion depth exceeded
neutral,0,491,DCA_DM,runtime_error,RecursionError: maximum recursion depth exceeded
neutral,0,492,BIPOP_MA_CMA_ES,runtime_error,RecursionError: maximum recursion depth exceeded
neutral,0,493,BIPOP_MA_CMA_ES,runtime_error,RecursionError: maximum recursion depth exceeded
neutral,0,496,BIPOP_DE_CMA_ES,runtime_error,RecursionError: maximum recursion depth exceeded
neutral,0,497,HCAS,runtime_error,RecursionError: maximum recursion depth exceeded
neutral,1,62,AFS,runtime_error,AttributeError: module 'numpy' has no attribute 'math'
neutral,1,86,HALO,runtime_error,"ValueError: operands could not be broadcast together with shapes (4,2) (6,1) "
neutral,1,113,ECLIPSE,runtime_error,AttributeError: 'ECLIPSE' object has no attribute 'BD'
neutral,1,140,ASTRALS,runtime_error,RecursionError: maximum recursion depth exceeded
neutral,1,154,VORTEX,runtime_error,AttributeError: 'VORTEX' object has no attribute 'BD'
neutral,1,190,LYNX,runtime_error,AttributeError: 'LYNX' object has no attribute 'BD'
neutral,1,198,DRS,unclassified_success,ok
neutral,1,205,VORTEX,interface_mismatch,__call__ failed: cannot unpack non-iterable float object
neutral,1,225,HarmonicResonanceSearch,runtime_error,AttributeError: module 'numpy' has no attribute 'math'
neutral,1,237,ChronosCMA,runtime_error,__init__ raised NameError: name 'mueff' is not defined
neutral,1,251,ChronosCMA,runtime_error,__init__ raised NameError: name 'mueff' is not defined
neutral,1,269,ChronosCMA,runtime_error,RecursionError: maximum recursion depth exceeded
neutral,1,285,AetherCMA,runtime_error,IndexError: index 4 is out of bounds for axis 0 with size 4
neutral,1,309,HyperionCMA,runtime_error,RecursionError: maximum recursion depth exceeded
neutral,1,357,AstraeaCMA,runtime_error,AttributeError: module 'numpy' has no attribute 'math'
neutral,1,373,ChronosCMA,code_generation,"invalid syntax (<unknown>, line 22)"
neutral,1,374,ChronosCMA,code_generation,"invalid syntax (<unknown>, line 23)"
neutral,1,437,OAMS,runtime_error,IndexError: index 4 is out of bounds for axis 0 with size 4
neutral,1,443,FMCMA,runtime_error,RecursionError: maximum recursion depth exceeded
neutral,1,444,MESA,runtime_error,RecursionError: maximum recursion depth exceeded
neutral,1,446,FractalMemoryAdaptiveSearch,runtime_error,RecursionError: maximum recursion depth exceeded
neutral,1,463,EntropicCMA,code_generation,"invalid syntax (<unknown>, line 41)"
neutral,1,482,IG_SHS,runtime_error,IndexError: index 4 is out of bounds for axis 0 with size 4
neutral,2,190,CIGS_Optimizer,runtime_error,RecursionError: maximum recursion depth exceeded
neutral,2,196,CF_ICD_Optimizer,unclassified_success,ok
neutral,2,217,CD_DE_Optimizer,runtime_error,"ValueError: shapes (2,) and (7,2) not aligned: 2 (dim 0) != 7 (dim 0)"
neutral,2,275,CIDS_Optimizer,runtime_error,RecursionError: maximum recursion depth exceeded
neutral,2,276,Elitist_SHADE_LPSR,runtime_error,NameError: name 'pbest_count' is not defined
neutral,2,293,ARPS_Optimizer,runtime_error,IndexError: index 9 is out of bounds for axis 0 with size 9
neutral,2,310,CMFT_Optimizer,interface_mismatch,__call__ failed: cannot unpack non-iterable float object
neutral,2,313,ACDT_Optimizer,runtime_error,AttributeError: module 'numpy' has no attribute 'math'
neutral,2,338,ADE_CIS_Optimizer,unclassified_success,ok
neutral,2,395,MAD_PA_Optimizer,runtime_error,RecursionError: maximum recursion depth exceeded
neutral,2,397,AP_CMA_MLD_Optimizer,runtime_error,NameError: name 'self_bound_check' is not defined
neutral,2,424,GFRMO_Optimizer,import_violation,scipy.linalg is currently not allowed to be imported in this framework.
neutral,2,434,DE_CMA_Optimizer,runtime_error,RecursionError: maximum recursion depth exceeded
neutral,2,437,DECMA_Optimizer,runtime_error,RecursionError: maximum recursion depth exceeded
neutral,2,444,GPM_CMA_Optimizer,runtime_error,RecursionError: maximum recursion depth exceeded
neutral,2,450,GFRMS_Optimizer,unclassified_success,ok
neutral,2,451,MAP_D_CMA_Optimizer,runtime_error,RecursionError: maximum recursion depth exceeded
neutral,2,455,IT_CMA_Optimizer,runtime_error,RecursionError: maximum recursion depth exceeded
neutral,2,458,GECMA_Optimizer,runtime_error,RecursionError: maximum recursion depth exceeded
neutral,2,460,DECMA_Optimizer,runtime_error,RecursionError: maximum recursion depth exceeded
neutral,2,461,GEM_CMA_Optimizer,runtime_error,RecursionError: maximum recursion depth exceeded
neutral,2,469,DECMA_Optimizer,runtime_error,RecursionError: maximum recursion depth exceeded
neutral,2,470,IG_CMA_SURGE_Optimizer,runtime_error,RecursionError: maximum recursion depth exceeded
neutral,2,475,GEM_CMA_Optimizer,runtime_error,RecursionError: maximum recursion depth exceeded
neutral,2,483,IG_CMA_Optimizer,runtime_error,RecursionError: maximum recursion depth exceeded
neutral,2,498,IT_CMA_Optimizer,runtime_error,RecursionError: maximum recursion depth exceeded
neutral,3,16,GFRMO,runtime_error,IndexError: index 2 is out of bounds for axis 0 with size 2
neutral,3,35,DE_OCMA,runtime_error,RecursionError: maximum recursion depth exceeded
neutral,3,36,DE_CMA,runtime_error,RecursionError: maximum recursion depth exceeded
neutral,3,42,ADAPT_CMA_ES,runtime_error,AttributeError: module 'numpy' has no attribute 'math'
neutral,3,43,DE_CMA,runtime_error,RecursionError: maximum recursion depth exceeded
neutral,3,50,AD_CMA,runtime_error,RecursionError: maximum recursion depth exceeded
neutral,3,56,RH_SHADE,import_violation,scipy.stats is currently not allowed to be imported in this framework.
neutral,3,74,ARG_CMA,runtime_error,AttributeError: module 'numpy' has no attribute 'math'
neutral,3,75,ADCP,runtime_error,RecursionError: maximum recursion depth exceeded
neutral,3,88,H_CMA_LME,runtime_error,AttributeError: module 'numpy' has no attribute 'math'
neutral,3,92,LDE_TRNM,runtime_error,AttributeError: module 'numpy' has no attribute 'math'
neutral,3,103,AMCA,runtime_error,RecursionError: maximum recursion depth exceeded
neutral,3,114,ADCME,runtime_error,RecursionError: maximum recursion depth exceeded
neutral,3,115,ACS_Optimizer,runtime_error,IndexError: list index out of range
neutral,3,120,DE_CMA,runtime_error,RecursionError: maximum recursion depth exceeded
neutral,3,121,DG_CMA,runtime_error,__init__ raised AttributeError: 'DG_CMA' object has no attribute 'total_restarts'
neutral,3,128,DE_CMA_RL,runtime_error,RecursionError: maximum recursion depth exceeded
neutral,3,138,ODM_SHADE,runtime_error,AttributeError: module 'numpy' has no attribute 'math'
neutral,3,167,DG_CMA,runtime_error,RecursionError: maximum recursion depth exceeded
neutral,3,178,AMG_CMA,runtime_error,RecursionError: maximum recursion depth exceeded
neutral,3,193,IG_CECMA,runtime_error,RecursionError: maximum recursion depth exceeded
neutral,3,203,IG_CDSS,runtime_error,RecursionError: maximum recursion depth exceeded
neutral,3,208,DS_DE,runtime_error,AttributeError: module 'numpy' has no attribute 'math'
neutral,3,219,DE_CMA,runtime_error,RecursionError: maximum recursion depth exceeded
neutral,3,226,CF_MAS,runtime_error,RecursionError: maximum recursion depth exceeded
neutral,3,268,SAHT_CMA,runtime_error,RecursionError: maximum recursion depth exceeded
neutral,3,272,DG_CMA,runtime_error,AttributeError: module 'numpy' has no attribute 'math'
neutral,3,282,AMG_CMA,runtime_error,RecursionError: maximum recursion depth exceeded
neutral,3,283,CF_MAS,runtime_error,RecursionError: maximum recursion depth exceeded
neutral,3,293,DE_CMA,runtime_error,RecursionError: maximum recursion depth exceeded
neutral,3,314,ASI_CMA,import_violation,scipy.stats is currently not allowed to be imported in this framework.
neutral,3,315,ASI_CMA,import_violation,scipy.stats is currently not allowed to be imported in this framework.
neutral,3,316,ASI_CMA,import_violation,scipy.stats is currently not allowed to be imported in this framework.
neutral,3,325,IGSO,runtime_error,AttributeError: module 'numpy.linalg' has no attribute 'expm'
neutral,3,327,AOH_CMA,runtime_error,AttributeError: module 'numpy' has no attribute 'math'
neutral,3,331,AOH_CMA,import_violation,scipy.stats is currently not allowed to be imported in this framework.
neutral,3,336,IGPG_CMA,import_violation,scipy.stats is currently not allowed to be imported in this framework.
neutral,3,337,IG_CMA,runtime_error,IndexError: index 3 is out of bounds for axis 0 with size 2
neutral,3,339,AOH_CMA,runtime_error,RecursionError: maximum recursion depth exceeded
neutral,3,342,DE_CMA,runtime_error,RecursionError: maximum recursion depth exceeded
neutral,3,344,AOH_CMA,runtime_error,RecursionError: maximum recursion depth exceeded
neutral,3,358,AOH_CMA,runtime_error,RecursionError: maximum recursion depth exceeded
neutral,3,380,ASI_CMA,import_violation,scipy.stats is currently not allowed to be imported in this framework.
neutral,3,403,ADM_CMA,import_violation,scipy.stats is currently not allowed to be imported in this framework.
neutral,3,417,ASI_CMA,import_violation,"scipy.stats, scipy.stats are currently not allowed to be imported in this framework."
neutral,3,424,AOH_CMA,runtime_error,RecursionError: maximum recursion depth exceeded
neutral,3,430,AOH_CMA,runtime_error,RecursionError: maximum recursion depth exceeded
neutral,3,437,ASI_CMA,import_violation,scipy.stats is currently not allowed to be imported in this framework.
neutral,3,444,ASI_CMA,import_violation,scipy.stats is currently not allowed to be imported in this framework.
neutral,3,446,AOH_CMA,import_violation,scipy.stats is currently not allowed to be imported in this framework.
neutral,3,447,MEH_CMA,runtime_error,RecursionError: maximum recursion depth exceeded
neutral,3,467,DMMS,interface_mismatch,__call__ failed: 'float' object is not subscriptable
neutral,3,469,AOH_CMA,import_violation,scipy.stats is currently not allowed to be imported in this framework.
neutral,3,488,DE_CMA,runtime_error,RecursionError: maximum recursion depth exceeded
neutral,3,489,GRME,runtime_error,RecursionError: maximum recursion depth exceeded
neutral,3,499,AOH_CMA,runtime_error,RecursionError: maximum recursion depth exceeded
neutral,4,5,IGOCMAES,runtime_error,"ValueError: operands could not be broadcast together with shapes (2,) (2,3) "
neutral,4,13,AdaptiveCovarianceSHADE,runtime_error,IndexError: index 15 is out of bounds for axis 0 with size 12
neutral,4,16,EnsembleSHADE,runtime_error,IndexError: index 8 is out of bounds for axis 0 with size 8
neutral,4,42,SuccessHistoryAdaptiveDE,runtime_error,AttributeError: module 'numpy.random' has no attribute 'cauchy'
neutral,4,73,ADE_OSL,unclassified_success,ok
neutral,4,132,DCT_Optimizer,runtime_error,__init__ raised NameError: name 'floor' is not defined
neutral,4,148,MADS,runtime_error,RecursionError: maximum recursion depth exceeded
neutral,4,153,MGAS,runtime_error,RecursionError: maximum recursion depth exceeded
neutral,4,162,MAGE,runtime_error,RecursionError: maximum recursion depth exceeded
neutral,4,176,MADCMA,runtime_error,RecursionError: maximum recursion depth exceeded
neutral,4,193,MADERA,runtime_error,AttributeError: module 'numpy.random' has no attribute 'cauchy'
neutral,4,209,MAAC,runtime_error,IndexError: index 2 is out of bounds for axis 0 with size 2
neutral,4,211,MADESA,runtime_error,AttributeError: module 'numpy.random' has no attribute 'cauchy'
neutral,4,213,MADERA,runtime_error,RecursionError: maximum recursion depth exceeded
neutral,4,229,MADE,runtime_error,__init__ raised NameError: name 'floor' is not defined
neutral,4,235,MAGECMA,runtime_error,__init__ raised NameError: name 'floor' is not defined
neutral,4,252,DEG_CMA,runtime_error,RecursionError: maximum recursion depth exceeded
neutral,4,256,MADE,runtime_error,RecursionError: maximum recursion depth exceeded
neutral,4,261,CMA_AMMP,runtime_error,RecursionError: maximum recursion depth exceeded
neutral,4,268,OSMA,runtime_error,RecursionError: maximum recursion depth exceeded
neutral,4,273,OTCA,runtime_error,RecursionError: maximum recursion depth exceeded
neutral,4,276,CAGPS,runtime_error,RecursionError: maximum recursion depth exceeded
neutral,4,279,OS_ACE,runtime_error,RecursionError: maximum recursion depth exceeded
neutral,4,283,ORAMS,runtime_error,RecursionError: maximum recursion depth exceeded
neutral,4,315,CAMR,runtime_error,RecursionError: maximum recursion depth exceeded
neutral,4,320,CALS,runtime_error,RecursionError: maximum recursion depth exceeded
neutral,4,325,OTCA,runtime_error,RecursionError: maximum recursion depth exceeded
neutral,4,332,OOE,runtime_error,AttributeError: module 'numpy' has no attribute 'math'
neutral,4,340,ADCE,runtime_error,RecursionError: maximum recursion depth exceeded
neutral,4,345,ADCMA_MAR,runtime_error,RecursionError: maximum recursion depth exceeded
neutral,4,356,CMATM_APS,runtime_error,RecursionError: maximum recursion depth exceeded
neutral,4,357,CMA_ALDS,runtime_error,RecursionError: maximum recursion depth exceeded
neutral,4,358,CMDA,runtime_error,RecursionError: maximum recursion depth exceeded
neutral,4,362,CMA_TMAR,runtime_error,RecursionError: maximum recursion depth exceeded
neutral,4,364,CMA_ALSR,runtime_error,RecursionError: maximum recursion depth exceeded
neutral,4,377,CMATM_AP,runtime_error,RecursionError: maximum recursion depth exceeded
neutral,4,378,AOM_CMA,runtime_error,RecursionError: maximum recursion depth exceeded
neutral,4,386,ADE_RCM,runtime_error,RecursionError: maximum recursion depth exceeded
neutral,4,396,OM_CMA,runtime_error,RecursionError: maximum recursion depth exceeded
neutral,4,401,CMA_TMAR,runtime_error,RecursionError: maximum recursion depth exceeded
neutral,4,402,CMA_ALM,runtime_error,RecursionError: maximum recursion depth exceeded
neutral,4,403,CMA_TMAR,runtime_error,RecursionError: maximum recursion depth exceeded
neutral,4,409,CMA_ARMD,runtime_error,RecursionError: maximum recursion depth exceeded
neutral,4,424,CMA_TMC,runtime_error,RecursionError: maximum recursion depth exceeded
neutral,4,425,OM_CMA,runtime_error,RecursionError: maximum recursion depth exceeded
neutral,4,429,CMA_ALDM,runtime_error,RecursionError: maximum recursion depth exceeded
neutral,4,438,ADE_OCMA,runtime_error,RecursionError: maximum recursion depth exceeded
neutral,4,444,CMA_SMSM,runtime_error,RecursionError: maximum recursion depth exceeded
neutral,4,445,AGM_CMA,runtime_error,RecursionError: maximum recursion depth exceeded
neutral,4,453,CMA_AL_MSR,runtime_error,RecursionError: maximum recursion depth exceeded
neutral,4,454,CMA_ALDM,runtime_error,RecursionError: maximum recursion depth exceeded
neutral,4,455,CMA_AM_SR,runtime_error,RecursionError: maximum recursion depth exceeded
neutral,4,456,CMA_ALSA,runtime_error,RecursionError: maximum recursion depth exceeded
neutral,4,459,CMA_ADP,runtime_error,RecursionError: maximum recursion depth exceeded
neutral,4,464,CMA_ALPM,runtime_error,RecursionError: maximum recursion depth exceeded
neutral,4,466,CMA_SDE,runtime_error,"ValueError: could not broadcast input array from shape (2,2) into shape (3,2)"
neutral,4,472,CMA_ADDL,runtime_error,RecursionError: maximum recursion depth exceeded
neutral,4,474,CMA_SMSM,runtime_error,RecursionError: maximum recursion depth exceeded
neutral,4,480,CMA_TDM,runtime_error,RecursionError: maximum recursion depth exceeded
neutral,4,482,CMA_TSR,runtime_error,RecursionError: maximum recursion depth exceeded
neutral,4,485,CMA_TDM,runtime_error,RecursionError: maximum recursion depth exceeded
neutral,4,490,CMA_LAGE,runtime_error,RecursionError: maximum recursion depth exceeded
neutral,4,492,CMA_SMLR,runtime_error,RecursionError: maximum recursion depth exceeded
neutral,4,494,CMA_MODA,runtime_error,RecursionError: maximum recursion depth exceeded
neutral,4,498,CMA_TDS,runtime_error,RecursionError: maximum recursion depth exceeded
neutral,5,35,IGOS,unclassified_success,ok
neutral,5,39,ADE_OSM,runtime_error,AttributeError: module 'numpy.random' has no attribute 'cauchy'
neutral,5,62,ITME,import_violation,scipy.stats is currently not allowed to be imported in this framework.
neutral,5,73,DEEMS,runtime_error,__init__ raised NameError: name 'floor' is not defined
neutral,5,80,DCTE,code_generation,"cannot use assignment expressions with expression (<unknown>, line 22)"
neutral,5,83,AOSRS,code_generation,"cannot use assignment expressions with expression (<unknown>, line 22)"
neutral,5,84,DMES,code_generation,"cannot use assignment expressions with expression (<unknown>, line 22)"
neutral,5,91,IGES,runtime_error,RecursionError: maximum recursion depth exceeded
neutral,5,92,AMES,runtime_error,RecursionError: maximum recursion depth exceeded
neutral,5,94,IG_MOBC,runtime_error,"ValueError: operands could not be broadcast together with shapes (4,2) (6,1) "
neutral,5,96,AOS_PDES,code_generation,"cannot use assignment expressions with expression (<unknown>, line 22)"
neutral,5,98,AOS_PDES,code_generation,"cannot use assignment expressions with expression (<unknown>, line 22)"
neutral,5,99,AOS_PDES,code_generation,"cannot use assignment expressions with expression (<unknown>, line 22)"
neutral,5,101,AOS_PDES,code_generation,"cannot use assignment expressions with expression (<unknown>, line 22)"
neutral,5,104,AOS_PDES,code_generation,"cannot use assignment expressions with expression (<unknown>, line 22)"
neutral,5,105,AOS_PDES,code_generation,"cannot use assignment expressions with expression (<unknown>, line 22)"
neutral,5,107,AOS_PDES,runtime_error,RecursionError: maximum recursion depth exceeded
neutral,5,111,AOS_PDES,code_generation,"cannot use assignment expressions with expression (<unknown>, line 22)"
neutral,5,113,AOS_PDES,runtime_error,"ValueError: could not broadcast input array from shape (6,2) into shape (5,2)"
neutral,5,114,AOS_PDES,runtime_error,__init__ raised NameError: name 'floor' is not defined
neutral,5,119,AOS_PDES,code_generation,"cannot use assignment expressions with expression (<unknown>, line 22)"
neutral,5,122,AOS_PDES,code_generation,"cannot use assignment expressions with expression (<unknown>, line 22)"
neutral,5,124,AOES_SMM,runtime_error,IndexError: index 2 is out of bounds for axis 0 with size 2
neutral,5,125,AOS_PDES,runtime_error,NameError: name 'floor' is not defined
neutral,5,130,AOS_PDES,code_generation,"cannot use assignment expressions with expression (<unknown>, line 27)"
neutral,5,131,AOS_PDES,code_generation,"cannot use assignment expressions with expression (<unknown>, line 22)"
neutral,5,132,AOS_PDES,code_generation,"cannot use assignment expressions with expression (<unknown>, line 22)"
neutral,5,134,AOS_PDES,code_generation,"cannot use assignment expressions with expression (<unknown>, line 22)"
neutral,5,136,AOS_PDES,runtime_error,__init__ raised NameError: name 'floor' is not defined
neutral,5,142,AOS_PDES,code_generation,"cannot use assignment expressions with expression (<unknown>, line 22)"
neutral,5,188,AOS_PDES,runtime_error,AttributeError: module 'numpy.random' has no attribute 'cauchy'
neutral,5,223,CADH,runtime_error,"ValueError: operands could not be broadcast together with shapes (2,3) (3,2) "
neutral,5,250,QCVS,runtime_error,AttributeError: module 'numpy' has no attribute 'math'
neutral,5,255,MSOPP_CMA,runtime_error,"ValueError: could not broadcast input array from shape (2,2) into shape (3,2)"
neutral,5,266,SACDS,runtime_error,"ValueError: operands could not be broadcast together with shapes (2,3) (3,2) "
neutral,5,302,ACDS,runtime_error,AttributeError: module 'numpy' has no attribute 'math'
neutral,5,336,CRPR,runtime_error,AttributeError: 'CRPR' object has no attribute 'B'
neutral,5,342,DualPathEvolution,runtime_error,"ValueError: operands could not be broadcast together with shapes (5,2) (2,2) "
neutral,5,348,ManifoldSubspaceSearch,unclassified_success,ok
neutral,5,418,OTMA_ES,runtime_error,IndexError: index 4 is out of bounds for axis 0 with size 4
neutral,5,421,OS_AES,runtime_error,IndexError: index 2 is out of bounds for axis 0 with size 2
neutral,5,443,DEOS,runtime_error,RecursionError: maximum recursion depth exceeded
neutral,5,456,IGES_AHTS,runtime_error,"ValueError: could not broadcast input array from shape (2,2) into shape (3,2)"
neutral,5,467,OT_CMA,runtime_error,IndexError: index 2 is out of bounds for axis 0 with size 2
neutral,5,477,OME_CMA,runtime_error,"ValueError: operands could not be broadcast together with shapes (2,2) (6,1) "
neutral,6,31,ADE_OSP,import_violation,"scipy.fftpack, scipy.fftpack are currently not allowed to be imported in this framework."
neutral,6,39,ADE_CGMS,runtime_error,IndexError: index 17 is out of bounds for axis 0 with size 17
neutral,6,203,DGE,runtime_error,"ValueError: shapes (6,) and (4,2) not aligned: 6 (dim 0) != 4 (dim 0)"
neutral,6,206,ADE_ECM,runtime_error,UnboundLocalError: cannot access local variable 'B' where it is not associated with a value
neutral,6,208,ADE_OSP,import_violation,"scipy.fftpack, scipy.fftpack are currently not allowed to be imported in this framework."
neutral,6,304,DE_ECAM,unclassified_success,ok
neutral,6,405,GFRMS,import_violation,scipy.special is currently not allowed to be imported in this framework.
neutral,6,417,OTAS,runtime_error,RecursionError: maximum recursion depth exceeded
neutral,6,448,OTSE,runtime_error,AttributeError: 'OTSE' object has no attribute 'B_diag_D'
neutral,6,453,OBMAS,runtime_error,AttributeError: module 'numpy' has no attribute 'math'
neutral,6,470,OME_CMA,runtime_error,"ValueError: could not broadcast input array from shape (2,2) into shape (3,2)"
neutral,7,13,DSCA,runtime_error,RecursionError: maximum recursion depth exceeded
neutral,7,15,AMAES,runtime_error,RecursionError: maximum recursion depth exceeded
neutral,7,22,DAGS,unclassified_success,ok
neutral,7,38,IT_CES,runtime_error,RecursionError: maximum recursion depth exceeded
neutral,7,42,HCMA_DLR,runtime_error,RecursionError: maximum recursion depth exceeded
neutral,7,48,AOES_MDE,runtime_error,RecursionError: maximum recursion depth exceeded
neutral,7,63,ACR_CMA,runtime_error,IndexError: index 2 is out of bounds for axis 0 with size 2
neutral,7,67,DE_CMA,runtime_error,RecursionError: maximum recursion depth exceeded
neutral,7,68,SHADE_DLS,runtime_error,AttributeError: module 'numpy.random' has no attribute 'cauchy'
neutral,7,69,DE_CMA,runtime_error,RecursionError: maximum recursion depth exceeded
neutral,7,70,DE_CMA_Opt,runtime_error,RecursionError: maximum recursion depth exceeded
neutral,7,71,DE_CMA,runtime_error,RecursionError: maximum recursion depth exceeded
neutral,7,74,DE_CMA,runtime_error,RecursionError: maximum recursion depth exceeded
neutral,7,75,GFRMD,runtime_error,IndexError: index 4 is out of bounds for axis 0 with size 4
neutral,7,78,DE_CMA_ES,runtime_error,AttributeError: module 'numpy' has no attribute 'math'
neutral,7,79,DE_CMA,runtime_error,RecursionError: maximum recursion depth exceeded
neutral,7,80,ACG_CMA,runtime_error,RecursionError: maximum recursion depth exceeded
neutral,7,81,DE_CMA,runtime_error,RecursionError: maximum recursion depth exceeded
neutral,7,82,DECH,runtime_error,RecursionError: maximum recursion depth exceeded
neutral,7,83,DE_CMA,runtime_error,RecursionError: maximum recursion depth exceeded
neutral,7,85,ONE_CMA,runtime_error,RecursionError: maximum recursion depth exceeded
neutral,7,87,DE_CMA,runtime_error,RecursionError: maximum recursion depth exceeded
neutral,7,88,ACG_CMA,runtime_error,RecursionError: maximum recursion depth exceeded
neutral,7,90,MG_DCMA,runtime_error,RecursionError: maximum recursion depth exceeded
neutral,7,91,MS_CMA,runtime_error,RecursionError: maximum recursion depth exceeded
neutral,7,93,IG_CMA,runtime_error,IndexError: index 2 is out of bounds for axis 0 with size 2
neutral,7,94,IGA_CMA,runtime_error,IndexError: index 2 is out of bounds for axis 0 with size 2
neutral,7,95,CF_MOS,runtime_error,IndexError: index 2 is out of bounds for axis 0 with size 2
neutral,7,98,DECMA_Optimizer,runtime_error,RecursionError: maximum recursion depth exceeded
neutral,7,99,DE_CMA,runtime_error,RecursionError: maximum recursion depth exceeded
neutral,7,103,IG_CMA,runtime_error,RecursionError: maximum recursion depth exceeded
neutral,7,105,DE_CMA,runtime_error,RecursionError: maximum recursion depth exceeded
neutral,7,107,ACM_CMA,runtime_error,IndexError: index 2 is out of bounds for axis 0 with size 2
neutral,7,110,DE_CMA_Optimizer,runtime_error,RecursionError: maximum recursion depth exceeded
neutral,7,111,DE_GARS,unclassified_success,ok
neutral,7,113,DECMA,runtime_error,RecursionError: maximum recursion depth exceeded
neutral,7,115,ACG_CMA,runtime_error,RecursionError: maximum recursion depth exceeded
neutral,7,117,ADR_CMA,runtime_error,RecursionError: maximum recursion depth exceeded
neutral,7,119,GAM_CMA,runtime_error,IndexError: index 2 is out of bounds for axis 0 with size 2
neutral,7,120,DE_CMA,runtime_error,RecursionError: maximum recursion depth exceeded
neutral,7,122,IG_MS_CMA,runtime_error,IndexError: index 2 is out of bounds for axis 0 with size 2
neutral,7,124,DE_CMA,runtime_error,RecursionError: maximum recursion depth exceeded
neutral,7,125,DE_CMA,runtime_error,RecursionError: maximum recursion depth exceeded
neutral,7,128,MGDCA,runtime_error,RecursionError: maximum recursion depth exceeded
neutral,7,130,IG_CMA,runtime_error,IndexError: index 2 is out of bounds for axis 0 with size 2
neutral,7,131,IG_CMA_QN,runtime_error,RecursionError: maximum recursion depth exceeded
neutral,7,132,DE_CMA,runtime_error,RecursionError: maximum recursion depth exceeded
neutral,7,133,MSM_CMA,runtime_error,RecursionError: maximum recursion depth exceeded
neutral,7,134,DE_CMA,runtime_error,RecursionError: maximum recursion depth exceeded
neutral,7,135,AVIR_CMA,runtime_error,IndexError: index 2 is out of bounds for axis 0 with size 2
neutral,7,136,DE_CMA_Hybrid,runtime_error,RecursionError: maximum recursion depth exceeded
neutral,7,138,IGG_CMA,runtime_error,RecursionError: maximum recursion depth exceeded
neutral,7,142,IG_MS_CMA,runtime_error,RecursionError: maximum recursion depth exceeded
neutral,7,143,DGE_CMA,runtime_error,RecursionError: maximum recursion depth exceeded
neutral,7,145,MG_DCMA,runtime_error,RecursionError: maximum recursion depth exceeded
neutral,7,148,EAGLE_CMA,runtime_error,IndexError: index 2 is out of bounds for axis 0 with size 2
neutral,7,149,DE_CMA,runtime_error,RecursionError: maximum recursion depth exceeded
neutral,7,150,DE_CMA,runtime_error,RecursionError: maximum recursion depth exceeded
neutral,7,152,DG_CMA_ES,runtime_error,RecursionError: maximum recursion depth exceeded
neutral,7,154,DE_GMA,runtime_error,RecursionError: maximum recursion depth exceeded
neutral,7,155,DG_CMA,runtime_error,RecursionError: maximum recursion depth exceeded
neutral,7,158,ADMS_CMA,runtime_error,RecursionError: maximum recursion depth exceeded
neutral,7,159,DGSP,runtime_error,timeout: exceeded 10s smoke-test budget
neutral,7,160,ADS_CMA,runtime_error,IndexError: index 2 is out of bounds for axis 0 with size 2
neutral,7,161,AOM_CMA,runtime_error,IndexError: index 2 is out of bounds for axis 0 with size 2
neutral,7,163,ACD_CMA,runtime_error,RecursionError: maximum recursion depth exceeded
neutral,7,167,EAGLE_CMA,runtime_error,RecursionError: maximum recursion depth exceeded
neutral,7,169,OMT_CMA,runtime_error,IndexError: index 2 is out of bounds for axis 0 with size 2
neutral,7,171,ADS_CMA,runtime_error,RecursionError: maximum recursion depth exceeded
neutral,7,172,ACG_DM,runtime_error,IndexError: index 2 is out of bounds for axis 1 with size 2
neutral,7,175,DE_CMA,runtime_error,RecursionError: maximum recursion depth exceeded
neutral,7,178,DE_CMA,runtime_error,RecursionError: maximum recursion depth exceeded
neutral,7,179,DGE_Optimizer,runtime_error,IndexError: index 2 is out of bounds for axis 0 with size 2
neutral,7,182,MORP_CMA,runtime_error,RecursionError: maximum recursion depth exceeded
neutral,7,183,OTM_CMA,runtime_error,RecursionError: maximum recursion depth exceeded
neutral,7,184,AMORP_CMA_II,runtime_error,IndexError: index 2 is out of bounds for axis 0 with size 2
neutral,7,186,ACG_CMA,runtime_error,RecursionError: maximum recursion depth exceeded
neutral,7,191,AOM_ES,runtime_error,RecursionError: maximum recursion depth exceeded
neutral,7,192,DE_ACMA,runtime_error,RecursionError: maximum recursion depth exceeded
neutral,7,193,EAGLE_CMA,runtime_error,RecursionError: maximum recursion depth exceeded
neutral,7,195,ACG_DM,runtime_error,RecursionError: maximum recursion depth exceeded
neutral,7,200,DT_CMA,runtime_error,"ValueError: could not broadcast input array from shape (2,2) into shape (2,3)"
neutral,7,203,HYDRA_CMA,runtime_error,IndexError: index 2 is out of bounds for axis 0 with size 2
neutral,7,204,EAGLE_CMA,runtime_error,RecursionError: maximum recursion depth exceeded
neutral,7,206,DE_CMA_X,runtime_error,RecursionError: maximum recursion depth exceeded
neutral,7,210,ACG_CMA,runtime_error,IndexError: index 2 is out of bounds for axis 1 with size 2
neutral,7,215,MORP_CMA,runtime_error,RecursionError: maximum recursion depth exceeded
neutral,7,217,DE_CMA,runtime_error,RecursionError: maximum recursion depth exceeded
neutral,7,218,DE_CMA_HS,runtime_error,RecursionError: maximum recursion depth exceeded
neutral,7,220,ALE_CMA,runtime_error,IndexError: index 2 is out of bounds for axis 0 with size 2
neutral,7,224,AMORP_CMA_II,runtime_error,RecursionError: maximum recursion depth exceeded
neutral,7,225,ASR_CMA,runtime_error,RecursionError: maximum recursion depth exceeded
neutral,7,226,OTM_CMA,runtime_error,IndexError: index 2 is out of bounds for axis 0 with size 2
neutral,7,228,DE_CMA_ES,runtime_error,RecursionError: maximum recursion depth exceeded
neutral,7,229,AM_CMA,runtime_error,IndexError: index 2 is out of bounds for axis 0 with size 2
neutral,7,232,IGRD_CMA,runtime_error,IndexError: index 2 is out of bounds for axis 1 with size 2
neutral,7,234,ACG_CMA,runtime_error,RecursionError: maximum recursion depth exceeded
neutral,7,236,ACM_CMA,runtime_error,RecursionError: maximum recursion depth exceeded
neutral,7,237,ADM_CMA,runtime_error,IndexError: index 2 is out of bounds for axis 0 with size 2
neutral,7,239,DE_CMA_Hybrid,runtime_error,RecursionError: maximum recursion depth exceeded
neutral,7,240,ADS_CMA,runtime_error,IndexError: index 2 is out of bounds for axis 1 with size 2
neutral,7,244,ACGM_CMA,runtime_error,IndexError: index 2 is out of bounds for axis 0 with size 2
neutral,7,247,ACG_MCMA,runtime_error,RecursionError: maximum recursion depth exceeded
neutral,7,248,ACG_MCMA,runtime_error,RecursionError: maximum recursion depth exceeded
neutral,7,262,SDOS,runtime_error,IndexError: index 2 is out of bounds for axis 0 with size 2
neutral,7,264,CIMS,runtime_error,IndexError: index 2 is out of bounds for axis 1 with size 2
neutral,7,265,ASOS,runtime_error,IndexError: index 2 is out of bounds for axis 0 with size 2
neutral,7,276,TD_OMS,runtime_error,RecursionError: maximum recursion depth exceeded
neutral,7,299,AMP_CMA,runtime_error,IndexError: index 2 is out of bounds for axis 1 with size 2
neutral,7,303,GH_CMA_ES,runtime_error,IndexError: index 2 is out of bounds for axis 1 with size 2
neutral,7,310,GFS_Optimizer,runtime_error,AttributeError: module 'numpy' has no attribute 'math'
neutral,7,312,AOL_CMA,runtime_error,RecursionError: maximum recursion depth exceeded
neutral,7,315,ADP_CMA,runtime_error,IndexError: index 2 is out of bounds for axis 0 with size 2
neutral,7,319,AOR_CMA,runtime_error,IndexError: index 2 is out of bounds for axis 1 with size 2
neutral,7,320,AP_CMA,runtime_error,RecursionError: maximum recursion depth exceeded
neutral,7,321,TD_OMS,runtime_error,IndexError: index 2 is out of bounds for axis 0 with size 2
neutral,7,335,AOR_CMA,runtime_error,RecursionError: maximum recursion depth exceeded
neutral,7,336,HybridTrustLevy,runtime_error,AttributeError: module 'numpy' has no attribute 'math'
neutral,7,350,AR_CMA,runtime_error,IndexError: index 2 is out of bounds for axis 0 with size 2
neutral,7,353,AMS_CMA,runtime_error,IndexError: index 2 is out of bounds for axis 1 with size 2
neutral,7,361,AOR_CMA,runtime_error,IndexError: index 2 is out of bounds for axis 0 with size 2
neutral,7,364,AMD_CMA,runtime_error,IndexError: index 2 is out of bounds for axis 1 with size 2
neutral,7,365,AMR_CMA,runtime_error,IndexError: index 2 is out of bounds for axis 1 with size 2
neutral,7,369,AORES,runtime_error,RecursionError: maximum recursion depth exceeded
neutral,7,379,TD_OMS,import_violation,scipy.special is currently not allowed to be imported in this framework.
neutral,7,386,TD_OMS,runtime_error,IndexError: index 2 is out of bounds for axis 0 with size 2
neutral,7,387,AOR_CMA,runtime_error,IndexError: index 2 is out of bounds for axis 1 with size 2
neutral,7,394,AH_CMA,runtime_error,RecursionError: maximum recursion depth exceeded
neutral,7,396,DE_CMA_Hybrid,runtime_error,RecursionError: maximum recursion depth exceeded
neutral,7,398,DE_CMA_Hybrid,runtime_error,RecursionError: maximum recursion depth exceeded
neutral,7,399,TD_OMS,runtime_error,IndexError: index 2 is out of bounds for axis 0 with size 2
neutral,7,408,TD_OMS,runtime_error,IndexError: index 2 is out of bounds for axis 0 with size 2
neutral,7,411,AMP_CMA,runtime_error,AttributeError: module 'numpy' has no attribute 'math'
neutral,7,413,TD_OMS,runtime_error,RecursionError: maximum recursion depth exceeded
neutral,7,415,AMD_Optimizer,unclassified_success,ok
neutral,7,424,TD_OMS,runtime_error,RecursionError: maximum recursion depth exceeded
neutral,7,428,AOR_CMA,runtime_error,IndexError: index 2 is out of bounds for axis 1 with size 2
neutral,7,431,ACM_MDS,runtime_error,IndexError: index 2 is out of bounds for axis 0 with size 2
neutral,7,432,AMES,runtime_error,IndexError: index 2 is out of bounds for axis 1 with size 2
neutral,7,437,AMS_CMA,runtime_error,IndexError: index 2 is out of bounds for axis 1 with size 2
neutral,7,438,TD_OMS,runtime_error,IndexError: index 2 is out of bounds for axis 0 with size 2
neutral,7,441,TD_OMS,runtime_error,IndexError: index 2 is out of bounds for axis 0 with size 2
neutral,7,443,TD_OMS,runtime_error,IndexError: index 2 is out of bounds for axis 0 with size 2
neutral,7,445,TD_OMS,runtime_error,RecursionError: maximum recursion depth exceeded
neutral,7,453,ADP_CMA,runtime_error,IndexError: index 2 is out of bounds for axis 0 with size 2
neutral,7,460,AOCE,runtime_error,IndexError: index 2 is out of bounds for axis 1 with size 2
neutral,7,461,AOR_CMA,runtime_error,IndexError: index 2 is out of bounds for axis 1 with size 2
neutral,7,468,TD_OMS,import_violation,scipy.stats is currently not allowed to be imported in this framework.
neutral,7,471,AM_CMA,runtime_error,IndexError: index 2 is out of bounds for axis 1 with size 2
neutral,7,475,AP_CMA,runtime_error,IndexError: index 2 is out of bounds for axis 0 with size 2
neutral,7,481,AOM_CMA,runtime_error,IndexError: index 2 is out of bounds for axis 0 with size 2
neutral,7,488,TD_OMS,runtime_error,IndexError: index 2 is out of bounds for axis 0 with size 2
neutral,7,491,TD_OMS,runtime_error,IndexError: index 2 is out of bounds for axis 1 with size 2
neutral,7,492,TD_OMS,runtime_error,IndexError: index 2 is out of bounds for axis 0 with size 2
neutral,7,493,ADP_CMA,runtime_error,RecursionError: maximum recursion depth exceeded
neutral,7,494,AOD_CMA,runtime_error,RecursionError: maximum recursion depth exceeded
neutral,7,495,AOL_CMA,runtime_error,AttributeError: module 'numpy' has no attribute 'math'
neutral,8,1,AdaptiveHybridSearch,import_violation,scipy.stats is currently not allowed to be imported in this framework.
neutral,8,14,ADECR,runtime_error,AttributeError: module 'numpy.random' has no attribute 'cauchy'
neutral,8,19,SHACE,runtime_error,AttributeError: module 'numpy.random' has no attribute 'cauchy'
neutral,8,23,ADE_OCL,runtime_error,AttributeError: module 'numpy.random' has no attribute 'cauchy'
neutral,8,24,SHADE_CAQR,runtime_error,AttributeError: module 'numpy.random' has no attribute 'cauchy'
neutral,8,27,ADECR,runtime_error,AttributeError: module 'numpy.random' has no attribute 'cauchy'
neutral,8,28,CGADE,runtime_error,AttributeError: module 'numpy.random' has no attribute 'cauchy'
neutral,8,32,CGDE,runtime_error,AttributeError: module 'numpy.random' has no attribute 'cauchy'
neutral,8,45,SHADE_LPSR_CAM,runtime_error,AttributeError: module 'numpy.random' has no attribute 'cauchy'
neutral,8,58,ADR_DE,unclassified_success,ok
neutral,8,74,LSHADE_EIG,unclassified_success,ok
neutral,8,128,CMA_ES_Optimizer,runtime_error,RecursionError: maximum recursion depth exceeded
neutral,8,137,ARMPOR,unclassified_success,ok
neutral,8,138,ADEREC,unclassified_success,ok
neutral,8,145,ADR_DE,runtime_error,IndexError: index 1 is out of bounds for axis 0 with size 1
neutral,8,164,LSHADE_RBS,unclassified_success,ok
neutral,8,198,MIRR,runtime_error,RecursionError: maximum recursion depth exceeded
neutral,8,217,SH_CMA_ES,runtime_error,RecursionError: maximum recursion depth exceeded
neutral,8,238,CMA_ES_Shrinkage,runtime_error,RecursionError: maximum recursion depth exceeded
neutral,8,259,ActiveCMAES,runtime_error,"ValueError: operands could not be broadcast together with shapes (2,) (2,3) "
neutral,8,273,OrthogonalMirroredCMA,runtime_error,IndexError: index 2 is out of bounds for axis 0 with size 2
neutral,8,304,AdaptiveOrthogonalCMA,runtime_error,RecursionError: maximum recursion depth exceeded
neutral,8,323,IGCMA_Optimizer,runtime_error,RecursionError: maximum recursion depth exceeded
neutral,8,353,IGCMA_Optimizer,runtime_error,RecursionError: maximum recursion depth exceeded
neutral,8,357,AdaptiveCentroidCMA,runtime_error,RecursionError: maximum recursion depth exceeded
neutral,8,384,AdaptiveCentroidCMA,runtime_error,RecursionError: maximum recursion depth exceeded
neutral,8,390,DE_Enhanced_CMA,runtime_error,RecursionError: maximum recursion depth exceeded
neutral,8,396,OPSAR_CMA,runtime_error,IndexError: index 2 is out of bounds for axis 0 with size 2
neutral,8,402,DECMA_Hybrid,runtime_error,RecursionError: maximum recursion depth exceeded
neutral,8,411,DECMA_Hybrid,runtime_error,RecursionError: maximum recursion depth exceeded
neutral,8,414,AdaptiveCentroidCMA,runtime_error,RecursionError: maximum recursion depth exceeded
neutral,8,436,AOS_CMA,runtime_error,RecursionError: maximum recursion depth exceeded
neutral,8,445,AOM_CMA,code_generation,"unexpected indent (<unknown>, line 112)"
neutral,8,450,OBCMA,runtime_error,RecursionError: maximum recursion depth exceeded
neutral,8,456,AdaptiveCentroidCMA,runtime_error,RecursionError: maximum recursion depth exceeded
neutral,8,461,OMCMA,runtime_error,IndexError: index 2 is out of bounds for axis 1 with size 2
neutral,8,486,DE_CMA_Hybrid,runtime_error,RecursionError: maximum recursion depth exceeded
neutral,8,496,DECMA_Optimizer,runtime_error,RecursionError: maximum recursion depth exceeded
neutral,9,8,DES_ECD,unclassified_success,ok
neutral,9,73,DEGS,runtime_error,IndexError: list index out of range
neutral,9,108,ADE_CGOM,runtime_error,RecursionError: maximum recursion depth exceeded
neutral,9,117,GCDE,runtime_error,NameError: name 'floor' is not defined
neutral,9,185,ADE_CGOM,runtime_error,NameError: name 'floor' is not defined
neutral,9,258,ADE_CGOM,unclassified_success,ok
neutral,9,259,ADE_CGLS,runtime_error,NameError: name 'floor' is not defined
neutral,9,266,ADE_CGOM,runtime_error,NameError: name 'floor' is not defined
neutral,9,275,GCDE,runtime_error,AttributeError: module 'numpy' has no attribute 'math'
neutral,9,290,ADE_CGOM,runtime_error,NameError: name 'floor' is not defined
neutral,9,324,ADE_CGOM,import_violation,scipy.stats is currently not allowed to be imported in this framework.
neutral,9,393,IGSO,runtime_error,NameError: name 'floor' is not defined
neutral,9,412,L_SHADE_EIG,unclassified_success,ok
neutral,9,425,IGTO,runtime_error,"ValueError: matmul: Input operand 1 has a mismatch in its core dimension 0, with gufunc signature (n?,k),(k,m?)->(n?,m?) (size 3 is different from 2)"
neutral,9,443,LSHADE_HCA,runtime_error,timeout: exceeded 10s smoke-test budget
neutral,9,447,LSHADE_HCA,runtime_error,IndexError: index 1 is out of bounds for axis 0 with size 1
neutral,9,454,SHADE_ECLS,runtime_error,timeout: exceeded 10s smoke-test budget
neutral,9,476,AOSFS,import_violation,scipy.stats is currently not allowed to be imported in this framework.
neutral,9,482,SHADE_ACS,unclassified_success,ok
sage,0,2,CG_ADE,runtime_error,AttributeError: module 'numpy.random' has no attribute 'cauchy'
sage,0,31,HCCA_DE,runtime_error,RecursionError: maximum recursion depth exceeded
sage,0,50,GADOS,interface_mismatch,__call__ failed: standard_t() takes at least 1 positional argument (0 given)
sage,0,106,APM_CMA_ES,runtime_error,RecursionError: maximum recursion depth exceeded
sage,0,194,OEMA,runtime_error,AttributeError: module 'numpy' has no attribute 'math'
sage,0,226,MRO_CMA,runtime_error,IndexError: index 2 is out of bounds for axis 0 with size 2
sage,0,234,HDO_CMA,runtime_error,IndexError: index 2 is out of bounds for axis 0 with size 2
sage,0,244,CMES,runtime_error,RecursionError: maximum recursion depth exceeded
sage,0,251,CMA_AOS,runtime_error,RecursionError: maximum recursion depth exceeded
sage,0,256,CFOES,runtime_error,RecursionError: maximum recursion depth exceeded
sage,0,261,CMA_OS,import_violation,scipy.stats is currently not allowed to be imported in this framework.
sage,0,263,CSAMOS,runtime_error,RecursionError: maximum recursion depth exceeded
sage,0,266,CMA_TDE,runtime_error,RecursionError: maximum recursion depth exceeded
sage,0,276,ODS_BBM,import_violation,scipy.linalg is currently not allowed to be imported in this framework.
sage,0,287,CMA_OSRM,runtime_error,RecursionError: maximum recursion depth exceeded
sage,0,300,CMA_ALORS,runtime_error,RecursionError: maximum recursion depth exceeded
sage,0,304,CMA_MOOS,runtime_error,IndexError: index 2 is out of bounds for axis 1 with size 2
sage,0,305,OMMS,import_violation,scipy.stats is currently not allowed to be imported in this framework.
sage,0,313,CMA_MOBE,runtime_error,RecursionError: maximum recursion depth exceeded
sage,0,323,CMA_MOBE,runtime_error,IndexError: index 2 is out of bounds for axis 1 with size 2
sage,0,331,CMA_SMEP_E,runtime_error,IndexError: index 2 is out of bounds for axis 1 with size 2
sage,0,350,CMA_SMEP_E,import_violation,scipy.stats is currently not allowed to be imported in this framework.
sage,0,354,OMMS,import_violation,scipy.linalg is currently not allowed to be imported in this framework.
sage,0,357,CMA_TESS,runtime_error,IndexError: index 2 is out of bounds for axis 1 with size 2
sage,0,358,CMA_LS_B,runtime_error,IndexError: index 2 is out of bounds for axis 1 with size 2
sage,0,399,CMA_SMEP_E,runtime_error,RecursionError: maximum recursion depth exceeded
sage,0,400,CMA_SMEP_E,runtime_error,IndexError: index 2 is out of bounds for axis 1 with size 2
sage,0,401,CMA_TDE,runtime_error,RecursionError: maximum recursion depth exceeded
sage,0,415,CMA_MOBE,runtime_error,RecursionError: maximum recursion depth exceeded
sage,0,436,CMA_MOBE,runtime_error,IndexError: index 2 is out of bounds for axis 1 with size 2
sage,0,439,CMA_SMEP_E,runtime_error,IndexError: index 2 is out of bounds for axis 1 with size 2
sage,0,451,CMA_SMEP_R,runtime_error,RecursionError: maximum recursion depth exceeded
sage,0,458,CMA_SMEP_E,runtime_error,IndexError: index 2 is out of bounds for axis 1 with size 2
sage,0,475,CMA_MOBE,runtime_error,RecursionError: maximum recursion depth exceeded
sage,0,486,CMA_SMEP_E,runtime_error,IndexError: index 2 is out of bounds for axis 1 with size 2
sage,1,2,CovarianceRefinerSearch,runtime_error,RecursionError: maximum recursion depth exceeded
sage,1,3,ESHADE,unclassified_success,ok
sage,1,34,ESHARE,runtime_error,timeout: exceeded 10s smoke-test budget
sage,1,62,AdaptiveEvolutionSearch,unclassified_success,ok
sage,1,83,EACMA_AU,runtime_error,RecursionError: maximum recursion depth exceeded
sage,1,85,AEA_CMA,runtime_error,"ValueError: operands could not be broadcast together with shapes (2,) (2,3) "
sage,1,98,AECMA,runtime_error,RecursionError: maximum recursion depth exceeded
sage,1,104,ADE_CMA,runtime_error,RecursionError: maximum recursion depth exceeded
sage,1,122,AECMA,runtime_error,RecursionError: maximum recursion depth exceeded
sage,1,129,CASM_CMA,runtime_error,RecursionError: maximum recursion depth exceeded
sage,1,164,EAM_CMA,code_generation,"invalid syntax (<unknown>, line 15)"
sage,1,176,DM_IGCMA,runtime_error,RecursionError: maximum recursion depth exceeded
sage,1,208,DRMLS,runtime_error,AttributeError: module 'numpy' has no attribute 'math'
sage,1,216,CMAMOR,runtime_error,RecursionError: maximum recursion depth exceeded
sage,1,226,CMAMOR,runtime_error,RecursionError: maximum recursion depth exceeded
sage,1,230,CMA_ACDSA,runtime_error,RecursionError: maximum recursion depth exceeded
sage,1,248,CMAADMS,runtime_error,RecursionError: maximum recursion depth exceeded
sage,1,254,CMAEPH,runtime_error,RecursionError: maximum recursion depth exceeded
sage,1,260,CMAEEDM,runtime_error,RecursionError: maximum recursion depth exceeded
sage,1,268,CMAADMS,runtime_error,RecursionError: maximum recursion depth exceeded
sage,1,269,CMA_TDOS,runtime_error,RecursionError: maximum recursion depth exceeded
sage,1,272,CMAADMS,runtime_error,RecursionError: maximum recursion depth exceeded
sage,1,276,CMAMAGIC,runtime_error,RecursionError: maximum recursion depth exceeded
sage,1,279,CMA_TDGR,runtime_error,RecursionError: maximum recursion depth exceeded
sage,1,286,CMAADMS,runtime_error,RecursionError: maximum recursion depth exceeded
sage,1,294,DTDS,runtime_error,RecursionError: maximum recursion depth exceeded
sage,1,301,CMAADMS,runtime_error,RecursionError: maximum recursion depth exceeded
sage,1,314,CMAADMS,runtime_error,RecursionError: maximum recursion depth exceeded
sage,1,317,CMA_EDME,runtime_error,RecursionError: maximum recursion depth exceeded
sage,1,320,CMAADMS,runtime_error,RecursionError: maximum recursion depth exceeded
sage,1,324,OTTO,runtime_error,RecursionError: maximum recursion depth exceeded
sage,1,358,CMA_TDARE,runtime_error,RecursionError: maximum recursion depth exceeded
sage,1,361,CMAADMS,runtime_error,RecursionError: maximum recursion depth exceeded
sage,1,364,CMAADMS,runtime_error,RecursionError: maximum recursion depth exceeded
sage,1,373,CMA_MAGIC,runtime_error,RecursionError: maximum recursion depth exceeded
sage,1,374,MSSCS,runtime_error,RecursionError: maximum recursion depth exceeded
sage,1,375,CMAADMS,runtime_error,RecursionError: maximum recursion depth exceeded
sage,1,392,CMATDE,runtime_error,RecursionError: maximum recursion depth exceeded
sage,1,393,CMAADMLS,import_violation,scipy.linalg is currently not allowed to be imported in this framework.
sage,1,405,CMA_TDGR,runtime_error,RecursionError: maximum recursion depth exceeded
sage,1,416,CMAADMS,runtime_error,RecursionError: maximum recursion depth exceeded
sage,1,420,AGL_SCL,runtime_error,AttributeError: module 'numpy' has no attribute 'math'
sage,1,421,CMAADMS,runtime_error,RecursionError: maximum recursion depth exceeded
sage,1,422,CMAADEMS,runtime_error,RecursionError: maximum recursion depth exceeded
sage,1,425,CMAADMS,runtime_error,RecursionError: maximum recursion depth exceeded
sage,1,426,CMA_MAGIC,runtime_error,RecursionError: maximum recursion depth exceeded
sage,1,427,CMA_TESS,runtime_error,RecursionError: maximum recursion depth exceeded
sage,1,428,CMAMAGIC,runtime_error,RecursionError: maximum recursion depth exceeded
sage,1,431,CMAADMS,runtime_error,RecursionError: maximum recursion depth exceeded
sage,1,432,CMA_TDAM,runtime_error,RecursionError: maximum recursion depth exceeded
sage,1,433,CMAADMS,runtime_error,RecursionError: maximum recursion depth exceeded
sage,1,436,CMAEVE,runtime_error,RecursionError: maximum recursion depth exceeded
sage,1,438,CMAADMS,runtime_error,RecursionError: maximum recursion depth exceeded
sage,1,444,CMA_MASD,runtime_error,RecursionError: maximum recursion depth exceeded
sage,1,446,CMAADMSE,runtime_error,RecursionError: maximum recursion depth exceeded
sage,1,449,CMAADMS,code_generation,"invalid syntax (<unknown>, line 124)"
sage,1,453,CMAADMS,runtime_error,RecursionError: maximum recursion depth exceeded
sage,1,458,CMAADMS,runtime_error,RecursionError: maximum recursion depth exceeded
sage,1,462,CMAADMS,runtime_error,RecursionError: maximum recursion depth exceeded
sage,1,464,CMA_EAMM,runtime_error,RecursionError: maximum recursion depth exceeded
sage,1,468,CMAADMS,runtime_error,RecursionError: maximum recursion depth exceeded
sage,1,470,CMA_ALDM,runtime_error,RecursionError: maximum recursion depth exceeded
sage,1,472,CMAADMOS,runtime_error,RecursionError: maximum recursion depth exceeded
sage,1,473,CMADTMO,runtime_error,RecursionError: maximum recursion depth exceeded
sage,1,474,CMAADMS,runtime_error,RecursionError: maximum recursion depth exceeded
sage,1,476,CVTEB_CMA,import_violation,scipy.stats is currently not allowed to be imported in this framework.
sage,1,479,CMAEDM,runtime_error,RecursionError: maximum recursion depth exceeded
sage,1,492,CMAADMS,runtime_error,RecursionError: maximum recursion depth exceeded
sage,2,19,Active_CMA_Optimizer,runtime_error,RecursionError: maximum recursion depth exceeded
sage,2,62,DirectionalLévyCMA,runtime_error,RecursionError: maximum recursion depth exceeded
sage,2,63,ARPCMA,runtime_error,AttributeError: module 'numpy' has no attribute 'math'
sage,2,64,AdaptiveLevyCMA,runtime_error,AttributeError: module 'numpy' has no attribute 'math'
sage,2,102,MACMA,runtime_error,RecursionError: maximum recursion depth exceeded
sage,2,119,ASR_CMA,runtime_error,RecursionError: maximum recursion depth exceeded
sage,2,123,DEGMS,runtime_error,RecursionError: maximum recursion depth exceeded
sage,2,149,EOCMA,runtime_error,RecursionError: maximum recursion depth exceeded
sage,2,173,CMA_OSMR,runtime_error,RecursionError: maximum recursion depth exceeded
sage,2,174,CMA_SMALR,runtime_error,IndexError: index 2 is out of bounds for axis 0 with size 2
sage,2,177,CMA_DOSAL,runtime_error,IndexError: index 2 is out of bounds for axis 0 with size 2
sage,2,178,MAGES,runtime_error,IndexError: index 2 is out of bounds for axis 0 with size 2
sage,2,188,CMA_OMMC,runtime_error,IndexError: index 2 is out of bounds for axis 0 with size 2
sage,2,191,CMA_DOS_CAM,runtime_error,RecursionError: maximum recursion depth exceeded
sage,2,193,CMA_MOR,import_violation,scipy.special is currently not allowed to be imported in this framework.
sage,2,199,MLDS,runtime_error,"ValueError: matmul: Input operand 1 has a mismatch in its core dimension 0, with gufunc signature (n?,k),(k,m?)->(n?,m?) (size 2 is different from 1)"
sage,2,203,CMA_AMAV,runtime_error,IndexError: index 2 is out of bounds for axis 0 with size 2
sage,2,212,CMA_S3OS,runtime_error,RecursionError: maximum recursion depth exceeded
sage,2,215,CMA_MOR,runtime_error,RecursionError: maximum recursion depth exceeded
sage,2,220,CMA_MOSR,runtime_error,IndexError: index 2 is out of bounds for axis 0 with size 2
sage,2,227,MTOS,runtime_error,IndexError: index 2 is out of bounds for axis 0 with size 2
sage,2,235,CMA_MODS,runtime_error,IndexError: index 2 is out of bounds for axis 0 with size 2
sage,2,241,MLDS,runtime_error,ValueError: high <= 0
sage,2,245,CMA_IGE,runtime_error,RecursionError: maximum recursion depth exceeded
sage,2,254,CMA_MTADS,runtime_error,RecursionError: maximum recursion depth exceeded
sage,2,255,CMA_SOM,runtime_error,__init__ raised AttributeError: 'CMA_SOM' object has no attribute 'total_restarts'
sage,2,256,FMDS,import_violation,scipy.special is currently not allowed to be imported in this framework.
sage,2,258,CMA_MORAP,runtime_error,"ValueError: could not broadcast input array from shape (2,2) into shape (7,2)"
sage,2,278,CMA_ALR,import_violation,scipy.optimize is currently not allowed to be imported in this framework.
sage,2,301,CMA_SEAE,runtime_error,RecursionError: maximum recursion depth exceeded
sage,2,306,CMA_AMASS,runtime_error,RecursionError: maximum recursion depth exceeded
sage,2,308,CMA_EMA,runtime_error,RecursionError: maximum recursion depth exceeded
sage,2,311,CMA_SMOR,runtime_error,RecursionError: maximum recursion depth exceeded
sage,2,316,AMI_CMA,runtime_error,RecursionError: maximum recursion depth exceeded
sage,2,318,CMA_ALDRS,runtime_error,RecursionError: maximum recursion depth exceeded
sage,2,319,CMA_ALME,runtime_error,RecursionError: maximum recursion depth exceeded
sage,2,321,CMA_ASDM,runtime_error,IndexError: index 2 is out of bounds for axis 0 with size 2
sage,2,322,CMA_SARR,runtime_error,"ValueError: operands could not be broadcast together with shapes (2,2) (4,1) "
sage,2,330,CMA_MOR,runtime_error,IndexError: index 2 is out of bounds for axis 1 with size 2
sage,2,333,CMA_ADMPI,runtime_error,RecursionError: maximum recursion depth exceeded
sage,2,335,CMA_AMCAS,runtime_error,RecursionError: maximum recursion depth exceeded
sage,2,339,ADIG_CMA,runtime_error,RecursionError: maximum recursion depth exceeded
sage,2,340,CMA_OSMR,runtime_error,RecursionError: maximum recursion depth exceeded
sage,2,349,CMA_MAMS,runtime_error,IndexError: index 2 is out of bounds for axis 0 with size 2
sage,2,355,CMA_SOMS,runtime_error,IndexError: index 2 is out of bounds for axis 0 with size 2
sage,2,359,CMA_ALME,runtime_error,RecursionError: maximum recursion depth exceeded
sage,2,360,CMA_MTER,runtime_error,RecursionError: maximum recursion depth exceeded
sage,2,368,CMA_MTASC,runtime_error,RecursionError: maximum recursion depth exceeded
sage,2,383,MAGE,runtime_error,RecursionError: maximum recursion depth exceeded
sage,2,384,CMA_OSMR,code_generation,"Function parameters cannot be parenthesized (<unknown>, line 56)"
sage,2,386,CMA_MOR,runtime_error,RecursionError: maximum recursion depth exceeded
sage,2,393,CMA_MTER,runtime_error,RecursionError: maximum recursion depth exceeded
sage,2,402,CMA_SWDM,runtime_error,RecursionError: maximum recursion depth exceeded
sage,2,417,OD_CMA_MCR,runtime_error,"ValueError: operands could not be broadcast together with shapes (2,2) (6,1) "
sage,2,419,MF_MCMA,runtime_error,RecursionError: maximum recursion depth exceeded
sage,2,422,OT_CMA,runtime_error,IndexError: index 2 is out of bounds for axis 0 with size 2
sage,2,425,HD_OT,runtime_error,"ValueError: could not broadcast input array from shape (3,) into shape (2,)"
sage,2,431,PE_DCMA,runtime_error,IndexError: index 2 is out of bounds for axis 0 with size 2
sage,2,433,SAD_OCMA,import_violation,scipy.stats is currently not allowed to be imported in this framework.
sage,2,439,OTM_CMA,import_violation,scipy.stats is currently not allowed to be imported in this framework.
sage,2,482,MAME_CMA,runtime_error,RecursionError: maximum recursion depth exceeded
sage,3,47,RiemannianAdaptiveDE,interface_mismatch,__call__ failed: unsupported operand type(s) for ** or pow(): 'list' and 'int'
sage,3,49,SubspaceRecursiveSearch,runtime_error,AttributeError: module 'numpy' has no attribute 'math'
sage,3,62,CMAShadeOptimization,runtime_error,UnboundLocalError: cannot access local variable 'B' where it is not associated with a value
sage,3,64,EnhancedLSHADEWithLocalizedSearch,interface_mismatch,__call__ failed: unsupported operand type(s) for ** or pow(): 'list' and 'int'
sage,3,65,InformationGeometricSuccessorEstimation,runtime_error,"ValueError: shapes (2,6) and (2,2) not aligned: 6 (dim 1) != 2 (dim 0)"
sage,3,67,HeterogeneousMemoryAdaptiveDE,interface_mismatch,__call__ failed: unsupported operand type(s) for ** or pow(): 'list' and 'int'
sage,3,70,EnhancedSHADE_GoldenRefinement,interface_mismatch,__call__ failed: unsupported operand type(s) for ** or pow(): 'list' and 'int'
sage,3,93,CovarianceDrivenDE,interface_mismatch,__call__ failed: unsupported operand type(s) for ** or pow(): 'list' and 'int'
sage,3,123,HDMS_SHADE,runtime_error,"ValueError: matmul: Input operand 1 has a mismatch in its core dimension 0, with gufunc signature (n?,k),(k,m?)->(n?,m?) (size 4 is different from 5)"
sage,3,134,DirectionalTopologicalDiffusion,import_violation,scipy.linalg is currently not allowed to be imported in this framework.
sage,3,149,ALFA_CMA_SHADE,import_violation,scipy.special is currently not allowed to be imported in this framework.
sage,3,225,GDMASHADE,runtime_error,"ValueError: matmul: Input operand 1 has a mismatch in its core dimension 0, with gufunc signature (n?,k),(k,m?)->(n?,m?) (size 4 is different from 5)"
sage,3,231,CORSHADE,runtime_error,RecursionError: maximum recursion depth exceeded
sage,3,237,FMMALSHADE,runtime_error,"ValueError: matmul: Input operand 1 has a mismatch in its core dimension 0, with gufunc signature (n?,k),(k,m?)->(n?,m?) (size 4 is different from 5)"
sage,3,239,CA_OSHADE,runtime_error,"ValueError: matmul: Input operand 1 has a mismatch in its core dimension 0, with gufunc signature (n?,k),(k,m?)->(n?,m?) (size 5 is different from 6)"
sage,3,262,COMADE,unclassified_success,ok
sage,3,269,,code_generation,"invalid syntax (<unknown>, line 3)"
sage,3,278,GG_OME,runtime_error,__init__ raised NameError: name 'min_pop_size' is not defined
sage,3,287,OTMA_LSHADE,unclassified_success,ok
sage,3,293,EPA_LSHADE,runtime_error,AttributeError: module 'numpy' has no attribute 'math'
sage,3,350,TEDE,import_violation,"scipy.spatial.distance, scipy.spatial.distance are currently not allowed to be imported in this framework."
sage,3,366,CG_LSHADE,import_violation,scipy.linalg is currently not allowed to be imported in this framework.
sage,3,375,GT_LSHADE,import_violation,scipy.spatial.distance is currently not allowed to be imported in this framework.
sage,3,394,GRPA_LSHADE,import_violation,scipy.spatial.distance is currently not allowed to be imported in this framework.
sage,3,423,GT_LSHADE,import_violation,"scipy.spatial.distance, scipy.spatial.distance are currently not allowed to be imported in this framework."
sage,3,457,GATO,interface_mismatch,__call__ failed: unsupported operand type(s) for ** or pow(): 'list' and 'int'
sage,3,475,GRL_LSHADE,import_violation,"scipy.spatial.distance, scipy.spatial.distance are currently not allowed to be imported in this framework."
sage,3,489,GLD_Diff,import_violation,scipy.linalg is currently not allowed to be imported in this framework.
sage,3,499,GT_LSHADE,import_violation,scipy.spatial.distance is currently not allowed to be imported in this framework.
sage,4,11,InformationGeometricSearcher,runtime_error,RecursionError: maximum recursion depth exceeded
sage,4,15,EllipsoidalCovarianceLearningSearch,runtime_error,RecursionError: maximum recursion depth exceeded
sage,4,47,BudgetAwareCMAES,runtime_error,RecursionError: maximum recursion depth exceeded
sage,4,101,HCD_DE,runtime_error,NameError: name 'dim' is not defined
sage,4,107,RDEM_CAS,unclassified_success,ok
sage,4,108,IG_SHADE_CMA,unclassified_success,ok
sage,4,113,GLCE,import_violation,scipy.stats is currently not allowed to be imported in this framework.
sage,4,125,EAGLE_SHADE,runtime_error,IndexError: index 19 is out of bounds for axis 0 with size 15
sage,4,126,EAGLE_MAP,unclassified_success,ok
sage,4,142,EAGLE_HS,runtime_error,__init__ raised NameError: name 'floor' is not defined
sage,4,144,EAGLE_HS,import_violation,scipy.linalg is currently not allowed to be imported in this framework.
sage,4,163,EAGLE_HS,runtime_error,"ValueError: operands could not be broadcast together with shapes (2,2) (5,1) (2,2) "
sage,4,174,EAGLE_HS,runtime_error,IndexError: index 2 is out of bounds for axis 1 with size 2
sage,4,191,CMIDE,runtime_error,IndexError: index 4 is out of bounds for axis 0 with size 4
sage,4,195,CMA_AOMS,runtime_error,"ValueError: shapes (5,) and (4,2) not aligned: 5 (dim 0) != 4 (dim 0)"
sage,4,196,CMA_OMMS,runtime_error,IndexError: index 4 is out of bounds for axis 0 with size 4
sage,4,197,CMA_AOMS,runtime_error,"ValueError: shapes (5,) and (4,2) not aligned: 5 (dim 0) != 4 (dim 0)"
sage,4,198,MAD_CMA,runtime_error,"ValueError: shapes (6,) and (4,2) not aligned: 6 (dim 0) != 4 (dim 0)"
sage,4,201,MST_CMA,runtime_error,"ValueError: shapes (6,) and (4,2) not aligned: 6 (dim 0) != 4 (dim 0)"
sage,4,203,MSS_CMA,runtime_error,"ValueError: shapes (6,) and (4,2) not aligned: 6 (dim 0) != 4 (dim 0)"
sage,4,204,MSAD_CMA,runtime_error,"ValueError: shapes (6,) and (4,2) not aligned: 6 (dim 0) != 4 (dim 0)"
sage,4,206,MSDA_CMA,runtime_error,"ValueError: shapes (6,) and (4,2) not aligned: 6 (dim 0) != 4 (dim 0)"
sage,4,213,CMA_TDMR,runtime_error,"ValueError: shapes (6,) and (4,2) not aligned: 6 (dim 0) != 4 (dim 0)"
sage,4,215,AOS_CMA,runtime_error,"ValueError: shapes (6,) and (4,2) not aligned: 6 (dim 0) != 4 (dim 0)"
sage,4,216,MACS_CMA,runtime_error,"ValueError: shapes (5,) and (4,2) not aligned: 5 (dim 0) != 4 (dim 0)"
sage,4,217,AOS_CMA,runtime_error,"ValueError: shapes (6,) and (4,2) not aligned: 6 (dim 0) != 4 (dim 0)"
sage,4,218,AOS_CMA,runtime_error,"ValueError: shapes (5,) and (4,2) not aligned: 5 (dim 0) != 4 (dim 0)"
sage,4,219,CMA_TDOMS,runtime_error,"ValueError: shapes (5,) and (4,2) not aligned: 5 (dim 0) != 4 (dim 0)"
sage,4,220,AOS_CMA,runtime_error,"ValueError: shapes (6,) and (4,2) not aligned: 6 (dim 0) != 4 (dim 0)"
sage,4,221,MGDCA,runtime_error,"ValueError: shapes (6,) and (4,2) not aligned: 6 (dim 0) != 4 (dim 0)"
sage,4,223,CMA_RAPS,runtime_error,"ValueError: shapes (5,) and (4,2) not aligned: 5 (dim 0) != 4 (dim 0)"
sage,4,225,CDDS,runtime_error,"ValueError: shapes (6,) and (4,2) not aligned: 6 (dim 0) != 4 (dim 0)"
sage,4,227,AOS_CMA,runtime_error,"ValueError: shapes (6,) and (4,2) not aligned: 6 (dim 0) != 4 (dim 0)"
sage,4,229,CMA_TDOM,runtime_error,"ValueError: shapes (5,) and (4,2) not aligned: 5 (dim 0) != 4 (dim 0)"
sage,4,230,TD_CMA,runtime_error,"ValueError: shapes (6,) and (4,2) not aligned: 6 (dim 0) != 4 (dim 0)"
sage,4,231,MSAD_CMA,runtime_error,"ValueError: shapes (6,) and (4,2) not aligned: 6 (dim 0) != 4 (dim 0)"
sage,4,232,TDM_AAM_CMA,runtime_error,"ValueError: shapes (5,) and (4,2) not aligned: 5 (dim 0) != 4 (dim 0)"
sage,4,233,AOS_CMA,runtime_error,"ValueError: shapes (6,) and (4,2) not aligned: 6 (dim 0) != 4 (dim 0)"
sage,4,234,CDME,runtime_error,"ValueError: shapes (5,) and (4,2) not aligned: 5 (dim 0) != 4 (dim 0)"
sage,4,235,CMA_TDOM,runtime_error,IndexError: index 4 is out of bounds for axis 0 with size 4
sage,4,236,MGADS,runtime_error,"ValueError: shapes (6,) and (4,2) not aligned: 6 (dim 0) != 4 (dim 0)"
sage,4,237,MSAD_CMA,runtime_error,"ValueError: shapes (6,) and (4,2) not aligned: 6 (dim 0) != 4 (dim 0)"
sage,4,239,MS_ADCMA,runtime_error,"ValueError: shapes (6,) and (4,2) not aligned: 6 (dim 0) != 4 (dim 0)"
sage,4,240,MACA_CMA,runtime_error,"ValueError: shapes (6,) and (4,2) not aligned: 6 (dim 0) != 4 (dim 0)"
sage,4,241,CDME,runtime_error,"ValueError: shapes (5,) and (4,2) not aligned: 5 (dim 0) != 4 (dim 0)"
sage,4,242,CDTA_CMA,runtime_error,"ValueError: shapes (5,) and (4,2) not aligned: 5 (dim 0) != 4 (dim 0)"
sage,4,243,CMA_RM,runtime_error,IndexError: index 4 is out of bounds for axis 0 with size 4
sage,4,244,AOS_CMA,runtime_error,"ValueError: shapes (6,) and (4,2) not aligned: 6 (dim 0) != 4 (dim 0)"
sage,4,245,CMA_RMAM,runtime_error,"ValueError: shapes (5,) and (4,2) not aligned: 5 (dim 0) != 4 (dim 0)"
sage,4,246,AOS_CMA,runtime_error,"ValueError: shapes (5,) and (4,2) not aligned: 5 (dim 0) != 4 (dim 0)"
sage,4,247,CMA_TDOE,runtime_error,"ValueError: shapes (6,) and (4,2) not aligned: 6 (dim 0) != 4 (dim 0)"
sage,4,248,AOS_CMA,runtime_error,"ValueError: shapes (5,) and (4,2) not aligned: 5 (dim 0) != 4 (dim 0)"
sage,4,249,AOS_CMA,runtime_error,"ValueError: shapes (6,) and (4,2) not aligned: 6 (dim 0) != 4 (dim 0)"
sage,4,251,TDOM_CMA,runtime_error,"ValueError: shapes (5,) and (4,2) not aligned: 5 (dim 0) != 4 (dim 0)"
sage,4,252,CMA_AOX,runtime_error,"ValueError: shapes (5,) and (4,2) not aligned: 5 (dim 0) != 4 (dim 0)"
sage,4,253,MS_ACS,runtime_error,RecursionError: maximum recursion depth exceeded
sage,4,254,CMA_RM,runtime_error,"ValueError: shapes (6,) and (4,2) not aligned: 6 (dim 0) != 4 (dim 0)"
sage,4,255,AOS_CMA,runtime_error,"ValueError: shapes (6,) and (4,2) not aligned: 6 (dim 0) != 4 (dim 0)"
sage,4,256,CMA_TDM_OSS,runtime_error,"ValueError: shapes (6,) and (4,2) not aligned: 6 (dim 0) != 4 (dim 0)"
sage,4,258,MSAD_CMA,runtime_error,"ValueError: operands could not be broadcast together with shapes (2,2) (5,) "
sage,4,259,CMA_TDS,import_violation,scipy.stats is currently not allowed to be imported in this framework.
sage,4,260,CDME,runtime_error,"ValueError: shapes (6,) and (4,2) not aligned: 6 (dim 0) != 4 (dim 0)"
sage,4,261,CMA_RMAM,runtime_error,IndexError: index 4 is out of bounds for axis 0 with size 4
sage,4,262,GM_CMA,runtime_error,"ValueError: shapes (6,) and (4,2) not aligned: 6 (dim 0) != 4 (dim 0)"
sage,4,263,AOS_CMA,runtime_error,"ValueError: shapes (5,) and (4,2) not aligned: 5 (dim 0) != 4 (dim 0)"
sage,4,264,CMA_TDOM,runtime_error,IndexError: index 4 is out of bounds for axis 0 with size 4
sage,4,265,HAM_CMA,runtime_error,IndexError: index 4 is out of bounds for axis 0 with size 4
sage,4,266,CMA_TSE,runtime_error,"ValueError: shapes (6,) and (4,2) not aligned: 6 (dim 0) != 4 (dim 0)"
sage,4,267,CMA_OMAR,runtime_error,"ValueError: shapes (5,) and (4,2) not aligned: 5 (dim 0) != 4 (dim 0)"
sage,4,268,CDME,runtime_error,IndexError: boolean index did not match indexed array along axis 0; size of axis is 4 but size of corresponding boolean axis is 10
sage,4,270,AOS_CMA,runtime_error,"ValueError: shapes (5,) and (4,2) not aligned: 5 (dim 0) != 4 (dim 0)"
sage,4,271,GD_ACMA,runtime_error,"ValueError: shapes (5,) and (4,2) not aligned: 5 (dim 0) != 4 (dim 0)"
sage,4,272,CMA_RAM,runtime_error,"ValueError: shapes (5,) and (4,2) not aligned: 5 (dim 0) != 4 (dim 0)"
sage,4,273,AOS_CMA,runtime_error,"ValueError: shapes (6,) and (4,2) not aligned: 6 (dim 0) != 4 (dim 0)"
sage,4,276,CMA_TDMS,runtime_error,"ValueError: shapes (5,) and (4,2) not aligned: 5 (dim 0) != 4 (dim 0)"
sage,4,277,CDMS,runtime_error,"ValueError: shapes (6,) and (4,2) not aligned: 6 (dim 0) != 4 (dim 0)"
sage,4,278,CMA_AOS_SHM,runtime_error,"ValueError: shapes (6,) and (4,2) not aligned: 6 (dim 0) != 4 (dim 0)"
sage,4,279,TDOM_CMA,runtime_error,"ValueError: shapes (5,) and (4,2) not aligned: 5 (dim 0) != 4 (dim 0)"
sage,4,280,CMA_RAPS,runtime_error,"ValueError: shapes (6,) and (4,2) not aligned: 6 (dim 0) != 4 (dim 0)"
sage,4,282,CMA_RM_OQMS,runtime_error,IndexError: index 4 is out of bounds for axis 0 with size 4
sage,4,283,AOS_CMA,runtime_error,"ValueError: shapes (5,) and (4,2) not aligned: 5 (dim 0) != 4 (dim 0)"
sage,4,284,AOS_CMA,runtime_error,"ValueError: shapes (5,) and (4,2) not aligned: 5 (dim 0) != 4 (dim 0)"
sage,4,285,AOS_CMA,runtime_error,"ValueError: shapes (6,) and (4,2) not aligned: 6 (dim 0) != 4 (dim 0)"
sage,4,286,AOS_CMA,runtime_error,RecursionError: maximum recursion depth exceeded
sage,4,287,CMA_SOM,runtime_error,"ValueError: shapes (5,) and (4,2) not aligned: 5 (dim 0) != 4 (dim 0)"
sage,4,288,AOS_CMA,runtime_error,"ValueError: shapes (5,) and (4,2) not aligned: 5 (dim 0) != 4 (dim 0)"
sage,4,289,MAOM_CMA,runtime_error,"ValueError: shapes (6,) and (4,2) not aligned: 6 (dim 0) != 4 (dim 0)"
sage,4,290,AOS_CMA,runtime_error,"ValueError: shapes (6,) and (4,2) not aligned: 6 (dim 0) != 4 (dim 0)"
sage,4,291,AOS_CMA,runtime_error,"ValueError: shapes (5,) and (4,2) not aligned: 5 (dim 0) != 4 (dim 0)"
sage,4,293,CDME,runtime_error,"ValueError: shapes (5,) and (4,2) not aligned: 5 (dim 0) != 4 (dim 0)"
sage,4,294,TMA_CMA,runtime_error,"ValueError: shapes (5,) and (4,2) not aligned: 5 (dim 0) != 4 (dim 0)"
sage,4,295,CMA_TDOM,runtime_error,"ValueError: shapes (5,) and (4,2) not aligned: 5 (dim 0) != 4 (dim 0)"
sage,4,296,MG_ADE,runtime_error,"ValueError: shapes (6,) and (4,2) not aligned: 6 (dim 0) != 4 (dim 0)"
sage,4,297,MSAD_CMA,runtime_error,"ValueError: shapes (6,) and (4,2) not aligned: 6 (dim 0) != 4 (dim 0)"
sage,4,298,MSDA_CMA,runtime_error,"ValueError: shapes (6,) and (4,2) not aligned: 6 (dim 0) != 4 (dim 0)"
sage,4,299,HDCA_CMA,runtime_error,IndexError: index 4 is out of bounds for axis 0 with size 4
sage,4,300,CDME,runtime_error,IndexError: index 4 is out of bounds for axis 0 with size 4
sage,4,301,CDME,runtime_error,RecursionError: maximum recursion depth exceeded
sage,4,302,MTOS,import_violation,scipy.stats is currently not allowed to be imported in this framework.
sage,4,303,AOS_CMA,runtime_error,"ValueError: shapes (5,) and (4,2) not aligned: 5 (dim 0) != 4 (dim 0)"
sage,4,304,AOS_CMA,runtime_error,"ValueError: shapes (6,) and (4,2) not aligned: 6 (dim 0) != 4 (dim 0)"
sage,4,305,TD_CMA,runtime_error,"ValueError: shapes (5,) and (4,2) not aligned: 5 (dim 0) != 4 (dim 0)"
sage,4,306,AOS_CMA,runtime_error,"ValueError: shapes (6,) and (4,2) not aligned: 6 (dim 0) != 4 (dim 0)"
sage,4,307,MSAD_CMA,runtime_error,"ValueError: operands could not be broadcast together with shapes (4,2) (10,2) "
sage,4,308,CMA_AOP,runtime_error,"ValueError: shapes (6,) and (4,2) not aligned: 6 (dim 0) != 4 (dim 0)"
sage,4,309,AOS_CMA,runtime_error,"ValueError: shapes (6,) and (4,2) not aligned: 6 (dim 0) != 4 (dim 0)"
sage,4,310,CMA_AOD,runtime_error,"ValueError: shapes (6,) and (4,2) not aligned: 6 (dim 0) != 4 (dim 0)"
sage,4,312,CMA_RMAM,runtime_error,"ValueError: shapes (6,) and (4,2) not aligned: 6 (dim 0) != 4 (dim 0)"
sage,4,313,AOS_CMA,runtime_error,"ValueError: shapes (6,) and (4,2) not aligned: 6 (dim 0) != 4 (dim 0)"
sage,4,315,CMA_ATOS,runtime_error,"ValueError: shapes (6,) and (4,2) not aligned: 6 (dim 0) != 4 (dim 0)"
sage,4,317,CMA_AOE,runtime_error,"ValueError: shapes (5,) and (4,2) not aligned: 5 (dim 0) != 4 (dim 0)"
sage,4,318,CMA_AM_DAU,runtime_error,"ValueError: shapes (5,) and (4,2) not aligned: 5 (dim 0) != 4 (dim 0)"
sage,4,319,TD_CMA,runtime_error,"ValueError: shapes (5,) and (4,2) not aligned: 5 (dim 0) != 4 (dim 0)"
sage,4,320,CDMS,runtime_error,"ValueError: shapes (5,) and (4,2) not aligned: 5 (dim 0) != 4 (dim 0)"
sage,4,321,CMA_SOM,runtime_error,"ValueError: shapes (6,) and (4,2) not aligned: 6 (dim 0) != 4 (dim 0)"
sage,4,322,CMA_TDM,runtime_error,"ValueError: shapes (6,) and (4,2) not aligned: 6 (dim 0) != 4 (dim 0)"
sage,4,323,MSAD_CMA,runtime_error,"ValueError: shapes (6,) and (4,2) not aligned: 6 (dim 0) != 4 (dim 0)"
sage,4,324,CMA_TD_DAL,runtime_error,"ValueError: shapes (6,) and (4,2) not aligned: 6 (dim 0) != 4 (dim 0)"
sage,4,325,MSACS,runtime_error,"ValueError: operands could not be broadcast together with shapes (4,2) (10,2) "
sage,4,326,AOS_CMA,runtime_error,"ValueError: shapes (6,) and (4,2) not aligned: 6 (dim 0) != 4 (dim 0)"
sage,4,328,CDME,runtime_error,"ValueError: shapes (6,) and (4,2) not aligned: 6 (dim 0) != 4 (dim 0)"
sage,4,329,AOS_CMA,runtime_error,"ValueError: shapes (6,) and (4,2) not aligned: 6 (dim 0) != 4 (dim 0)"
sage,4,330,CDOS_CMA,runtime_error,"ValueError: shapes (6,) and (4,2) not aligned: 6 (dim 0) != 4 (dim 0)"
sage,4,331,AOS_CMA,runtime_error,"ValueError: shapes (6,) and (4,2) not aligned: 6 (dim 0) != 4 (dim 0)"
sage,4,332,TD_CMA,runtime_error,"ValueError: shapes (6,) and (4,2) not aligned: 6 (dim 0) != 4 (dim 0)"
sage,4,333,CMA_TDME,runtime_error,"ValueError: shapes (5,) and (4,2) not aligned: 5 (dim 0) != 4 (dim 0)"
sage,4,334,MAM_CMA,runtime_error,"ValueError: shapes (5,) and (4,2) not aligned: 5 (dim 0) != 4 (dim 0)"
sage,4,335,CMA_TDO,runtime_error,"ValueError: shapes (5,) and (4,2) not aligned: 5 (dim 0) != 4 (dim 0)"
sage,4,336,CMA_TDM,import_violation,scipy.stats is currently not allowed to be imported in this framework.
sage,4,337,TDMS_CMA,runtime_error,"ValueError: shapes (6,) and (4,2) not aligned: 6 (dim 0) != 4 (dim 0)"
sage,4,338,CDME,runtime_error,"ValueError: shapes (5,) and (4,2) not aligned: 5 (dim 0) != 4 (dim 0)"
sage,4,339,AOS_CMA,runtime_error,"ValueError: shapes (6,) and (4,2) not aligned: 6 (dim 0) != 4 (dim 0)"
sage,4,340,AIM_CMA,runtime_error,"ValueError: shapes (6,) and (4,2) not aligned: 6 (dim 0) != 4 (dim 0)"
sage,4,341,CMA_TMMS,runtime_error,IndexError: index 10 is out of bounds for axis 0 with size 4
sage,4,343,TD_MRS_CMA,runtime_error,"ValueError: shapes (5,) and (4,2) not aligned: 5 (dim 0) != 4 (dim 0)"
sage,4,344,MAO_CMA,runtime_error,"ValueError: shapes (5,) and (4,2) not aligned: 5 (dim 0) != 4 (dim 0)"
sage,4,345,CMA_AMOR,runtime_error,"ValueError: shapes (5,) and (4,2) not aligned: 5 (dim 0) != 4 (dim 0)"
sage,4,346,CMA_TDM,runtime_error,"ValueError: shapes (6,) and (4,2) not aligned: 6 (dim 0) != 4 (dim 0)"
sage,4,347,CMA_TDME,runtime_error,"ValueError: shapes (6,) and (4,2) not aligned: 6 (dim 0) != 4 (dim 0)"
sage,4,348,SAOS_CMA,runtime_error,"ValueError: shapes (6,) and (4,2) not aligned: 6 (dim 0) != 4 (dim 0)"
sage,4,351,AOS_CMA,runtime_error,RecursionError: maximum recursion depth exceeded
sage,4,352,TD_CMA,runtime_error,"ValueError: shapes (6,) and (4,2) not aligned: 6 (dim 0) != 4 (dim 0)"
sage,4,354,CMMA_ES,runtime_error,"ValueError: shapes (5,) and (4,2) not aligned: 5 (dim 0) != 4 (dim 0)"
sage,4,356,CMA_TD_Sobolev,runtime_error,"ValueError: shapes (6,) and (4,2) not aligned: 6 (dim 0) != 4 (dim 0)"
sage,4,357,CMA_ADS,runtime_error,"ValueError: shapes (6,) and (4,2) not aligned: 6 (dim 0) != 4 (dim 0)"
sage,4,358,MGTE,runtime_error,RecursionError: maximum recursion depth exceeded
sage,4,359,MS_ADCE,runtime_error,"ValueError: could not broadcast input array from shape (2,2) into shape (6,2)"
sage,4,360,AOS_CMA,runtime_error,"ValueError: shapes (6,) and (4,2) not aligned: 6 (dim 0) != 4 (dim 0)"
sage,4,362,CDME,runtime_error,"ValueError: shapes (5,) and (4,2) not aligned: 5 (dim 0) != 4 (dim 0)"
sage,4,363,CMA_SMAR,runtime_error,"ValueError: could not broadcast input array from shape (2,2) into shape (6,2)"
sage,4,364,TMAA_CMA,runtime_error,"ValueError: shapes (5,) and (4,2) not aligned: 5 (dim 0) != 4 (dim 0)"
sage,4,365,CF_AMS,runtime_error,"ValueError: shapes (5,) and (4,2) not aligned: 5 (dim 0) != 4 (dim 0)"
sage,4,366,CMA_SMM,runtime_error,IndexError: index 4 is out of bounds for axis 0 with size 4
sage,4,367,CMA_TDOM,runtime_error,"ValueError: shapes (6,) and (4,2) not aligned: 6 (dim 0) != 4 (dim 0)"
sage,4,368,AOS_CMA,runtime_error,"ValueError: shapes (6,) and (4,2) not aligned: 6 (dim 0) != 4 (dim 0)"
sage,4,369,MG_AOMA,runtime_error,"ValueError: shapes (5,) and (4,2) not aligned: 5 (dim 0) != 4 (dim 0)"
sage,4,370,CMA_TDS,runtime_error,RecursionError: maximum recursion depth exceeded
sage,4,372,TD_CMA,runtime_error,"ValueError: shapes (6,) and (4,2) not aligned: 6 (dim 0) != 4 (dim 0)"
sage,4,373,MG_CMA,runtime_error,"ValueError: shapes (6,) and (4,2) not aligned: 6 (dim 0) != 4 (dim 0)"
sage,4,374,MS_ADCE,runtime_error,"ValueError: shapes (5,) and (4,2) not aligned: 5 (dim 0) != 4 (dim 0)"
sage,4,375,CMA_RMDA,runtime_error,"ValueError: shapes (5,) and (4,2) not aligned: 5 (dim 0) != 4 (dim 0)"
sage,4,376,ODH_CMA,runtime_error,"ValueError: shapes (6,) and (4,2) not aligned: 6 (dim 0) != 4 (dim 0)"
sage,4,378,AOS_CMA,runtime_error,IndexError: index 4 is out of bounds for axis 0 with size 4
sage,4,379,TD_CMA,runtime_error,"ValueError: shapes (5,) and (4,2) not aligned: 5 (dim 0) != 4 (dim 0)"
sage,4,380,AOS_CMA,runtime_error,"ValueError: shapes (5,) and (4,2) not aligned: 5 (dim 0) != 4 (dim 0)"
sage,4,381,MS_ADCMA,runtime_error,IndexError: index 4 is out of bounds for axis 0 with size 4
sage,4,382,CMA_TDM,runtime_error,"ValueError: shapes (5,) and (4,2) not aligned: 5 (dim 0) != 4 (dim 0)"
sage,4,383,CMA_ADMOS,runtime_error,IndexError: index 4 is out of bounds for axis 0 with size 4
sage,4,384,AOS_CMA,runtime_error,"ValueError: shapes (6,) and (4,2) not aligned: 6 (dim 0) != 4 (dim 0)"
sage,4,385,CMA_TDOM,runtime_error,"ValueError: shapes (5,) and (4,2) not aligned: 5 (dim 0) != 4 (dim 0)"
sage,4,386,HDCMA,runtime_error,"ValueError: shapes (5,) and (4,2) not aligned: 5 (dim 0) != 4 (dim 0)"
sage,4,388,CMA_TD_MRS,runtime_error,"ValueError: shapes (6,) and (4,2) not aligned: 6 (dim 0) != 4 (dim 0)"
sage,4,391,AOS_CMA,runtime_error,"ValueError: shapes (6,) and (4,2) not aligned: 6 (dim 0) != 4 (dim 0)"
sage,4,392,CMA_OTE,runtime_error,"ValueError: shapes (6,) and (4,2) not aligned: 6 (dim 0) != 4 (dim 0)"
sage,4,393,CMA_TDM_AOS,runtime_error,IndexError: index 4 is out of bounds for axis 0 with size 4
sage,4,394,CDME,runtime_error,"ValueError: shapes (6,) and (4,2) not aligned: 6 (dim 0) != 4 (dim 0)"
sage,4,395,CMA_AOE,runtime_error,"ValueError: shapes (6,) and (4,2) not aligned: 6 (dim 0) != 4 (dim 0)"
sage,4,397,CMA_TD_MRS,runtime_error,"ValueError: shapes (6,) and (4,2) not aligned: 6 (dim 0) != 4 (dim 0)"
sage,4,398,CDME,import_violation,scipy.stats is currently not allowed to be imported in this framework.
sage,4,399,CMA_TD_DAE,runtime_error,"ValueError: shapes (5,) and (4,2) not aligned: 5 (dim 0) != 4 (dim 0)"
sage,4,400,HAC_DOS,runtime_error,IndexError: index 2 is out of bounds for axis 0 with size 2
sage,4,402,GD_CMA,runtime_error,IndexError: index 4 is out of bounds for axis 0 with size 4
sage,4,403,CMA_RMDE,runtime_error,"ValueError: shapes (6,) and (4,2) not aligned: 6 (dim 0) != 4 (dim 0)"
sage,4,404,CMA_TD_MSR,runtime_error,"ValueError: shapes (5,) and (4,2) not aligned: 5 (dim 0) != 4 (dim 0)"
sage,4,405,AOS_CMA,runtime_error,"ValueError: shapes (6,) and (4,2) not aligned: 6 (dim 0) != 4 (dim 0)"
sage,4,406,CMA_TMAPS,runtime_error,"ValueError: shapes (6,) and (4,2) not aligned: 6 (dim 0) != 4 (dim 0)"
sage,4,407,MSCA_CMA,runtime_error,"ValueError: shapes (6,) and (4,2) not aligned: 6 (dim 0) != 4 (dim 0)"
sage,4,408,CMA_AOA,runtime_error,"ValueError: shapes (5,) and (4,2) not aligned: 5 (dim 0) != 4 (dim 0)"
sage,4,409,AOS_CMA,runtime_error,"ValueError: shapes (5,) and (4,2) not aligned: 5 (dim 0) != 4 (dim 0)"
sage,4,410,CMA_TDOMS,runtime_error,"ValueError: shapes (5,) and (4,2) not aligned: 5 (dim 0) != 4 (dim 0)"
sage,4,411,MAM_CMA,runtime_error,"ValueError: operands could not be broadcast together with shapes (2,2) (6,1) "
sage,4,412,CMA_TMAPS,runtime_error,"ValueError: shapes (6,) and (4,2) not aligned: 6 (dim 0) != 4 (dim 0)"
sage,4,413,CMAMS,runtime_error,"ValueError: shapes (5,) and (4,2) not aligned: 5 (dim 0) != 4 (dim 0)"
sage,4,414,TMA_CMA,runtime_error,"ValueError: shapes (5,) and (4,2) not aligned: 5 (dim 0) != 4 (dim 0)"
sage,4,415,AOS_CMA,runtime_error,"ValueError: shapes (5,) and (4,2) not aligned: 5 (dim 0) != 4 (dim 0)"
sage,4,416,AOS_CMA,runtime_error,"ValueError: shapes (6,) and (4,2) not aligned: 6 (dim 0) != 4 (dim 0)"
sage,4,417,CMA_TDM,runtime_error,"ValueError: shapes (5,) and (4,2) not aligned: 5 (dim 0) != 4 (dim 0)"
sage,4,418,SGA_CMA,runtime_error,"ValueError: shapes (5,) and (4,2) not aligned: 5 (dim 0) != 4 (dim 0)"
sage,4,419,CMA_ADMS,runtime_error,"ValueError: shapes (6,) and (4,2) not aligned: 6 (dim 0) != 4 (dim 0)"
sage,4,420,CMA_MOR,runtime_error,"ValueError: shapes (6,) and (4,2) not aligned: 6 (dim 0) != 4 (dim 0)"
sage,4,421,CMA_RM_APS,runtime_error,"ValueError: shapes (6,) and (4,2) not aligned: 6 (dim 0) != 4 (dim 0)"
sage,4,422,GM_CMA,runtime_error,"ValueError: shapes (5,) and (4,2) not aligned: 5 (dim 0) != 4 (dim 0)"
sage,4,423,MSC_CMA,runtime_error,"ValueError: shapes (6,) and (4,2) not aligned: 6 (dim 0) != 4 (dim 0)"
sage,4,427,MAO_CMA,runtime_error,"ValueError: shapes (6,) and (4,2) not aligned: 6 (dim 0) != 4 (dim 0)"
sage,4,428,CMA_TDOM,runtime_error,"ValueError: shapes (6,) and (4,2) not aligned: 6 (dim 0) != 4 (dim 0)"
sage,4,429,MADE_CA,runtime_error,RecursionError: maximum recursion depth exceeded
sage,4,430,CMMA_ES,runtime_error,"ValueError: shapes (5,) and (4,2) not aligned: 5 (dim 0) != 4 (dim 0)"
sage,4,431,HD_CMA,runtime_error,"ValueError: shapes (6,) and (4,2) not aligned: 6 (dim 0) != 4 (dim 0)"
sage,4,432,TD_MRS_CMA,runtime_error,"ValueError: operands could not be broadcast together with shapes (4,2) (10,2) (4,2) "
sage,4,433,CMA_AMOM,runtime_error,IndexError: index 4 is out of bounds for axis 0 with size 4
sage,4,434,MSACS,runtime_error,RecursionError: maximum recursion depth exceeded
sage,4,435,CMA_MSTR,runtime_error,"ValueError: shapes (5,) and (4,2) not aligned: 5 (dim 0) != 4 (dim 0)"
sage,4,436,CMA_TDOM,runtime_error,"ValueError: shapes (5,) and (4,2) not aligned: 5 (dim 0) != 4 (dim 0)"
sage,4,437,AOS_CMA,runtime_error,"ValueError: shapes (6,) and (4,2) not aligned: 6 (dim 0) != 4 (dim 0)"
sage,4,438,TDM_AP_CMA,runtime_error,"ValueError: shapes (6,) and (4,2) not aligned: 6 (dim 0) != 4 (dim 0)"
sage,4,439,CMA_RMAM,runtime_error,IndexError: index 6 is out of bounds for axis 0 with size 4
sage,4,440,AOS_CMA,runtime_error,"ValueError: shapes (6,) and (4,2) not aligned: 6 (dim 0) != 4 (dim 0)"
sage,4,441,CDME,runtime_error,"ValueError: shapes (5,) and (4,2) not aligned: 5 (dim 0) != 4 (dim 0)"
sage,4,442,AOS_CMA,runtime_error,"ValueError: shapes (6,) and (4,2) not aligned: 6 (dim 0) != 4 (dim 0)"
sage,4,444,AOS_CMA,runtime_error,"ValueError: shapes (6,) and (4,2) not aligned: 6 (dim 0) != 4 (dim 0)"
sage,4,446,TD_CMA,runtime_error,"ValueError: shapes (5,) and (4,2) not aligned: 5 (dim 0) != 4 (dim 0)"
sage,4,448,AOS_CMA,runtime_error,"ValueError: shapes (6,) and (4,2) not aligned: 6 (dim 0) != 4 (dim 0)"
sage,4,450,CMATM_APS,runtime_error,IndexError: index 2 is out of bounds for axis 0 with size 2
sage,4,451,CMA_MAR,runtime_error,"ValueError: shapes (6,) and (4,2) not aligned: 6 (dim 0) != 4 (dim 0)"
sage,4,452,MATS,import_violation,scipy.linalg is currently not allowed to be imported in this framework.
sage,4,453,CMA_AOT,runtime_error,"ValueError: shapes (6,) and (4,2) not aligned: 6 (dim 0) != 4 (dim 0)"
sage,4,454,CMA_OS_DMASS,runtime_error,"ValueError: shapes (5,) and (4,2) not aligned: 5 (dim 0) != 4 (dim 0)"
sage,4,455,MSDCA,runtime_error,"ValueError: shapes (6,) and (4,2) not aligned: 6 (dim 0) != 4 (dim 0)"
sage,4,456,AOS_CMA,runtime_error,IndexError: index 2 is out of bounds for axis 0 with size 2
sage,4,457,CMA_TDOM,runtime_error,"ValueError: shapes (6,) and (4,2) not aligned: 6 (dim 0) != 4 (dim 0)"
sage,4,459,MAOS_CMA,runtime_error,"ValueError: shapes (6,) and (4,2) not aligned: 6 (dim 0) != 4 (dim 0)"
sage,4,460,AMA_CMA,runtime_error,"ValueError: shapes (5,) and (4,2) not aligned: 5 (dim 0) != 4 (dim 0)"
sage,4,461,AOS_CMA,runtime_error,"ValueError: shapes (6,) and (4,2) not aligned: 6 (dim 0) != 4 (dim 0)"
sage,4,462,CMA_TDME,runtime_error,"ValueError: shapes (6,) and (4,2) not aligned: 6 (dim 0) != 4 (dim 0)"
sage,4,463,CMA_SOM_ASD,runtime_error,"ValueError: shapes (5,) and (4,2) not aligned: 5 (dim 0) != 4 (dim 0)"
sage,4,464,MAM_CMA,runtime_error,IndexError: index 4 is out of bounds for axis 0 with size 4
sage,4,465,CMA_TMAA,runtime_error,"ValueError: shapes (5,) and (4,2) not aligned: 5 (dim 0) != 4 (dim 0)"
sage,4,466,MAO_CMA,runtime_error,"ValueError: shapes (5,) and (4,2) not aligned: 5 (dim 0) != 4 (dim 0)"
sage,4,470,AOS_CMA,runtime_error,"ValueError: shapes (5,) and (4,2) not aligned: 5 (dim 0) != 4 (dim 0)"
sage,4,471,AOS_CMA,runtime_error,IndexError: index 4 is out of bounds for axis 0 with size 4
sage,4,472,CF_ADM_CMA,runtime_error,IndexError: index 4 is out of bounds for axis 1 with size 4
sage,4,473,CDME,runtime_error,"ValueError: shapes (6,) and (4,2) not aligned: 6 (dim 0) != 4 (dim 0)"
sage,4,475,AOS_CMA,runtime_error,"ValueError: shapes (5,) and (4,2) not aligned: 5 (dim 0) != 4 (dim 0)"
sage,4,476,SWOMS_CMA,runtime_error,"ValueError: shapes (6,) and (4,2) not aligned: 6 (dim 0) != 4 (dim 0)"
sage,4,477,AOS_CMA,runtime_error,"ValueError: shapes (6,) and (4,2) not aligned: 6 (dim 0) != 4 (dim 0)"
sage,4,478,MAKS,runtime_error,"ValueError: shapes (5,) and (4,2) not aligned: 5 (dim 0) != 4 (dim 0)"
sage,4,479,MS_ADC,runtime_error,"ValueError: shapes (5,) and (4,2) not aligned: 5 (dim 0) != 4 (dim 0)"
sage,4,483,CMA_TDL_ARC,runtime_error,RecursionError: maximum recursion depth exceeded
sage,4,486,CMA_TDL_ARC,runtime_error,RecursionError: maximum recursion depth exceeded
sage,4,491,MAGF,import_violation,scipy.linalg is currently not allowed to be imported in this framework.
sage,4,498,CMA_AOL,runtime_error,"ValueError: shapes (6,) and (4,2) not aligned: 6 (dim 0) != 4 (dim 0)"
sage,5,6,CMAES_Active,runtime_error,"ValueError: operands could not be broadcast together with shapes (2,) (2,3) "
sage,5,67,DCMA,runtime_error,AttributeError: module 'numpy' has no attribute 'math'
sage,5,84,GFRMO,runtime_error,AttributeError: module 'numpy' has no attribute 'math'
sage,5,87,DE_ES,runtime_error,__init__ raised NameError: name 'floor' is not defined
sage,5,89,IGMS,runtime_error,RecursionError: maximum recursion depth exceeded
sage,5,95,DE_CMA,runtime_error,__init__ raised NameError: name 'floor' is not defined
sage,5,107,IGMS,runtime_error,AttributeError: 'IGMS' object has no attribute '_lev_flight'
sage,5,117,IGMS,runtime_error,RecursionError: maximum recursion depth exceeded
sage,5,119,IGMS,runtime_error,AttributeError: 'IGMS' object has no attribute '_lev_flight'
sage,5,170,EDTM,import_violation,scipy.linalg is currently not allowed to be imported in this framework.
sage,5,202,GFRMS,runtime_error,AttributeError: module 'numpy' has no attribute 'math'
sage,5,206,DME,runtime_error,RecursionError: maximum recursion depth exceeded
sage,5,234,OEMA,runtime_error,IndexError: index 4 is out of bounds for axis 0 with size 4
sage,5,243,EAOM,runtime_error,IndexError: index 4 is out of bounds for axis 0 with size 4
sage,5,248,EACA,import_violation,scipy.stats is currently not allowed to be imported in this framework.
sage,5,253,OMBA,runtime_error,"ValueError: operands could not be broadcast together with shapes (2,2) (4,1) "
sage,5,259,OMALE,runtime_error,AttributeError: module 'numpy' has no attribute 'math'
sage,5,272,AOM_CMA,runtime_error,"ValueError: operands could not be broadcast together with shapes (4,2) (5,1) "
sage,5,277,PGOE,runtime_error,RecursionError: maximum recursion depth exceeded
sage,5,281,OMES_LFI,runtime_error,AttributeError: module 'numpy' has no attribute 'math'
sage,5,282,OMAR,runtime_error,"ValueError: operands could not be broadcast together with shapes (2,2) (3,) "
sage,5,286,OMERA,runtime_error,"ValueError: operands could not be broadcast together with shapes (2,2) (5,1) "
sage,5,287,OMELAS,runtime_error,AttributeError: module 'numpy' has no attribute 'math'
sage,5,292,OTME,runtime_error,"ValueError: operands could not be broadcast together with shapes (2,2) (3,1) "
sage,5,299,OMEMJ,runtime_error,"ValueError: operands could not be broadcast together with shapes (2,2) (5,1) "
sage,5,300,OMAR,runtime_error,"ValueError: operands could not be broadcast together with shapes (2,2) (3,1) "
sage,5,301,PLDM,runtime_error,"ValueError: operands could not be broadcast together with shapes (2,2) (5,1) "
sage,5,302,OTM,runtime_error,"ValueError: operands could not be broadcast together with shapes (2,2) (5,1) "
sage,5,304,OTM,runtime_error,"ValueError: operands could not be broadcast together with shapes (2,2) (5,1) "
sage,5,309,OMELS,runtime_error,AttributeError: module 'numpy' has no attribute 'math'
sage,5,317,PEOM,runtime_error,"ValueError: operands could not be broadcast together with shapes (2,2) (4,1) "
sage,5,325,MGOS,runtime_error,"ValueError: operands could not be broadcast together with shapes (2,2) (4,1) "
sage,5,327,PEOM,runtime_error,"ValueError: operands could not be broadcast together with shapes (2,2) (4,1) "
sage,5,331,MGOS,runtime_error,"ValueError: matmul: Input operand 1 has a mismatch in its core dimension 0, with gufunc signature (n?,k),(k,m?)->(n?,m?) (size 3 is different from 2)"
sage,5,333,GMADS,runtime_error,"ValueError: operands could not be broadcast together with shapes (2,2) (5,1) "
sage,5,342,AOPT,runtime_error,"ValueError: operands could not be broadcast together with shapes (2,2) (4,1) (2,2) "
sage,5,346,TECAA,runtime_error,"ValueError: operands could not be broadcast together with shapes (2,2) (4,1) "
sage,5,354,PEOM,runtime_error,RecursionError: maximum recursion depth exceeded
sage,5,357,CF_OMS,runtime_error,"ValueError: operands could not be broadcast together with shapes (2,2) (4,1) "
sage,5,361,PEOM,runtime_error,RecursionError: maximum recursion depth exceeded
sage,5,365,MAGS,runtime_error,"ValueError: operands could not be broadcast together with shapes (3,2) (2,1) (3,2) "
sage,5,368,ARBE,runtime_error,RecursionError: maximum recursion depth exceeded
sage,5,371,CMA_EES,import_violation,scipy.stats is currently not allowed to be imported in this framework.
sage,5,383,HDAE,interface_mismatch,"__call__ failed: numpy boolean subtract, the `-` operator, is not supported, use the bitwise_xor, the `^` operator, or the logical_xor function instead."
sage,5,384,HDOM,runtime_error,"ValueError: operands could not be broadcast together with shapes (2,2) (1,4) "
sage,5,395,DSTS,unclassified_success,ok
sage,5,397,CMAE3,runtime_error,"ValueError: operands could not be broadcast together with shapes (2,4) (4,1) "
sage,5,417,CMA_EES,runtime_error,"ValueError: operands could not be broadcast together with shapes (2,2) (4,1) "
sage,5,426,CMAE_EP,runtime_error,"ValueError: operands could not be broadcast together with shapes (2,2) (4,1) (2,2) "
sage,5,428,EACME,runtime_error,"ValueError: operands could not be broadcast together with shapes (2,2) (3,1) "
sage,5,430,AMDES,runtime_error,RecursionError: maximum recursion depth exceeded
sage,5,432,CASM,runtime_error,"ValueError: operands could not be broadcast together with shapes (2,2) (3,1) "
sage,5,444,CMA_BIM,runtime_error,IndexError: index 4 is out of bounds for axis 0 with size 4
sage,5,451,GMS,unclassified_success,ok
sage,5,454,CMA_DEB,runtime_error,"ValueError: operands could not be broadcast together with shapes (2,2) (3,1) (2,2) "
sage,5,456,CMA_EER,runtime_error,RecursionError: maximum recursion depth exceeded
sage,5,458,CMA_TDE,runtime_error,AttributeError: module 'numpy.linalg' has no attribute 'expm'
sage,5,459,BA_CMA,runtime_error,IndexError: index 4 is out of bounds for axis 0 with size 4
sage,5,460,CMA_BDE,runtime_error,IndexError: index 4 is out of bounds for axis 0 with size 4
sage,5,462,CMA_TDE,runtime_error,IndexError: index 2 is out of bounds for axis 0 with size 2
sage,5,466,CMA_TDE,runtime_error,RecursionError: maximum recursion depth exceeded
sage,5,468,CMA_EES,runtime_error,RecursionError: maximum recursion depth exceeded
sage,5,475,DCA_Optimizer,runtime_error,RecursionError: maximum recursion depth exceeded
sage,5,476,OM_CMA_TD,runtime_error,"ValueError: operands could not be broadcast together with shapes (2,2) (3,) "
sage,5,480,PAM_CMA,runtime_error,"ValueError: operands could not be broadcast together with shapes (2,2) (4,1) "
sage,5,484,OTS_CMA,runtime_error,AttributeError: module 'numpy.linalg' has no attribute 'expm'
sage,5,486,BAM_CA,runtime_error,IndexError: index 4 is out of bounds for axis 0 with size 4
sage,5,491,BA_CMA,runtime_error,IndexError: index 4 is out of bounds for axis 0 with size 4
sage,5,495,CMA_EES,runtime_error,"ValueError: operands could not be broadcast together with shapes (2,2) (4,1) "
sage,5,497,CMA_EES,runtime_error,"ValueError: operands could not be broadcast together with shapes (2,2) (3,1) "
sage,5,498,OTS_CMA,runtime_error,"ValueError: operands could not be broadcast together with shapes (2,2) (5,1) "
sage,6,3,EccentricDifferentialSearch,unclassified_success,ok
sage,6,10,ACD_DE,runtime_error,AttributeError: 'ACD_DE' object has no attribute 'B'
sage,6,12,RADEP,runtime_error,ValueError: setting an array element with a sequence.
sage,6,15,AdaptiveManifoldDE,interface_mismatch,__call__ failed: unsupported operand type(s) for ** or pow(): 'list' and 'int'
sage,6,18,AnisotropicHistoryDE,runtime_error,AttributeError: module 'numpy.random' has no attribute 'cauchy'
sage,6,20,AdaptiveOrthogonalBiasedDE,runtime_error,IndexError: list index out of range
sage,6,37,AdaptiveOrthogonalBiasedDE,runtime_error,AttributeError: module 'numpy.random' has no attribute 'cauchy'
sage,6,45,HVMA_Optimizer,runtime_error,RecursionError: maximum recursion depth exceeded
sage,6,57,AOIC_Optimizer,runtime_error,RecursionError: maximum recursion depth exceeded
sage,6,58,DE_CMA_Optimizer,runtime_error,RecursionError: maximum recursion depth exceeded
sage,6,59,AME_CMA_Optimizer,runtime_error,RecursionError: maximum recursion depth exceeded
sage,6,63,APS_CMA,runtime_error,RecursionError: maximum recursion depth exceeded
sage,6,71,ASPMO,runtime_error,RecursionError: maximum recursion depth exceeded
sage,6,74,DPIC_Optimizer,runtime_error,RecursionError: maximum recursion depth exceeded
sage,6,77,AMIC_Optimizer,runtime_error,RecursionError: maximum recursion depth exceeded
sage,6,82,OT_CMA,runtime_error,RecursionError: maximum recursion depth exceeded
sage,6,101,MAHT_CMA,runtime_error,RecursionError: maximum recursion depth exceeded
sage,6,113,HALO_CMA,runtime_error,RecursionError: maximum recursion depth exceeded
sage,6,140,HYDRA,runtime_error,RecursionError: maximum recursion depth exceeded
sage,6,144,TENSOR_CMA,runtime_error,__init__ raised NameError: name 'floor_log' is not defined
sage,6,157,FSCT,runtime_error,AttributeError: module 'numpy' has no attribute 'math'
sage,6,182,OG_CMA,runtime_error,RecursionError: maximum recursion depth exceeded
sage,6,185,DYNAMO_CMA,runtime_error,RecursionError: maximum recursion depth exceeded
sage,6,204,TENSOR_CMA,runtime_error,__init__ raised NameError: name 'floor_log_scale' is not defined
sage,6,205,TENSOR_CMA,runtime_error,__init__ raised NameError: name 'floor_log_scale' is not defined
sage,6,216,TRI_CMA,import_violation,scipy.stats is currently not allowed to be imported in this framework.
sage,6,242,EAGLE_CMA,runtime_error,RecursionError: maximum recursion depth exceeded
sage,6,252,TENSOR_CMA,runtime_error,__init__ raised NameError: name 'floor_log_scale' is not defined
sage,6,258,OAMD,runtime_error,IndexError: index 2 is out of bounds for axis 0 with size 2
sage,6,260,OG_CMA,runtime_error,__init__ raised NameError: name 'floor_log_scale' is not defined
sage,6,262,AEON_CMA,runtime_error,RecursionError: maximum recursion depth exceeded
sage,6,267,TIGHT_CMA,runtime_error,__init__ raised NameError: name 'floor' is not defined
sage,6,296,SPECTRA_CMA,code_generation,"invalid syntax (<unknown>, line 11)"
sage,6,304,DYNAMO_CMA,runtime_error,__init__ raised NameError: name 'floor_log_scale' is not defined
sage,6,309,EAGLE_CMA,runtime_error,RecursionError: maximum recursion depth exceeded
sage,6,311,TESSERACT_ES,runtime_error,RecursionError: maximum recursion depth exceeded
sage,6,315,DYNAMO_CMA,code_generation,"invalid syntax (<unknown>, line 12)"
sage,6,341,OAM_CMA,runtime_error,__init__ raised NameError: name 'floor_log_scale' is not defined
sage,6,370,DYNAMO_CMA,runtime_error,AttributeError: module 'numpy' has no attribute 'math'
sage,6,385,FDOS,runtime_error,RecursionError: maximum recursion depth exceeded
sage,6,403,META_CMA,runtime_error,__init__ raised NameError: name 'floor_log_pop' is not defined
sage,6,405,OOS,import_violation,scipy.linalg is currently not allowed to be imported in this framework.
sage,6,410,FSTE,unclassified_success,ok
sage,6,426,FSMTAS,interface_mismatch,__call__ failed: unsupported operand type(s) for -: 'NoneType' and 'float'
sage,6,429,EAGLE_CMA,runtime_error,RecursionError: maximum recursion depth exceeded
sage,6,461,OTS_Optimizer,import_violation,scipy.stats is currently not allowed to be imported in this framework.
sage,6,462,PAACE,runtime_error,RecursionError: maximum recursion depth exceeded
sage,6,467,OTS_Optimizer,import_violation,scipy.stats is currently not allowed to be imported in this framework.
sage,6,472,EAGLE_CMA,runtime_error,RecursionError: maximum recursion depth exceeded
sage,6,474,OA_CMA,code_generation,"invalid syntax (<unknown>, line 11)"
sage,6,478,OAM_CMA,runtime_error,RecursionError: maximum recursion depth exceeded
sage,6,485,EAGLE_CMA,runtime_error,RecursionError: maximum recursion depth exceeded
sage,6,487,OOS,import_violation,scipy.linalg is currently not allowed to be imported in this framework.
sage,6,492,OAM_CMA,runtime_error,RecursionError: maximum recursion depth exceeded
sage,7,22,DEM_ES,unclassified_success,ok
sage,7,28,EntropyEnhancedDE,runtime_error,__init__ raised AttributeError: 'EntropyEnhancedDE' object has no attribute 'func'
sage,7,39,Adaptive_Mirrored_CMAES,runtime_error,RecursionError: maximum recursion depth exceeded
sage,7,70,Entropy_CMAES_Hybrid,runtime_error,IndexError: index 5 is out of bounds for axis 0 with size 5
sage,7,82,DE_CMAES_Hybrid,runtime_error,RecursionError: maximum recursion depth exceeded
sage,7,86,Entropy_CMAES_Hybrid,runtime_error,RecursionError: maximum recursion depth exceeded
sage,7,91,Entropy_CMAES_Hybrid,runtime_error,RecursionError: maximum recursion depth exceeded
sage,7,97,Entropy_CMAES_Hybrid,runtime_error,RecursionError: maximum recursion depth exceeded
sage,7,98,GEB_CMA,runtime_error,RecursionError: maximum recursion depth exceeded
sage,7,100,Entropy_CMAES_Hybrid,runtime_error,RecursionError: maximum recursion depth exceeded
sage,7,107,Entropy_CMAES_Hybrid,runtime_error,IndexError: index 2 is out of bounds for axis 0 with size 2
sage,7,113,GEM_CMA_ES,import_violation,scipy.linalg is currently not allowed to be imported in this framework.
sage,7,117,APS_CMA_ES,runtime_error,RecursionError: maximum recursion depth exceeded
sage,7,123,Entropy_CMAES_Hybrid,runtime_error,RecursionError: maximum recursion depth exceeded
sage,7,125,DE_CMA_ES_Hybrid,runtime_error,RecursionError: maximum recursion depth exceeded
sage,7,126,Entropy_CMAES_Hybrid,import_violation,"scipy.stats, scipy.special are currently not allowed to be imported in this framework."
sage,7,128,Entropy_CMAES_Hybrid,import_violation,scipy.stats is currently not allowed to be imported in this framework.
sage,7,134,Entropy_CMAES_Hybrid,runtime_error,RecursionError: maximum recursion depth exceeded
sage,7,135,Entropy_CMAES_Hybrid,runtime_error,RecursionError: maximum recursion depth exceeded
sage,7,141,Entropy_CMAES_Hybrid,runtime_error,RecursionError: maximum recursion depth exceeded
sage,7,144,Entropy_CMAES_Hybrid,runtime_error,RecursionError: maximum recursion depth exceeded
sage,7,147,Entropy_CMAES_Hybrid,import_violation,scipy.stats is currently not allowed to be imported in this framework.
sage,7,151,MAM_CMA,runtime_error,RecursionError: maximum recursion depth exceeded
sage,7,156,Entropy_CMAES_Hybrid,runtime_error,RecursionError: maximum recursion depth exceeded
sage,7,159,GE_BCMA,runtime_error,RecursionError: maximum recursion depth exceeded
sage,7,161,Entropy_CMAES_Hybrid,runtime_error,RecursionError: maximum recursion depth exceeded
sage,7,166,Entropy_CMAES_Hybrid,runtime_error,RecursionError: maximum recursion depth exceeded
sage,7,168,AOMS_CMAES,import_violation,scipy.stats is currently not allowed to be imported in this framework.
sage,7,169,GEMC_CMA,runtime_error,RecursionError: maximum recursion depth exceeded
sage,7,185,DA_CMAES,runtime_error,RecursionError: maximum recursion depth exceeded
sage,7,189,DE_CMA_Optimizer,import_violation,scipy.stats is currently not allowed to be imported in this framework.
sage,7,192,Entropy_CMAES_Hybrid,runtime_error,"ValueError: operands could not be broadcast together with shapes (2,2) (6,1) "
sage,7,198,Entropy_CMAES_Hybrid,runtime_error,RecursionError: maximum recursion depth exceeded
sage,7,207,MA_ES_Density_Optimizer,runtime_error,RecursionError: maximum recursion depth exceeded
sage,7,212,DE_CMA_Hybrid,runtime_error,"ValueError: matmul: Input operand 1 has a mismatch in its core dimension 0, with gufunc signature (n?,k),(k,m?)->(n?,m?) (size 3 is different from 2)"
sage,7,216,GE_CMAES_Hybrid,import_violation,scipy.stats is currently not allowed to be imported in this framework.
sage,7,217,Spectral_Entropy_CMAES,runtime_error,RecursionError: maximum recursion depth exceeded
sage,7,218,Entropy_CMAES_Hybrid,runtime_error,RecursionError: maximum recursion depth exceeded
sage,7,220,AOE_CMA_ES,runtime_error,RecursionError: maximum recursion depth exceeded
sage,7,221,AEI_CMA_ES,runtime_error,RecursionError: maximum recursion depth exceeded
sage,7,225,AOE_CMA_ES,runtime_error,RecursionError: maximum recursion depth exceeded
sage,7,232,Sobolev_CMAES,import_violation,scipy.stats is currently not allowed to be imported in this framework.
sage,7,233,Sobolev_Augmented_CMAES,runtime_error,RecursionError: maximum recursion depth exceeded
sage,7,234,Sobolev_SSGFO,runtime_error,IndexError: index 4 is out of bounds for axis 0 with size 4
sage,7,235,Sobolev_CMAES_Edge,runtime_error,RecursionError: maximum recursion depth exceeded
sage,7,237,Sobolev_Manifold_CMAES,import_violation,"scipy.stats, scipy.stats are currently not allowed to be imported in this framework."
sage,7,239,Sobolev_Enhanced_CMAES,runtime_error,"ValueError: operands could not be broadcast together with shapes (2,2) (3,2) "
sage,7,240,HDO_CMAES,runtime_error,RecursionError: maximum recursion depth exceeded
sage,7,241,AED_CMAES,runtime_error,RecursionError: maximum recursion depth exceeded
sage,7,246,SS_DGO,import_violation,scipy.stats is currently not allowed to be imported in this framework.
sage,7,247,Geometric_Expansion_CMAES,runtime_error,RecursionError: maximum recursion depth exceeded
sage,7,248,ASI_CMAES,import_violation,scipy.stats is currently not allowed to be imported in this framework.
sage,7,250,Quasirandom_Entropy_CMAES,import_violation,scipy.stats is currently not allowed to be imported in this framework.
sage,7,252,AOA_CMA_ES,runtime_error,RecursionError: maximum recursion depth exceeded
sage,7,259,Geometric_Expansion_CMAES,import_violation,scipy.stats is currently not allowed to be imported in this framework.
sage,7,260,ASI_CMAES,import_violation,"scipy.stats, scipy.stats are currently not allowed to be imported in this framework."
sage,7,261,ASI_CMAES,import_violation,scipy.stats is currently not allowed to be imported in this framework.
sage,7,263,SAMO_CMA,import_violation,scipy.stats is currently not allowed to be imported in this framework.
sage,7,268,Sobolev_CMAES_Edge,import_violation,"scipy.stats, scipy.special are currently not allowed to be imported in this framework."
sage,7,272,Sobol_Active_CMAES,import_violation,scipy.stats is currently not allowed to be imported in this framework.
sage,7,274,ASI_CMAES,import_violation,scipy.stats is currently not allowed to be imported in this framework.
sage,7,275,SSA_CMA_ES,import_violation,"scipy.stats, scipy.stats are currently not allowed to be imported in this framework."
sage,7,276,Entropy_CMAES_Hybrid,import_violation,scipy.stats is currently not allowed to be imported in this framework.
sage,7,277,ASI_CMA_ES,import_violation,"scipy.stats, scipy.special are currently not allowed to be imported in this framework."
sage,7,279,Sobolev_Enhanced_CMAES,import_violation,"scipy.stats, scipy.stats are currently not allowed to be imported in this framework."
sage,7,280,ASI_CMA_ES,import_violation,scipy.stats is currently not allowed to be imported in this framework.
sage,7,282,Entropy_CMAES_Hybrid,runtime_error,RecursionError: maximum recursion depth exceeded
sage,7,283,AOM_CMA_ES,runtime_error,"ValueError: operands could not be broadcast together with shapes (2,2) (3,) "
sage,7,284,Sobolev_Manifold_CMAES,import_violation,scipy.stats is currently not allowed to be imported in this framework.
sage,7,285,HD_OCMA,runtime_error,"ValueError: matmul: Input operand 1 has a mismatch in its core dimension 0, with gufunc signature (n?,k),(k,m?)->(n?,m?) (size 2 is different from 3)"
sage,7,286,DensityEnhanced_CMAES,import_violation,"scipy.stats, scipy.special are currently not allowed to be imported in this framework."
sage,7,290,AOR_CMA,runtime_error,"ValueError: operands could not be broadcast together with shapes (2,2) (3,1) "
sage,7,292,HDM_CMA_ES,import_violation,scipy.stats is currently not allowed to be imported in this framework.
sage,7,293,AOR_CMAES,import_violation,"scipy.stats, scipy.stats are currently not allowed to be imported in this framework."
sage,7,294,DensityEnhanced_CMAES,runtime_error,RecursionError: maximum recursion depth exceeded
sage,7,295,Sobolev_Enhanced_CMAES,import_violation,"scipy.stats, scipy.stats are currently not allowed to be imported in this framework."
sage,7,296,OrthoReflective_CMAES,runtime_error,RecursionError: maximum recursion depth exceeded
sage,7,297,Spectral_Decoupling_CMA,import_violation,scipy.stats is currently not allowed to be imported in this framework.
sage,7,304,Sobolev_Augmented_CMAES,runtime_error,RecursionError: maximum recursion depth exceeded
sage,7,305,BoundaryAdaptive_CMAES,import_violation,"scipy.stats, scipy.stats are currently not allowed to be imported in this framework."
sage,7,307,ASM_CMA,import_violation,scipy.stats is currently not allowed to be imported in this framework.
sage,7,311,Sobolev_Enhanced_CMAES,import_violation,scipy.stats is currently not allowed to be imported in this framework.
sage,7,314,Sobolev_CMAES_Edge,runtime_error,RecursionError: maximum recursion depth exceeded
sage,7,316,AS_CMA_ES,import_violation,"scipy.stats, scipy.special are currently not allowed to be imported in this framework."
sage,7,318,OQE_CMA_ES,import_violation,"scipy.stats, scipy.stats are currently not allowed to be imported in this framework."
sage,7,319,Sobolev_Enhanced_CMAES,runtime_error,RecursionError: maximum recursion depth exceeded
sage,7,325,Sobolev_Manifold_CMAES,import_violation,"scipy.stats, scipy.stats are currently not allowed to be imported in this framework."
sage,7,326,Sobolev_Enhanced_CMAES,import_violation,scipy.stats is currently not allowed to be imported in this framework.
sage,7,327,SSEA_CMA_ES,runtime_error,RecursionError: maximum recursion depth exceeded
sage,7,328,EDE_CMA,runtime_error,RecursionError: maximum recursion depth exceeded
sage,7,329,ASM_CMA,import_violation,scipy.stats is currently not allowed to be imported in this framework.
sage,7,330,HDM_CMAES,import_violation,scipy.stats is currently not allowed to be imported in this framework.
sage,7,331,SSA_CMA_ES,import_violation,scipy.stats is currently not allowed to be imported in this framework.
sage,7,332,Sobolev_DES,import_violation,scipy.stats is currently not allowed to be imported in this framework.
sage,7,333,Sobol_Mirror_CMAES,import_violation,"scipy.stats, scipy.stats are currently not allowed to be imported in this framework."
sage,7,335,ASPDC_Optimization,import_violation,scipy.stats is currently not allowed to be imported in this framework.
sage,7,336,OSM_ES,import_violation,scipy.stats is currently not allowed to be imported in this framework.
sage,7,339,AS_CMA_ES,import_violation,"scipy.stats, scipy.stats, scipy.stats are currently not allowed to be imported in this framework."
sage,7,341,HDM_CMA_ES,import_violation,scipy.stats is currently not allowed to be imported in this framework.
sage,7,342,Curvature_Adaptive_CMAES,import_violation,scipy.stats is currently not allowed to be imported in this framework.
sage,7,343,Sobolev_Enhanced_CMAES,import_violation,scipy.stats is currently not allowed to be imported in this framework.
sage,7,346,SobolevEdgeSearch,runtime_error,"ValueError: matmul: Input operand 1 has a mismatch in its core dimension 0, with gufunc signature (n?,k),(k,m?)->(n?,m?) (size 4 is different from 5)"
sage,7,350,Sobolev_CMA_ES,import_violation,scipy.stats is currently not allowed to be imported in this framework.
sage,7,352,SS_CMA_ES,import_violation,"scipy.stats, scipy.special are currently not allowed to be imported in this framework."
sage,7,353,AOR_CMA_ES,runtime_error,RecursionError: maximum recursion depth exceeded
sage,7,354,ASM_CMAES,import_violation,scipy.stats is currently not allowed to be imported in this framework.
sage,7,355,OMA_CMA_ES,runtime_error,IndexError: index 5 is out of bounds for axis 0 with size 5
sage,7,357,AEI_CMA_ES,runtime_error,RecursionError: maximum recursion depth exceeded
sage,7,360,SobolMirror_CMAES,import_violation,scipy.stats is currently not allowed to be imported in this framework.
sage,7,362,Sobolev_Manifold_Explorer,import_violation,scipy.stats is currently not allowed to be imported in this framework.
sage,7,363,AOR_CMA_ES,import_violation,scipy.stats is currently not allowed to be imported in this framework.
sage,7,367,Sobolev_Enhanced_CMAES,import_violation,scipy.stats is currently not allowed to be imported in this framework.
sage,7,369,BAA_CMA_Optimizer,runtime_error,"ValueError: shape mismatch: value array of shape (2,2) could not be broadcast to indexing result of shape (3,2)"
sage,7,371,Sobolev_Enhanced_CMAES,import_violation,scipy.stats is currently not allowed to be imported in this framework.
sage,7,377,CS_CMA_ES,runtime_error,RecursionError: maximum recursion depth exceeded
sage,7,379,Sobolev_Manifold_CMAES,import_violation,"scipy.stats, scipy.stats are currently not allowed to be imported in this framework."
sage,7,381,Sobolev_CMAES_Edge,runtime_error,RecursionError: maximum recursion depth exceeded
sage,7,384,ASO_CMA_ES,import_violation,scipy.stats is currently not allowed to be imported in this framework.
sage,7,386,SSA_CMA_ES,runtime_error,RecursionError: maximum recursion depth exceeded
sage,7,389,Sobolev_Enhanced_CMAES,import_violation,scipy.stats is currently not allowed to be imported in this framework.
sage,7,390,SSA_CMA_ES,import_violation,scipy.stats is currently not allowed to be imported in this framework.
sage,7,393,Geometric_Expansion_CMAES,import_violation,scipy.stats is currently not allowed to be imported in this framework.
sage,7,394,ASI_CMAES,import_violation,scipy.stats is currently not allowed to be imported in this framework.
sage,7,395,ASI_CMA_ES,import_violation,scipy.stats is currently not allowed to be imported in this framework.
sage,7,397,CurvatureAdaptive_CMAES,runtime_error,RecursionError: maximum recursion depth exceeded
sage,7,399,Sobolev_Enhanced_ACMA,import_violation,"scipy.stats, scipy.stats are currently not allowed to be imported in this framework."
sage,7,401,ASI_CMA_ES,import_violation,scipy.stats is currently not allowed to be imported in this framework.
sage,7,404,QO_CMA_ES,import_violation,scipy.stats is currently not allowed to be imported in this framework.
sage,7,409,Sobolev_Manifold_CMAES,import_violation,scipy.stats is currently not allowed to be imported in this framework.
sage,7,411,Sobolev_Manifold_CMAES,import_violation,"scipy.stats, scipy.special are currently not allowed to be imported in this framework."
sage,7,412,Sobolev_Edge_CMAES,import_violation,scipy.stats is currently not allowed to be imported in this framework.
sage,7,413,HDO_CMA_ES,runtime_error,RecursionError: maximum recursion depth exceeded
sage,7,418,SSA_CMA_ES,import_violation,scipy.stats is currently not allowed to be imported in this framework.
sage,7,419,OSS_CMA_ES,import_violation,scipy.stats is currently not allowed to be imported in this framework.
sage,7,421,ASI_CMA_ES,import_violation,"scipy.stats, scipy.special are currently not allowed to be imported in this framework."
sage,7,422,GeometricExpansionCMAES,import_violation,scipy.stats is currently not allowed to be imported in this framework.
sage,7,423,HDM_CMA_ES,import_violation,scipy.stats is currently not allowed to be imported in this framework.
sage,7,425,Orthogonal_Entropy_CMAES,import_violation,"scipy.stats, scipy.special are currently not allowed to be imported in this framework."
sage,7,427,AOR_CMA_ES,runtime_error,RecursionError: maximum recursion depth exceeded
sage,7,429,Sobolev_Enhanced_CMAES,import_violation,"scipy.stats, scipy.stats are currently not allowed to be imported in this framework."
sage,7,433,Orthogonal_Entropy_CMAES,runtime_error,RecursionError: maximum recursion depth exceeded
sage,7,435,SSD_CMA_ES,runtime_error,RecursionError: maximum recursion depth exceeded
sage,7,436,ASI_CMA_ES,import_violation,scipy.stats is currently not allowed to be imported in this framework.
sage,7,438,Sobolev_Manifold_CMAES,import_violation,scipy.stats is currently not allowed to be imported in this framework.
sage,7,442,OSA_CMA_ES,import_violation,scipy.stats is currently not allowed to be imported in this framework.
sage,7,444,Sobolev_Enhanced_CMAES,import_violation,scipy.stats is currently not allowed to be imported in this framework.
sage,7,450,ASI_CMAES,import_violation,"scipy.stats, scipy.special are currently not allowed to be imported in this framework."
sage,7,452,Sobolev_Enhanced_CMAES,import_violation,"scipy.stats, scipy.stats, scipy.stats are currently not allowed to be imported in this framework."
sage,7,454,Sobolev_Manifold_CMAES,import_violation,scipy.stats is currently not allowed to be imported in this framework.
sage,7,457,SE_A_CMA,import_violation,"scipy.stats, scipy.stats are currently not allowed to be imported in this framework."
sage,7,458,Sobolev_CMAES_Mirror,import_violation,scipy.stats is currently not allowed to be imported in this framework.
sage,7,459,SS_MCMS_CMAES,import_violation,scipy.stats is currently not allowed to be imported in this framework.
sage,7,467,IGMS,runtime_error,RecursionError: maximum recursion depth exceeded
sage,7,469,EAO_CMA,runtime_error,RecursionError: maximum recursion depth exceeded
sage,7,474,EA_OS_CMA,runtime_error,RecursionError: maximum recursion depth exceeded
sage,7,475,EMO_CMA,runtime_error,RecursionError: maximum recursion depth exceeded
sage,7,481,EG_ACMA,runtime_error,RecursionError: maximum recursion depth exceeded
sage,7,489,EA_OS_ACMA,runtime_error,RecursionError: maximum recursion depth exceeded
sage,7,492,EA_OS_ACMA,runtime_error,RecursionError: maximum recursion depth exceeded
sage,7,493,EAO_CMA,runtime_error,RecursionError: maximum recursion depth exceeded
sage,7,497,EDM_CMA,runtime_error,IndexError: index 2 is out of bounds for axis 0 with size 2
sage,8,17,AdaptiveEccentricityEvolution,runtime_error,RecursionError: maximum recursion depth exceeded
sage,8,34,AdaptiveEccentricEvolution,runtime_error,RecursionError: maximum recursion depth exceeded
sage,8,42,AdaptiveAnisotropicEvolution,runtime_error,"ValueError: operands could not be broadcast together with shapes (4,) (6,2) "
sage,8,144,DBCAEvolutionStrategy,runtime_error,"ValueError: operands could not be broadcast together with shapes (2,2) (5,1) "
sage,8,145,DBCAEvolutionStrategy,runtime_error,"ValueError: operands could not be broadcast together with shapes (2,2) (3,1) "
sage,8,146,DBCAEvolutionStrategy,runtime_error,"ValueError: operands could not be broadcast together with shapes (2,2) (3,1) "
sage,8,147,DBCAEvolutionStrategy,runtime_error,"ValueError: operands could not be broadcast together with shapes (2,2) (4,1) "
sage,8,148,DBCAEvolutionStrategy,runtime_error,"ValueError: operands could not be broadcast together with shapes (2,2) (4,1) "
sage,8,149,DBCAEvolutionStrategy,runtime_error,RecursionError: maximum recursion depth exceeded
sage,8,150,DBCAEvolutionStrategy,runtime_error,"ValueError: operands could not be broadcast together with shapes (2,2) (6,1) "
sage,8,152,DBCAEvolutionStrategy,runtime_error,"ValueError: operands could not be broadcast together with shapes (2,2) (6,1) "
sage,8,154,DBCAEvolutionStrategy,runtime_error,"ValueError: operands could not be broadcast together with shapes (2,2) (5,1) "
sage,8,156,DBCAEvolutionStrategy,runtime_error,"ValueError: operands could not be broadcast together with shapes (2,2) (4,1) "
sage,8,160,DBCAEvolutionStrategy,runtime_error,"ValueError: operands could not be broadcast together with shapes (2,2) (4,1) "
sage,8,161,DBCAEvolutionStrategy,runtime_error,RecursionError: maximum recursion depth exceeded
sage,8,163,DBCAEvolutionStrategy,runtime_error,"ValueError: operands could not be broadcast together with shapes (2,2) (3,1) "
sage,8,165,AMES,runtime_error,AttributeError: module 'numpy.linalg' has no attribute 'expm'
sage,8,166,DBCAEvolutionStrategy,runtime_error,"ValueError: operands could not be broadcast together with shapes (2,2) (6,1) "
sage,8,168,DBCAEvolutionStrategy,runtime_error,RecursionError: maximum recursion depth exceeded
sage,8,169,DBCAEvolutionStrategy,runtime_error,"ValueError: operands could not be broadcast together with shapes (2,2) (5,1) "
sage,8,171,DBCAEvolutionStrategy,runtime_error,"ValueError: operands could not be broadcast together with shapes (2,2) (3,1) "
sage,8,173,DBCAEvolutionStrategy,runtime_error,"ValueError: operands could not be broadcast together with shapes (2,2) (6,1) "
sage,8,174,DBCAEvolutionStrategy,runtime_error,"ValueError: operands could not be broadcast together with shapes (2,2) (3,1) "
sage,8,175,DBCAEvolutionStrategy,runtime_error,"ValueError: operands could not be broadcast together with shapes (2,2) (5,1) "
sage,8,176,DBCAEvolutionStrategy,runtime_error,"ValueError: operands could not be broadcast together with shapes (2,2) (4,1) "
sage,8,178,DBCAEvolutionStrategy,import_violation,scipy.stats is currently not allowed to be imported in this framework.
sage,8,180,DBCAEvolutionStrategy,runtime_error,"ValueError: operands could not be broadcast together with shapes (2,2) (5,1) "
sage,8,181,DBCAEvolutionStrategy,runtime_error,RecursionError: maximum recursion depth exceeded
sage,8,182,DBCAEvolutionStrategy,runtime_error,"ValueError: operands could not be broadcast together with shapes (2,2) (5,1) "
sage,8,183,DBCAEvolutionStrategy,runtime_error,"ValueError: operands could not be broadcast together with shapes (2,2) (5,1) "
sage,8,184,DBCAEvolutionStrategy,runtime_error,"ValueError: operands could not be broadcast together with shapes (2,2) (3,1) "
sage,8,186,DBCAEvolutionStrategy,runtime_error,RecursionError: maximum recursion depth exceeded
sage,8,187,DBCAEvolutionStrategy,runtime_error,"ValueError: operands could not be broadcast together with shapes (2,2) (3,1) "
sage,8,188,DBCAEvolutionStrategy,runtime_error,AttributeError: module 'numpy' has no attribute 'math'
sage,8,190,DBCAEvolutionStrategy,runtime_error,"ValueError: operands could not be broadcast together with shapes (2,2) (6,1) "
sage,8,194,DBCAEvolutionStrategy,import_violation,scipy.linalg is currently not allowed to be imported in this framework.
sage,8,195,DBCAEvolutionStrategy,runtime_error,"ValueError: operands could not be broadcast together with shapes (2,2) (6,1) "
sage,8,196,DBCAEvolutionStrategy,import_violation,scipy.linalg is currently not allowed to be imported in this framework.
sage,8,199,DBCAEvolutionStrategy,import_violation,scipy.linalg is currently not allowed to be imported in this framework.
sage,8,201,DBCAEvolutionStrategy,runtime_error,"ValueError: operands could not be broadcast together with shapes (2,2) (5,1) "
sage,8,204,DBCAEvolutionStrategy,import_violation,scipy.stats is currently not allowed to be imported in this framework.
sage,8,206,DBCAEvolutionStrategy,runtime_error,"ValueError: operands could not be broadcast together with shapes (2,2) (3,1) "
sage,8,207,DBCAEvolutionStrategy,runtime_error,"ValueError: operands could not be broadcast together with shapes (2,2) (5,1) "
sage,8,208,DBCAEvolutionStrategy,runtime_error,"ValueError: operands could not be broadcast together with shapes (2,2) (6,1) "
sage,8,209,DBCAEvolutionStrategy,runtime_error,"ValueError: operands could not be broadcast together with shapes (2,2) (4,1) "
sage,8,210,DBCAEvolutionStrategy,runtime_error,RecursionError: maximum recursion depth exceeded
sage,8,213,DBCAEvolutionStrategy,runtime_error,"ValueError: operands could not be broadcast together with shapes (2,2) (3,1) "
sage,8,214,DBCAEvolutionStrategy,runtime_error,"ValueError: operands could not be broadcast together with shapes (2,2) (6,1) "
sage,8,216,DBCAEvolutionStrategy,runtime_error,"ValueError: operands could not be broadcast together with shapes (2,2) (6,1) "
sage,8,217,DBCAEvolutionStrategy,import_violation,scipy.stats is currently not allowed to be imported in this framework.
sage,8,219,DBCAEvolutionStrategy,runtime_error,"ValueError: operands could not be broadcast together with shapes (2,2) (3,1) "
sage,8,221,ADESEvolutionStrategy,runtime_error,"ValueError: operands could not be broadcast together with shapes (2,2) (6,1,6) "
sage,8,222,DBCAEvolutionStrategy,runtime_error,"ValueError: operands could not be broadcast together with shapes (2,2) (6,1) "
sage,8,223,DBCAEvolutionStrategy,runtime_error,"ValueError: operands could not be broadcast together with shapes (2,2) (5,1) "
sage,8,224,DBCAEvolutionStrategy,runtime_error,RecursionError: maximum recursion depth exceeded
sage,8,225,DBCAEvolutionStrategy,runtime_error,"ValueError: operands could not be broadcast together with shapes (2,2) (4,1) "
sage,8,226,DBCAEvolutionStrategy,runtime_error,"ValueError: operands could not be broadcast together with shapes (2,2) (4,1) "
sage,8,227,DBCAEvolutionStrategy,runtime_error,RecursionError: maximum recursion depth exceeded
sage,8,230,DBCAEvolutionStrategy,runtime_error,"ValueError: operands could not be broadcast together with shapes (2,2) (5,1) "
sage,8,231,ASIME,import_violation,scipy.stats is currently not allowed to be imported in this framework.
sage,8,233,ASID_SCL,import_violation,scipy.stats is currently not allowed to be imported in this framework.
sage,8,238,ACSES,runtime_error,RecursionError: maximum recursion depth exceeded
sage,8,240,DBCAEvolutionStrategy,runtime_error,"ValueError: operands could not be broadcast together with shapes (2,2) (5,1) "
sage,8,241,DBCAEvolutionStrategy,import_violation,scipy.linalg is currently not allowed to be imported in this framework.
sage,8,242,DBCAEvolutionStrategy,runtime_error,"ValueError: operands could not be broadcast together with shapes (2,2) (3,1) "
sage,8,245,DBCAEvolutionStrategy,import_violation,scipy.stats is currently not allowed to be imported in this framework.
sage,8,246,DBCAEvolutionStrategy,runtime_error,"ValueError: operands could not be broadcast together with shapes (2,2) (3,1) "
sage,8,248,ADESEvolutionStrategy,runtime_error,"ValueError: operands could not be broadcast together with shapes (2,2) (6,1) "
sage,8,249,DBCAEvolutionStrategy,runtime_error,"ValueError: operands could not be broadcast together with shapes (2,2) (3,1) "
sage,8,251,DBCAEvolutionStrategy,runtime_error,RecursionError: maximum recursion depth exceeded
sage,8,253,DBCAEvolutionStrategy,runtime_error,AttributeError: module 'numpy' has no attribute 'math'
sage,8,255,DBCAEvolutionStrategy,import_violation,scipy.stats is currently not allowed to be imported in this framework.
sage,8,258,DBCAEvolutionStrategy,runtime_error,"ValueError: operands could not be broadcast together with shapes (2,2) (5,1) "
sage,8,260,DBCAEvolutionStrategy,runtime_error,"ValueError: operands could not be broadcast together with shapes (2,2) (5,1) "
sage,8,262,DBCAEvolutionStrategy,import_violation,scipy.linalg is currently not allowed to be imported in this framework.
sage,8,263,ResilientNonLinearES,runtime_error,"ValueError: operands could not be broadcast together with shapes (2,2) (5,1) "
sage,8,264,DBCAEvolutionStrategy,runtime_error,AttributeError: module 'numpy' has no attribute 'math'
sage,8,266,DBCAEvolutionStrategy,runtime_error,"ValueError: operands could not be broadcast together with shapes (2,2) (3,1) "
sage,8,269,DBCAEvolutionStrategy,runtime_error,RecursionError: maximum recursion depth exceeded
sage,8,270,DBCAEvolutionStrategy,runtime_error,"ValueError: operands could not be broadcast together with shapes (2,2) (3,1) "
sage,8,274,ASIES,import_violation,scipy.stats is currently not allowed to be imported in this framework.
sage,8,275,DBCAEvolutionStrategy,runtime_error,"ValueError: operands could not be broadcast together with shapes (2,2) (6,1) "
sage,8,276,DEGESOptimizer,runtime_error,RecursionError: maximum recursion depth exceeded
sage,8,278,DBCAEvolutionStrategy,runtime_error,"ValueError: operands could not be broadcast together with shapes (2,2) (3,1) "
sage,8,280,AMESEvolutionStrategy,runtime_error,"ValueError: operands could not be broadcast together with shapes (2,2) (5,1) "
sage,8,281,AMESEvolutionStrategy,import_violation,scipy.linalg is currently not allowed to be imported in this framework.
sage,8,282,SESOptimizer,runtime_error,"ValueError: operands could not be broadcast together with shapes (2,2) (5,1) (2,2) "
sage,8,284,DBCAEvolutionStrategy,runtime_error,RecursionError: maximum recursion depth exceeded
sage,8,285,DBCAEvolutionStrategy,runtime_error,"ValueError: operands could not be broadcast together with shapes (2,2) (5,1) "
sage,8,288,ASICEvolutionStrategy,runtime_error,"ValueError: operands could not be broadcast together with shapes (2,2) (3,1) "
sage,8,289,DBCAEvolutionStrategy,runtime_error,"ValueError: operands could not be broadcast together with shapes (2,2) (6,1) "
sage,8,290,DBCAEvolutionStrategy,runtime_error,"ValueError: operands could not be broadcast together with shapes (2,2) (5,1) "
sage,8,292,DBCAEvolutionStrategy,runtime_error,RecursionError: maximum recursion depth exceeded
sage,8,294,ACS_ES,runtime_error,"ValueError: operands could not be broadcast together with shapes (2,2) (4,1) "
sage,8,296,DBCAEvolutionStrategy,runtime_error,"ValueError: operands could not be broadcast together with shapes (2,2) (6,1) "
sage,8,297,DBCAEvolutionStrategy,import_violation,scipy.stats is currently not allowed to be imported in this framework.
sage,8,298,DPICEvolutionStrategy,runtime_error,RecursionError: maximum recursion depth exceeded
sage,8,299,DBCAEvolutionStrategy,runtime_error,"ValueError: operands could not be broadcast together with shapes (2,2) (6,1) "
sage,8,300,DBCAEvolutionStrategy,runtime_error,"ValueError: operands could not be broadcast together with shapes (2,2) (6,1) (2,2) "
sage,8,301,DBCAEvolutionStrategy,runtime_error,"ValueError: operands could not be broadcast together with shapes (2,2) (3,1) "
sage,8,302,ATPEOptimizer,code_generation,"invalid syntax (<unknown>, line 43)"
sage,8,304,DBCAEvolutionStrategy,runtime_error,"ValueError: operands could not be broadcast together with shapes (2,2) (6,1) "
sage,8,305,DBCAEvolutionStrategy,runtime_error,"ValueError: operands could not be broadcast together with shapes (2,2) (5,1) "
sage,8,306,DBCAEvolutionStrategy,runtime_error,"ValueError: operands could not be broadcast together with shapes (2,2) (6,1) "
sage,8,307,DBCAEvolutionStrategy,runtime_error,"ValueError: operands could not be broadcast together with shapes (2,2) (3,1) "
sage,8,310,DBCAEvolutionStrategy,runtime_error,"ValueError: operands could not be broadcast together with shapes (2,2) (3,1) "
sage,8,312,DBCAEvolutionStrategy,runtime_error,"ValueError: operands could not be broadcast together with shapes (2,2) (5,2) "
sage,8,314,DBCAEvolutionStrategy,runtime_error,"ValueError: operands could not be broadcast together with shapes (2,2) (3,1) "
sage,8,316,DBCAEvolutionStrategy,runtime_error,"ValueError: operands could not be broadcast together with shapes (2,2) (6,1) "
sage,8,317,DBCAEvolutionStrategy,runtime_error,"ValueError: operands could not be broadcast together with shapes (2,2) (5,1) "
sage,8,318,DBCAEvolutionStrategy,runtime_error,"ValueError: operands could not be broadcast together with shapes (2,2) (6,1) "
sage,8,319,DBCAEvolutionStrategy,runtime_error,"ValueError: operands could not be broadcast together with shapes (2,2) (3,1) "
sage,8,320,DBCAEvolutionStrategy,runtime_error,RecursionError: maximum recursion depth exceeded
sage,8,321,DBCAEvolutionStrategy,runtime_error,"ValueError: operands could not be broadcast together with shapes (2,2) (3,1) "
sage,8,324,DBCAEvolutionStrategy,runtime_error,"ValueError: operands could not be broadcast together with shapes (2,2) (4,1) (2,2) "
sage,8,325,DBCAEvolutionStrategy,runtime_error,"ValueError: operands could not be broadcast together with shapes (2,2) (6,1) "
sage,8,326,DBCAEvolutionStrategy,runtime_error,"ValueError: operands could not be broadcast together with shapes (2,2) (3,1) "
sage,8,329,DBCAEvolutionStrategy,runtime_error,"ValueError: operands could not be broadcast together with shapes (2,2) (7,1) "
sage,8,330,DBCAEvolutionStrategy,runtime_error,"ValueError: operands could not be broadcast together with shapes (2,2) (6,1) "
sage,8,333,DBCAEvolutionStrategy,runtime_error,AttributeError: module 'numpy.linalg' has no attribute 'expm'
sage,8,334,DBCAEvolutionStrategy,runtime_error,"ValueError: operands could not be broadcast together with shapes (2,2) (6,1) "
sage,8,336,DBCAEvolutionStrategy,runtime_error,"ValueError: operands could not be broadcast together with shapes (2,2) (3,1) "
sage,8,338,DBCAEvolutionStrategy,runtime_error,"ValueError: operands could not be broadcast together with shapes (2,2) (3,1) "
sage,8,339,DBCAEvolutionStrategy,import_violation,scipy.linalg is currently not allowed to be imported in this framework.
sage,8,340,DBCAEvolutionStrategy,runtime_error,RecursionError: maximum recursion depth exceeded
sage,8,342,ADES,runtime_error,"ValueError: operands could not be broadcast together with shapes (2,2) (4,1) "
sage,8,343,DBCAEvolutionStrategy,runtime_error,"ValueError: operands could not be broadcast together with shapes (2,2) (4,1) "
sage,8,344,DBCAEvolutionStrategy,runtime_error,"ValueError: operands could not be broadcast together with shapes (2,2) (4,1) "
sage,8,345,DCMAEvolutionStrategy,runtime_error,"ValueError: operands could not be broadcast together with shapes (2,2) (3,1) "
sage,8,347,DBCAEvolutionStrategy,runtime_error,"ValueError: operands could not be broadcast together with shapes (2,2) (3,1) "
sage,8,351,DBCAEvolutionStrategy,runtime_error,"ValueError: operands could not be broadcast together with shapes (2,2) (6,1) "
sage,8,352,DBCAEvolutionStrategy,runtime_error,"ValueError: operands could not be broadcast together with shapes (2,2) (3,1) "
sage,8,353,DBCAEvolutionStrategy,runtime_error,RecursionError: maximum recursion depth exceeded
sage,8,354,DBCAEvolutionStrategy,runtime_error,RecursionError: maximum recursion depth exceeded
sage,8,355,DBCAEvolutionStrategy,runtime_error,"ValueError: operands could not be broadcast together with shapes (2,2) (6,1) "
sage,8,358,DBCAEvolutionStrategy,runtime_error,"ValueError: operands could not be broadcast together with shapes (2,2) (5,1) (2,2) "
sage,8,359,DBCAEvolutionStrategy,import_violation,scipy.stats is currently not allowed to be imported in this framework.
sage,8,360,DBCAEvolutionStrategy,runtime_error,"ValueError: operands could not be broadcast together with shapes (2,2) (4,1) "
sage,8,361,DBCAEvolutionStrategy,runtime_error,"ValueError: operands could not be broadcast together with shapes (2,2) (4,1) (2,2) "
sage,8,364,DBCAEvolutionStrategy,runtime_error,"ValueError: operands could not be broadcast together with shapes (2,2) (3,1) "
sage,8,366,DBCAEvolutionStrategy,runtime_error,"ValueError: operands could not be broadcast together with shapes (2,2) (6,1) "
sage,8,369,DBCAEvolutionStrategy,runtime_error,"ValueError: operands could not be broadcast together with shapes (2,2) (4,1) "
sage,8,370,DBCAEvolutionStrategy,runtime_error,"ValueError: operands could not be broadcast together with shapes (2,2) (4,1) "
sage,8,371,DBCAEvolutionStrategy,runtime_error,"ValueError: operands could not be broadcast together with shapes (2,2) (4,1) "
sage,8,372,DBCAEvolutionStrategy,runtime_error,"ValueError: operands could not be broadcast together with shapes (2,2) (4,1) "
sage,8,376,AOC_ES,runtime_error,"ValueError: operands could not be broadcast together with shapes (2,2) (3,1) "
sage,8,377,DBCAEvolutionStrategy,runtime_error,"ValueError: operands could not be broadcast together with shapes (2,2) (6,1) "
sage,8,378,ACIGEvolutionStrategy,runtime_error,"ValueError: operands could not be broadcast together with shapes (2,2) (5,1) "
sage,8,380,DGCFES,runtime_error,AttributeError: module 'numpy' has no attribute 'math'
sage,8,382,DBCAEvolutionStrategy,runtime_error,RecursionError: maximum recursion depth exceeded
sage,8,385,DBCAEvolutionStrategy,runtime_error,"ValueError: operands could not be broadcast together with shapes (2,2) (6,1) "
sage,8,387,DBCAEvolutionStrategy,import_violation,scipy.stats is currently not allowed to be imported in this framework.
sage,8,389,DBCAEvolutionStrategy,runtime_error,"ValueError: operands could not be broadcast together with shapes (2,2) (6,1) "
sage,8,390,DBCAEvolutionStrategy,runtime_error,"ValueError: operands could not be broadcast together with shapes (2,2) (4,1) "
sage,8,391,DBCAEvolutionStrategy,runtime_error,"ValueError: operands could not be broadcast together with shapes (2,2) (6,1) "
sage,8,392,DBCAEvolutionStrategy,runtime_error,"ValueError: operands could not be broadcast together with shapes (2,2) (6,1) "
sage,8,393,DBCAEvolutionStrategy,runtime_error,AttributeError: module 'numpy.linalg' has no attribute 'expm'
sage,8,394,DBCAEvolutionStrategy,runtime_error,"ValueError: operands could not be broadcast together with shapes (2,2) (6,1) "
sage,8,395,DBCAEvolutionStrategy,runtime_error,"ValueError: matmul: Input operand 1 has a mismatch in its core dimension 0, with gufunc signature (n?,k),(k,m?)->(n?,m?) (size 6 is different from 2)"
sage,8,399,DBCAEvolutionStrategy,runtime_error,"ValueError: operands could not be broadcast together with shapes (2,2) (6,1) "
sage,8,400,DBCAEvolutionStrategy,runtime_error,"ValueError: operands could not be broadcast together with shapes (2,2) (6,1) "
sage,8,401,DBCAEvolutionStrategy,import_violation,scipy.stats is currently not allowed to be imported in this framework.
sage,8,402,DEIntegratedES,runtime_error,"ValueError: operands could not be broadcast together with shapes (2,2) (5,1) "
sage,8,403,MOR_SDSA_ES,runtime_error,RecursionError: maximum recursion depth exceeded
sage,8,404,DBCAEvolutionStrategy,runtime_error,"ValueError: operands could not be broadcast together with shapes (2,2) (6,1) "
sage,8,408,DBCAEvolutionStrategy,runtime_error,IndexError: boolean index did not match indexed array along axis 0; size of axis is 2 but size of corresponding boolean axis is 6
sage,8,410,DBCAEvolutionStrategy,runtime_error,"ValueError: operands could not be broadcast together with shapes (2,2) (3,1) "
sage,8,411,ADES,runtime_error,RecursionError: maximum recursion depth exceeded
sage,8,412,DBCAEvolutionStrategy,runtime_error,"ValueError: operands could not be broadcast together with shapes (2,2) (6,1) "
sage,8,413,DBCAEvolutionStrategy,runtime_error,"ValueError: operands could not be broadcast together with shapes (2,2) (6,1) "
sage,8,416,DBCAEvolutionStrategy,runtime_error,"ValueError: could not broadcast input array from shape (2,2) into shape (6,2)"
sage,8,417,DBCAEvolutionStrategy,runtime_error,"ValueError: operands could not be broadcast together with shapes (2,2) (3,1) "
sage,8,419,DBCAEvolutionStrategy,runtime_error,AttributeError: module 'numpy' has no attribute 'math'
sage,8,420,DBCAEvolutionStrategy,runtime_error,RecursionError: maximum recursion depth exceeded
sage,8,421,DBCAEvolutionStrategy,runtime_error,RecursionError: maximum recursion depth exceeded
sage,8,422,DBCAEvolutionStrategy,import_violation,scipy.stats is currently not allowed to be imported in this framework.
sage,8,424,DBCAEvolutionStrategy,runtime_error,RecursionError: maximum recursion depth exceeded
sage,8,425,DBCAEvolutionStrategy,runtime_error,"ValueError: operands could not be broadcast together with shapes (2,2) (3,1) "
sage,8,427,DBCAEvolutionStrategy,runtime_error,"ValueError: operands could not be broadcast together with shapes (2,2) (5,1) "
sage,8,428,DBCAEvolutionStrategy,runtime_error,"ValueError: operands could not be broadcast together with shapes (2,2) (4,1) "
sage,8,429,DBCAEvolutionStrategy,runtime_error,"ValueError: operands could not be broadcast together with shapes (2,2) (6,1) "
sage,8,430,DBCAEvolutionStrategy,runtime_error,"ValueError: operands could not be broadcast together with shapes (2,2) (6,1) "
sage,8,431,DBCAEvolutionStrategy,import_violation,scipy.stats is currently not allowed to be imported in this framework.
sage,8,432,DBCAEvolutionStrategy,runtime_error,"ValueError: operands could not be broadcast together with shapes (2,2) (6,1) "
sage,8,434,DBCAEvolutionStrategy,runtime_error,RecursionError: maximum recursion depth exceeded
sage,8,435,CASRE,runtime_error,RecursionError: maximum recursion depth exceeded
sage,8,436,DBCAEvolutionStrategy,runtime_error,"ValueError: operands could not be broadcast together with shapes (2,2) (3,1) "
sage,8,438,DBCAEvolutionStrategy,import_violation,"scipy.stats, scipy.special are currently not allowed to be imported in this framework."
sage,8,439,DBCAEvolutionStrategy,runtime_error,"ValueError: operands could not be broadcast together with shapes (2,2) (3,1) "
sage,8,441,DBCAEvolutionStrategy,runtime_error,"ValueError: operands could not be broadcast together with shapes (2,2) (4,1) "
sage,8,442,DBCAEvolutionStrategy,runtime_error,RecursionError: maximum recursion depth exceeded
sage,8,443,DBCAEvolutionStrategy,runtime_error,RecursionError: maximum recursion depth exceeded
sage,8,444,DBCAEvolutionStrategy,runtime_error,"ValueError: operands could not be broadcast together with shapes (2,2) (5,1) (2,2) "
sage,8,445,DBCAEvolutionStrategy,runtime_error,RecursionError: maximum recursion depth exceeded
sage,8,446,DE_AES,runtime_error,"ValueError: operands could not be broadcast together with shapes (2,2) (3,1) "
sage,8,448,DCAPEvolutionStrategy,runtime_error,"ValueError: operands could not be broadcast together with shapes (2,2) (4,1) "
sage,8,449,DBCAEvolutionStrategy,runtime_error,"ValueError: operands could not be broadcast together with shapes (2,2) (6,1) "
sage,8,451,DBCAEvolutionStrategy,import_violation,scipy.stats is currently not allowed to be imported in this framework.
sage,8,452,DBCAEvolutionStrategy,runtime_error,"ValueError: operands could not be broadcast together with shapes (2,2) (6,1) "
sage,8,456,DBCAEvolutionStrategy,runtime_error,"ValueError: operands could not be broadcast together with shapes (2,2) (6,1) "
sage,8,457,DBCAEvolutionStrategy,runtime_error,"ValueError: operands could not be broadcast together with shapes (2,2) (6,1) "
sage,8,458,DBCAEvolutionStrategy,runtime_error,"ValueError: operands could not be broadcast together with shapes (2,2) (3,1) "
sage,8,460,DBCAEvolutionStrategy,runtime_error,"ValueError: operands could not be broadcast together with shapes (2,2) (3,1) "
sage,8,461,DBCAEvolutionStrategy,runtime_error,"ValueError: operands could not be broadcast together with shapes (2,2) (4,1) "
sage,8,462,DBCAEvolutionStrategy,runtime_error,"ValueError: operands could not be broadcast together with shapes (2,2) (6,1) "
sage,8,463,DBCAEvolutionStrategy,runtime_error,"ValueError: operands could not be broadcast together with shapes (2,2) (6,1) "
sage,8,466,DBCAEvolutionStrategy,runtime_error,"ValueError: operands could not be broadcast together with shapes (2,2) (3,1) "
sage,8,470,DBCAEvolutionStrategy,runtime_error,"ValueError: operands could not be broadcast together with shapes (2,2) (6,1) "
sage,8,471,DBCAEvolutionStrategy,runtime_error,"ValueError: operands could not be broadcast together with shapes (2,2) (3,1) "
sage,8,474,DBCAEvolutionStrategy,runtime_error,"ValueError: operands could not be broadcast together with shapes (2,2) (6,1) "
sage,8,475,DBCAEvolutionStrategy,runtime_error,"ValueError: operands could not be broadcast together with shapes (2,2) (5,1) "
sage,8,476,DBCAEvolutionStrategy,runtime_error,"ValueError: operands could not be broadcast together with shapes (2,2) (3,1) "
sage,8,477,DBCAEvolutionStrategy,runtime_error,"ValueError: operands could not be broadcast together with shapes (2,2) (36,1) "
sage,8,478,DBCAEvolutionStrategy,runtime_error,"ValueError: operands could not be broadcast together with shapes (2,2) (3,1) "
sage,8,481,DBCAEvolutionStrategy,runtime_error,"ValueError: operands could not be broadcast together with shapes (2,2) (6,1) "
sage,8,482,DBCAEvolutionStrategy,runtime_error,"ValueError: operands could not be broadcast together with shapes (2,2) (3,1) "
sage,8,483,DBCAEvolutionStrategy,runtime_error,"ValueError: operands could not be broadcast together with shapes (2,2) (6,1) "
sage,8,484,DBCAEvolutionStrategy,import_violation,scipy.stats is currently not allowed to be imported in this framework.
sage,8,485,DBCAEvolutionStrategy,runtime_error,"ValueError: operands could not be broadcast together with shapes (2,2) (5,1) "
sage,8,486,DBCAEvolutionStrategy,runtime_error,"ValueError: operands could not be broadcast together with shapes (2,2) (5,1) "
sage,8,487,DBCAEvolutionStrategy,runtime_error,"ValueError: operands could not be broadcast together with shapes (2,2) (3,1) "
sage,8,489,DBCAEvolutionStrategy,runtime_error,"ValueError: operands could not be broadcast together with shapes (2,2) (6,1) "
sage,8,491,DBCAEvolutionStrategy,runtime_error,"ValueError: operands could not be broadcast together with shapes (2,2) (6,1) "
sage,8,492,DBCAEvolutionStrategy,runtime_error,"ValueError: operands could not be broadcast together with shapes (2,2) (6,1) "
sage,8,493,DBCAEvolutionStrategy,import_violation,"scipy.stats, scipy.stats are currently not allowed to be imported in this framework."
sage,8,494,DBCAEvolutionStrategy,runtime_error,RecursionError: maximum recursion depth exceeded
sage,8,495,DBCAEvolutionStrategy,runtime_error,RecursionError: maximum recursion depth exceeded
sage,8,496,DBCAEvolutionStrategy,runtime_error,RecursionError: maximum recursion depth exceeded
sage,8,498,DBCAEvolutionStrategy,runtime_error,"ValueError: operands could not be broadcast together with shapes (2,2) (5,1) "
sage,8,499,DBCAEvolutionStrategy,runtime_error,RecursionError: maximum recursion depth exceeded
sage,9,3,ADES,runtime_error,AttributeError: 'ADES' object has no attribute 'upper_high'
sage,9,6,DualPathEvolutionStrategy,runtime_error,AttributeError: module 'numpy' has no attribute 'math'
sage,9,14,ACS_CMA,runtime_error,RecursionError: maximum recursion depth exceeded
sage,9,21,ACS_ES,runtime_error,RecursionError: maximum recursion depth exceeded
sage,9,23,OME_ES,runtime_error,RecursionError: maximum recursion depth exceeded
sage,9,27,ES_ES,runtime_error,RecursionError: maximum recursion depth exceeded
sage,9,30,ED_CMA,runtime_error,RecursionError: maximum recursion depth exceeded
sage,9,34,HE_CAS,runtime_error,RecursionError: maximum recursion depth exceeded
sage,9,37,E3_ES,runtime_error,RecursionError: maximum recursion depth exceeded
sage,9,43,HEC_ES,runtime_error,RecursionError: maximum recursion depth exceeded
sage,9,45,E3_ES,runtime_error,RecursionError: maximum recursion depth exceeded
sage,9,50,DDSA_CMA_ES,runtime_error,RecursionError: maximum recursion depth exceeded
sage,9,51,IG_ALS,runtime_error,RecursionError: maximum recursion depth exceeded
sage,9,52,HD_OES,runtime_error,RecursionError: maximum recursion depth exceeded
sage,9,54,OMS_ES,runtime_error,IndexError: index 2 is out of bounds for axis 1 with size 2
sage,9,55,DSC_CMA_ES,runtime_error,RecursionError: maximum recursion depth exceeded
sage,9,56,DSC_CMA_ES,runtime_error,RecursionError: maximum recursion depth exceeded
sage,9,63,ACS_ES,import_violation,scipy.optimize is currently not allowed to be imported in this framework.
sage,9,65,CDMS_Optimization,runtime_error,RecursionError: maximum recursion depth exceeded
sage,9,68,DC_ES,runtime_error,RecursionError: maximum recursion depth exceeded
sage,9,69,IG_AHTS,runtime_error,RecursionError: maximum recursion depth exceeded
sage,9,70,ACS_ES,runtime_error,RecursionError: maximum recursion depth exceeded
sage,9,74,ACD_ES,runtime_error,IndexError: list index out of range
sage,9,76,ACS_ES,runtime_error,IndexError: index 2 is out of bounds for axis 1 with size 2
sage,9,77,ACS_ES,runtime_error,RecursionError: maximum recursion depth exceeded
sage,9,78,AMES,runtime_error,RecursionError: maximum recursion depth exceeded
sage,9,79,AO_ES,runtime_error,IndexError: index 2 is out of bounds for axis 1 with size 2
sage,9,82,AOES,import_violation,scipy.stats is currently not allowed to be imported in this framework.
sage,9,87,DSVE,runtime_error,IndexError: index 8 is out of bounds for axis 0 with size 8
sage,9,88,OT_CMA_ES,runtime_error,RecursionError: maximum recursion depth exceeded
sage,9,104,ACS_ES,runtime_error,RecursionError: maximum recursion depth exceeded
sage,9,105,CFAS_ES,runtime_error,RecursionError: maximum recursion depth exceeded
sage,9,108,EM_CMA,runtime_error,IndexError: index 2 is out of bounds for axis 1 with size 2
sage,9,110,DE_AES,runtime_error,IndexError: index 2 is out of bounds for axis 0 with size 2
sage,9,115,CF_ADPES,runtime_error,IndexError: index 2 is out of bounds for axis 1 with size 2
sage,9,118,AS_CMA_ES,runtime_error,IndexError: index 2 is out of bounds for axis 1 with size 2
sage,9,133,EA_CMA,runtime_error,RecursionError: maximum recursion depth exceeded
sage,9,139,OCIR_ES,runtime_error,RecursionError: maximum recursion depth exceeded
sage,9,145,EA_ES,runtime_error,RecursionError: maximum recursion depth exceeded
sage,9,151,ACA_ES,runtime_error,RecursionError: maximum recursion depth exceeded
sage,9,163,EEM_ES,runtime_error,RecursionError: maximum recursion depth exceeded
sage,9,171,HVO_ES,runtime_error,RecursionError: maximum recursion depth exceeded
sage,9,172,DE_CMA_ES,runtime_error,IndexError: index 2 is out of bounds for axis 0 with size 2
sage,9,174,DPE_ES,runtime_error,RecursionError: maximum recursion depth exceeded
sage,9,176,OED_ES,runtime_error,RecursionError: maximum recursion depth exceeded
sage,9,180,OED_ES,runtime_error,IndexError: index 2 is out of bounds for axis 1 with size 2
sage,9,183,AOS_ES,runtime_error,RecursionError: maximum recursion depth exceeded
sage,9,189,ITCMA_ES,runtime_error,RecursionError: maximum recursion depth exceeded
sage,9,191,ITCMA_ES,runtime_error,IndexError: index 2 is out of bounds for axis 1 with size 2
sage,9,199,DE_CMA_ES,runtime_error,RecursionError: maximum recursion depth exceeded
sage,9,201,DPE_ES,runtime_error,RecursionError: maximum recursion depth exceeded
sage,9,207,EM_ES,runtime_error,RecursionError: maximum recursion depth exceeded
sage,9,211,DECMA_ES,runtime_error,RecursionError: maximum recursion depth exceeded
sage,9,220,OTT_ES,runtime_error,RecursionError: maximum recursion depth exceeded
sage,9,221,DE_CMA_LRP,runtime_error,RecursionError: maximum recursion depth exceeded
sage,9,227,EEM_ES,runtime_error,RecursionError: maximum recursion depth exceeded
sage,9,235,GGCME,runtime_error,IndexError: index 2 is out of bounds for axis 1 with size 2
sage,9,243,AOMT_ES,runtime_error,RecursionError: maximum recursion depth exceeded
sage,9,252,CF_ADS,runtime_error,"ValueError: operands could not be broadcast together with shapes (3,1) (2,2) "
sage,9,272,EA_ES,runtime_error,RecursionError: maximum recursion depth exceeded
sage,9,274,GME_ES,runtime_error,RecursionError: maximum recursion depth exceeded
sage,9,278,EE_ES,runtime_error,RecursionError: maximum recursion depth exceeded
sage,9,294,EA_ES,runtime_error,RecursionError: maximum recursion depth exceeded
sage,9,306,E_ES,runtime_error,RecursionError: maximum recursion depth exceeded
sage,9,314,IGPE_ES,runtime_error,IndexError: index 2 is out of bounds for axis 1 with size 2
sage,9,318,OTD_ES,runtime_error,IndexError: index 2 is out of bounds for axis 1 with size 2
sage,9,331,OMAT_ES,runtime_error,IndexError: index 2 is out of bounds for axis 1 with size 2
sage,9,351,OMCAT,runtime_error,IndexError: index 2 is out of bounds for axis 1 with size 2
sage,9,354,ITM_ES,runtime_error,KeyError: 'candidate'
sage,9,367,MED_ES,runtime_error,RecursionError: maximum recursion depth exceeded
sage,9,376,OED_ES,runtime_error,RecursionError: maximum recursion depth exceeded
sage,9,377,OED_ES,runtime_error,RecursionError: maximum recursion depth exceeded
sage,9,379,EEM_ES,runtime_error,RecursionError: maximum recursion depth exceeded
sage,9,385,DPC_ES,runtime_error,RecursionError: maximum recursion depth exceeded
sage,9,394,ME_CMA,runtime_error,RecursionError: maximum recursion depth exceeded
sage,9,411,OED_ES,runtime_error,RecursionError: maximum recursion depth exceeded
sage,9,419,ALE_ES,runtime_error,AttributeError: module 'numpy' has no attribute 'math'
sage,9,433,DME_ES,runtime_error,RecursionError: maximum recursion depth exceeded
sage,9,434,XSE_ES,runtime_error,RecursionError: maximum recursion depth exceeded
sage,9,435,ITCMA_ES,runtime_error,RecursionError: maximum recursion depth exceeded
sage,9,440,ALE_CMA_ES,runtime_error,RecursionError: maximum recursion depth exceeded
sage,9,445,AORE_ES,runtime_error,IndexError: index 2 is out of bounds for axis 1 with size 2
sage,9,451,DE_CMA_Hybrid,runtime_error,RecursionError: maximum recursion depth exceeded
sage,9,459,GEFRAC,runtime_error,AttributeError: module 'numpy' has no attribute 'math'
sage,9,486,OTE_ES,runtime_error,RecursionError: maximum recursion depth exceeded
sage,9,487,GEFRAC,runtime_error,IndexError: list index out of range
sage,9,492,OM_ES,runtime_error,IndexError: index 2 is out of bounds for axis 1 with size 2
sage,9,493,CSD_ES,runtime_error,RecursionError: maximum recursion depth exceeded
combined_neutral,0,8,EMS,import_violation,scipy.special is currently not allowed to be imported in this framework.
combined_neutral,0,32,DARE,code_generation,"cannot assign to expression (<unknown>, line 8)"
combined_neutral,0,58,BAM_CA,runtime_error,RecursionError: maximum recursion depth exceeded
combined_neutral,0,77,FBAS,runtime_error,AttributeError: module 'numpy' has no attribute 'math'
combined_neutral,0,82,MEAS,runtime_error,RecursionError: maximum recursion depth exceeded
combined_neutral,0,91,MGEES,runtime_error,RecursionError: maximum recursion depth exceeded
combined_neutral,0,92,MEAS,runtime_error,RecursionError: maximum recursion depth exceeded
combined_neutral,0,108,METE,runtime_error,RecursionError: maximum recursion depth exceeded
combined_neutral,0,121,MADCS,runtime_error,RecursionError: maximum recursion depth exceeded
combined_neutral,0,132,MADE_AOR,runtime_error,AttributeError: module 'numpy.random' has no attribute 'cauchy'
combined_neutral,0,134,MACS,runtime_error,RecursionError: maximum recursion depth exceeded
combined_neutral,0,137,MAME,runtime_error,RecursionError: maximum recursion depth exceeded
combined_neutral,0,149,MADCS,runtime_error,RecursionError: maximum recursion depth exceeded
combined_neutral,0,150,MAAR,runtime_error,AttributeError: module 'numpy' has no attribute 'math'
combined_neutral,0,152,MADE_AOR,runtime_error,RecursionError: maximum recursion depth exceeded
combined_neutral,0,158,MADEC,runtime_error,RecursionError: maximum recursion depth exceeded
combined_neutral,0,159,MACS,runtime_error,AttributeError: module 'numpy' has no attribute 'math'
combined_neutral,0,165,MADE_AS,runtime_error,RecursionError: maximum recursion depth exceeded
combined_neutral,0,168,MADE_CGR,runtime_error,RecursionError: maximum recursion depth exceeded
combined_neutral,0,186,MADE_ACA,runtime_error,RecursionError: maximum recursion depth exceeded
combined_neutral,0,189,MADRF,runtime_error,RecursionError: maximum recursion depth exceeded
combined_neutral,0,196,MAAS,runtime_error,RecursionError: maximum recursion depth exceeded
combined_neutral,0,203,MACA,runtime_error,__init__ raised AttributeError: 'MACA' object has no attribute 'restart_count'
combined_neutral,0,214,MAME,runtime_error,RecursionError: maximum recursion depth exceeded
combined_neutral,0,219,MGAS,runtime_error,AttributeError: module 'numpy' has no attribute 'math'
combined_neutral,0,224,MADE_AOR,runtime_error,RecursionError: maximum recursion depth exceeded
combined_neutral,0,231,MADE,runtime_error,RecursionError: maximum recursion depth exceeded
combined_neutral,0,235,MADECAR,runtime_error,RecursionError: maximum recursion depth exceeded
combined_neutral,0,241,MADCA,runtime_error,RecursionError: maximum recursion depth exceeded
combined_neutral,0,244,MACS,runtime_error,AttributeError: module 'numpy' has no attribute 'math'
combined_neutral,0,245,MACS,runtime_error,RecursionError: maximum recursion depth exceeded
combined_neutral,0,250,MAOD,runtime_error,IndexError: index 1 is out of bounds for axis 0 with size 1
combined_neutral,0,260,MAAC,runtime_error,RecursionError: maximum recursion depth exceeded
combined_neutral,0,267,MADE,runtime_error,RecursionError: maximum recursion depth exceeded
combined_neutral,0,275,MA_ACS,runtime_error,RecursionError: maximum recursion depth exceeded
combined_neutral,0,289,MADCS,runtime_error,RecursionError: maximum recursion depth exceeded
combined_neutral,0,293,MADCS,runtime_error,__init__ raised NameError: name 'floor_to_int' is not defined
combined_neutral,0,302,MADECAR,runtime_error,RecursionError: maximum recursion depth exceeded
combined_neutral,0,304,MADE,runtime_error,RecursionError: maximum recursion depth exceeded
combined_neutral,0,330,MACA,code_generation,"expected 'else' after 'if' expression (<unknown>, line 116)"
combined_neutral,0,332,MADCS,runtime_error,RecursionError: maximum recursion depth exceeded
combined_neutral,0,334,MGAS,runtime_error,RecursionError: maximum recursion depth exceeded
combined_neutral,0,352,MAGE,runtime_error,RecursionError: maximum recursion depth exceeded
combined_neutral,0,360,MAAS,runtime_error,AttributeError: module 'numpy' has no attribute 'math'
combined_neutral,0,379,MADE,runtime_error,RecursionError: maximum recursion depth exceeded
combined_neutral,0,380,MADCS,unclassified_success,ok
combined_neutral,0,381,MACA,runtime_error,AttributeError: module 'numpy' has no attribute 'math'
combined_neutral,0,386,MADERS,runtime_error,RecursionError: maximum recursion depth exceeded
combined_neutral,0,393,MADE_CGR,interface_mismatch,__call__ failed: unsupported operand type(s) for -: 'NoneType' and 'float'
combined_neutral,0,411,MFAS,runtime_error,AttributeError: module 'numpy' has no attribute 'math'
combined_neutral,0,413,METE,runtime_error,RecursionError: maximum recursion depth exceeded
combined_neutral,0,415,HEFS,runtime_error,RecursionError: maximum recursion depth exceeded
combined_neutral,0,420,HDCAS,runtime_error,RecursionError: maximum recursion depth exceeded
combined_neutral,0,433,MAAC,runtime_error,AttributeError: 'MAAC' object has no attribute 'B'
combined_neutral,0,446,MADS,runtime_error,IndexError: list index out of range
combined_neutral,0,449,MADS,runtime_error,IndexError: list index out of range
combined_neutral,0,450,MACS,runtime_error,RecursionError: maximum recursion depth exceeded
combined_neutral,0,454,MBAS,runtime_error,IndexError: index 2 is out of bounds for axis 0 with size 2
combined_neutral,0,456,BAPS,runtime_error,RecursionError: maximum recursion depth exceeded
combined_neutral,0,461,MADCA,runtime_error,RecursionError: maximum recursion depth exceeded
combined_neutral,0,465,MACS,runtime_error,RecursionError: maximum recursion depth exceeded
combined_neutral,0,473,MAOS,runtime_error,IndexError: list index out of range
combined_neutral,0,474,MADCA,runtime_error,RecursionError: maximum recursion depth exceeded
combined_neutral,0,476,MADCS,runtime_error,AttributeError: 'MADCS' object has no attribute 'B'
combined_neutral,0,479,MACA,runtime_error,RecursionError: maximum recursion depth exceeded
combined_neutral,0,492,MADC,runtime_error,AttributeError: 'MADC' object has no attribute 'B'
combined_neutral,1,22,ADC_ES,runtime_error,RecursionError: maximum recursion depth exceeded
combined_neutral,1,35,HEMSS,runtime_error,RecursionError: maximum recursion depth exceeded
combined_neutral,1,38,EDMS,runtime_error,RecursionError: maximum recursion depth exceeded
combined_neutral,1,48,MGAS,runtime_error,RecursionError: maximum recursion depth exceeded
combined_neutral,1,50,OT_D_CMA,runtime_error,RecursionError: maximum recursion depth exceeded
combined_neutral,1,55,EA_T_CMA,runtime_error,RecursionError: maximum recursion depth exceeded
combined_neutral,1,58,EAT_CMA,runtime_error,RecursionError: maximum recursion depth exceeded
combined_neutral,1,62,OESA,runtime_error,RecursionError: maximum recursion depth exceeded
combined_neutral,1,66,OE_CMA,runtime_error,RecursionError: maximum recursion depth exceeded
combined_neutral,1,67,EAT_CMA,runtime_error,RecursionError: maximum recursion depth exceeded
combined_neutral,1,80,EAT_CMA,runtime_error,RecursionError: maximum recursion depth exceeded
combined_neutral,1,82,OTD_CMA,runtime_error,RecursionError: maximum recursion depth exceeded
combined_neutral,1,83,OTIS_CMA,runtime_error,RecursionError: maximum recursion depth exceeded
combined_neutral,1,86,EAT_CMA,runtime_error,RecursionError: maximum recursion depth exceeded
combined_neutral,1,89,OTD_CMA,runtime_error,RecursionError: maximum recursion depth exceeded
combined_neutral,1,95,OES_CMA,runtime_error,RecursionError: maximum recursion depth exceeded
combined_neutral,1,100,SMGE,runtime_error,RecursionError: maximum recursion depth exceeded
combined_neutral,1,102,MSDE,runtime_error,RecursionError: maximum recursion depth exceeded
combined_neutral,1,107,MGD_CE,runtime_error,RecursionError: maximum recursion depth exceeded
combined_neutral,1,108,SS_ACE,runtime_error,RecursionError: maximum recursion depth exceeded
combined_neutral,1,115,SIAS,runtime_error,RecursionError: maximum recursion depth exceeded
combined_neutral,1,116,SSAC,runtime_error,RecursionError: maximum recursion depth exceeded
combined_neutral,1,124,MATE,runtime_error,RecursionError: maximum recursion depth exceeded
combined_neutral,1,129,SEGM,runtime_error,RecursionError: maximum recursion depth exceeded
combined_neutral,1,132,MAES,runtime_error,IndexError: list index out of range
combined_neutral,1,133,ME_CA,runtime_error,RecursionError: maximum recursion depth exceeded
combined_neutral,1,136,SEGA_E,runtime_error,RecursionError: maximum recursion depth exceeded
combined_neutral,1,142,MEDCA,runtime_error,RecursionError: maximum recursion depth exceeded
combined_neutral,1,144,SEDA,runtime_error,RecursionError: maximum recursion depth exceeded
combined_neutral,1,145,MEDCA,runtime_error,RecursionError: maximum recursion depth exceeded
combined_neutral,1,147,MFVS,runtime_error,RecursionError: maximum recursion depth exceeded
combined_neutral,1,156,ME_CA,runtime_error,RecursionError: maximum recursion depth exceeded
combined_neutral,1,158,SEGA_E,runtime_error,RecursionError: maximum recursion depth exceeded
combined_neutral,1,162,MEDSE,runtime_error,RecursionError: maximum recursion depth exceeded
combined_neutral,1,163,SEGA,runtime_error,RecursionError: maximum recursion depth exceeded
combined_neutral,1,164,MFTS,runtime_error,AttributeError: module 'numpy' has no attribute 'math'
combined_neutral,1,165,MECA,runtime_error,RecursionError: maximum recursion depth exceeded
combined_neutral,1,170,SED_CMA,runtime_error,RecursionError: maximum recursion depth exceeded
combined_neutral,1,173,FE_DCE,runtime_error,RecursionError: maximum recursion depth exceeded
combined_neutral,1,177,MPGE,runtime_error,RecursionError: maximum recursion depth exceeded
combined_neutral,1,180,ME_CA,runtime_error,RecursionError: maximum recursion depth exceeded
combined_neutral,1,185,MGOE,runtime_error,RecursionError: maximum recursion depth exceeded
combined_neutral,1,186,MGAT,runtime_error,RecursionError: maximum recursion depth exceeded
combined_neutral,1,187,MGTE,runtime_error,RecursionError: maximum recursion depth exceeded
combined_neutral,1,191,OE_ACME,runtime_error,RecursionError: maximum recursion depth exceeded
combined_neutral,1,192,M_GATE,runtime_error,RecursionError: maximum recursion depth exceeded
combined_neutral,1,194,MGTE,runtime_error,RecursionError: maximum recursion depth exceeded
combined_neutral,1,195,MGTE,interface_mismatch,__call__ failed: 'int' object is not callable
combined_neutral,1,196,MPEC,runtime_error,RecursionError: maximum recursion depth exceeded
combined_neutral,1,197,MPGE,runtime_error,RecursionError: maximum recursion depth exceeded
combined_neutral,1,198,MGOS,runtime_error,RecursionError: maximum recursion depth exceeded
combined_neutral,1,199,M_PACE,runtime_error,RecursionError: maximum recursion depth exceeded
combined_neutral,1,202,MPTE,interface_mismatch,__call__ failed: 'int' object is not callable
combined_neutral,1,203,MGAT,runtime_error,RecursionError: maximum recursion depth exceeded
combined_neutral,1,204,MOGRA,runtime_error,RecursionError: maximum recursion depth exceeded
combined_neutral,1,206,MGAE,runtime_error,RecursionError: maximum recursion depth exceeded
combined_neutral,1,207,MGTE,runtime_error,RecursionError: maximum recursion depth exceeded
combined_neutral,1,210,FMAS,runtime_error,RecursionError: maximum recursion depth exceeded
combined_neutral,1,212,MTEE,runtime_error,RecursionError: maximum recursion depth exceeded
combined_neutral,1,213,MGOS,runtime_error,RecursionError: maximum recursion depth exceeded
combined_neutral,1,215,GEMS,runtime_error,RecursionError: maximum recursion depth exceeded
combined_neutral,1,216,OE_ACME,runtime_error,RecursionError: maximum recursion depth exceeded
combined_neutral,1,217,MGAS,interface_mismatch,__call__ failed: 'int' object is not callable
combined_neutral,1,218,MPGE,runtime_error,RecursionError: maximum recursion depth exceeded
combined_neutral,1,231,HAEDS,runtime_error,AttributeError: module 'numpy.linalg' has no attribute 'expm'
combined_neutral,1,238,DMES,runtime_error,RecursionError: maximum recursion depth exceeded
combined_neutral,1,240,OTME,runtime_error,"ValueError: could not broadcast input array from shape (2,2) into shape (3,2)"
combined_neutral,1,246,OTME,runtime_error,"ValueError: operands could not be broadcast together with shapes (2,2) (6,1) "
combined_neutral,1,248,OTME,runtime_error,"ValueError: matmul: Input operand 1 has a mismatch in its core dimension 0, with gufunc signature (n?,k),(k,m?)->(n?,m?) (size 6 is different from 2)"
combined_neutral,1,257,EDMT,runtime_error,"ValueError: operands could not be broadcast together with shapes (2,2) (10,1) "
combined_neutral,1,261,PDMS,runtime_error,"ValueError: operands could not be broadcast together with shapes (2,2) (3,) "
combined_neutral,1,262,PEMS,runtime_error,RecursionError: maximum recursion depth exceeded
combined_neutral,1,268,OTME,runtime_error,"ValueError: operands could not be broadcast together with shapes (2,2) (6,2) "
combined_neutral,1,274,OTME,runtime_error,"ValueError: operands could not be broadcast together with shapes (2,2) (8,) "
combined_neutral,1,280,OTME,runtime_error,RecursionError: maximum recursion depth exceeded
combined_neutral,1,282,GADS,runtime_error,"ValueError: operands could not be broadcast together with shapes (2,2) (8,1) "
combined_neutral,1,290,OTME,runtime_error,"ValueError: operands could not be broadcast together with shapes (2,) (3,) "
combined_neutral,1,295,EGFMS,runtime_error,"ValueError: operands could not be broadcast together with shapes (2,2) (6,2) "
combined_neutral,1,303,EAME,runtime_error,RecursionError: maximum recursion depth exceeded
combined_neutral,1,306,OSME,runtime_error,RecursionError: maximum recursion depth exceeded
combined_neutral,1,318,OTMS,runtime_error,"ValueError: operands could not be broadcast together with shapes (2,2) (6,1) "
combined_neutral,1,325,EGME,runtime_error,RecursionError: maximum recursion depth exceeded
combined_neutral,1,331,EGACE,runtime_error,"ValueError: operands could not be broadcast together with shapes (2,2) (6,) "
combined_neutral,1,332,EGDE,runtime_error,"ValueError: operands could not be broadcast together with shapes (2,2) (11,1) "
combined_neutral,1,344,EGACE,runtime_error,"ValueError: operands could not be broadcast together with shapes (2,2) (10,1) "
combined_neutral,1,356,FMMA,runtime_error,RecursionError: maximum recursion depth exceeded
combined_neutral,1,362,OTMS,runtime_error,IndexError: index 2 is out of bounds for axis 0 with size 2
combined_neutral,1,363,OTMS,runtime_error,"ValueError: operands could not be broadcast together with shapes (6,2) (2,2) "
combined_neutral,1,365,OSR_CA,runtime_error,RecursionError: maximum recursion depth exceeded
combined_neutral,1,372,PEVR,unclassified_success,ok
combined_neutral,1,375,MESS,runtime_error,"ValueError: operands could not be broadcast together with shapes (6,2) (2,2) "
combined_neutral,1,377,OT_DCA,runtime_error,"ValueError: operands could not be broadcast together with shapes (2,2) (6,1) "
combined_neutral,1,379,OTMS,runtime_error,RecursionError: maximum recursion depth exceeded
combined_neutral,1,383,OTMS,runtime_error,IndexError: index 2 is out of bounds for axis 0 with size 2
combined_neutral,1,387,OESE,runtime_error,"ValueError: operands could not be broadcast together with shapes (2,2) (6,1) "
combined_neutral,1,388,FSCA,runtime_error,RecursionError: maximum recursion depth exceeded
combined_neutral,1,389,OTME,runtime_error,RecursionError: maximum recursion depth exceeded
combined_neutral,1,393,OTMS,runtime_error,RecursionError: maximum recursion depth exceeded
combined_neutral,1,394,OTMS,runtime_error,"ValueError: matmul: Input operand 1 has a mismatch in its core dimension 0, with gufunc signature (n?,k),(k,m?)->(n?,m?) (size 6 is different from 2)"
combined_neutral,1,395,OTMS,runtime_error,"ValueError: operands could not be broadcast together with shapes (2,2) (8,2) "
combined_neutral,1,401,OE_ACMA,runtime_error,"ValueError: operands could not be broadcast together with shapes (2,2) (8,1) "
combined_neutral,1,405,OTACE,runtime_error,RecursionError: maximum recursion depth exceeded
combined_neutral,1,412,OT_CMA,runtime_error,IndexError: index 2 is out of bounds for axis 0 with size 2
combined_neutral,1,414,OT_CMA,runtime_error,RecursionError: maximum recursion depth exceeded
combined_neutral,1,416,OTES,runtime_error,RecursionError: maximum recursion depth exceeded
combined_neutral,1,417,OTE_CMA,runtime_error,"ValueError: operands could not be broadcast together with shapes (6,2) (2,2) "
combined_neutral,1,419,OT_CMA,runtime_error,RecursionError: maximum recursion depth exceeded
combined_neutral,1,422,OT_CMA,runtime_error,RecursionError: maximum recursion depth exceeded
combined_neutral,1,425,AMOS,runtime_error,"ValueError: operands could not be broadcast together with shapes (3,2) (2,2) "
combined_neutral,1,426,OTES,unclassified_success,ok
combined_neutral,1,427,ODM_CMA,runtime_error,"ValueError: could not broadcast input array from shape (2,2) into shape (4,2)"
combined_neutral,1,429,ODA_CMA,runtime_error,"ValueError: operands could not be broadcast together with shapes (2,2) (8,1) "
combined_neutral,1,431,OTDE,unclassified_success,ok
combined_neutral,1,432,OTACE,runtime_error,IndexError: index 2 is out of bounds for axis 0 with size 2
combined_neutral,1,433,OTMS,runtime_error,IndexError: index 4 is out of bounds for axis 0 with size 4
combined_neutral,1,435,OTACE,runtime_error,RecursionError: maximum recursion depth exceeded
combined_neutral,1,440,OTES,runtime_error,RecursionError: maximum recursion depth exceeded
combined_neutral,1,441,OTE_CMA,runtime_error,RecursionError: maximum recursion depth exceeded
combined_neutral,1,447,OEMA_CMA,runtime_error,IndexError: index 2 is out of bounds for axis 0 with size 2
combined_neutral,1,452,OTACE,runtime_error,RecursionError: maximum recursion depth exceeded
combined_neutral,1,453,OTACE,runtime_error,IndexError: index 2 is out of bounds for axis 0 with size 2
combined_neutral,1,459,PARES,runtime_error,RecursionError: maximum recursion depth exceeded
combined_neutral,1,465,OTS_ES,runtime_error,IndexError: index 2 is out of bounds for axis 0 with size 2
combined_neutral,1,466,PICE,runtime_error,RecursionError: maximum recursion depth exceeded
combined_neutral,1,467,OT_CMA,runtime_error,IndexError: index 2 is out of bounds for axis 0 with size 2
combined_neutral,1,470,OTAS,runtime_error,IndexError: index 2 is out of bounds for axis 0 with size 2
combined_neutral,1,476,OT_CMA,runtime_error,"ValueError: operands could not be broadcast together with shapes (2,2) (8,1) "
combined_neutral,1,478,OTES,runtime_error,IndexError: index 2 is out of bounds for axis 0 with size 2
combined_neutral,1,482,OTES,unclassified_success,ok
combined_neutral,1,484,OT_CMA,runtime_error,RecursionError: maximum recursion depth exceeded
combined_neutral,1,485,OT_CMA,runtime_error,IndexError: index 2 is out of bounds for axis 0 with size 2
combined_neutral,1,488,OTES,runtime_error,"ValueError: operands could not be broadcast together with shapes (2,2) (6,1) "
combined_neutral,1,490,OTACE,runtime_error,RecursionError: maximum recursion depth exceeded
combined_neutral,1,493,EACA,runtime_error,IndexError: index 2 is out of bounds for axis 0 with size 2
combined_neutral,1,496,OTES,runtime_error,"ValueError: operands could not be broadcast together with shapes (2,2) (6,1) "
combined_neutral,2,8,DE_ACES,runtime_error,"ValueError: shapes (5,) and (5,2,2) not aligned: 5 (dim 0) != 2 (dim 1)"
combined_neutral,2,9,CDEA_ES,runtime_error,RecursionError: maximum recursion depth exceeded
combined_neutral,2,13,MS_ES,runtime_error,RecursionError: maximum recursion depth exceeded
combined_neutral,2,31,OI_PI_ES,runtime_error,RecursionError: maximum recursion depth exceeded
combined_neutral,2,71,MDE_OH,runtime_error,"ValueError: operands could not be broadcast together with shapes (2,2) (10,) "
combined_neutral,2,95,OME,runtime_error,IndexError: index 2 is out of bounds for axis 0 with size 2
combined_neutral,2,112,OMAS,runtime_error,"ValueError: operands could not be broadcast together with shapes (2,) (0,) (2,) "
combined_neutral,2,117,OTMA,runtime_error,UnboundLocalError: cannot access local variable 'traj_norm' where it is not associated with a value
combined_neutral,2,129,HMAG,runtime_error,RecursionError: maximum recursion depth exceeded
combined_neutral,2,149,MFTA,runtime_error,RecursionError: maximum recursion depth exceeded
combined_neutral,2,168,ALEPH,runtime_error,AttributeError: module 'numpy' has no attribute 'math'
combined_neutral,2,201,CLCS,unclassified_success,ok
combined_neutral,2,203,FEMAGIC,runtime_error,RecursionError: maximum recursion depth exceeded
combined_neutral,2,252,O_MAGIC,runtime_error,IndexError: index 2 is out of bounds for axis 0 with size 2
combined_neutral,2,259,FRCA,runtime_error,RecursionError: maximum recursion depth exceeded
combined_neutral,2,265,OMME,runtime_error,IndexError: index 2 is out of bounds for axis 0 with size 2
combined_neutral,2,269,OMATER,runtime_error,IndexError: index 2 is out of bounds for axis 1 with size 2
combined_neutral,2,273,FBD,runtime_error,AttributeError: module 'numpy' has no attribute 'math'
combined_neutral,2,290,OMAGIC,runtime_error,IndexError: index 2 is out of bounds for axis 0 with size 2
combined_neutral,2,303,FractalCoordinateDescent,runtime_error,AttributeError: module 'numpy' has no attribute 'math'
combined_neutral,2,305,OMAG,runtime_error,IndexError: index 2 is out of bounds for axis 1 with size 2
combined_neutral,2,308,FTAM,runtime_error,RecursionError: maximum recursion depth exceeded
combined_neutral,2,312,OM_HTM,runtime_error,IndexError: index 2 is out of bounds for axis 1 with size 2
combined_neutral,2,326,OMAM,runtime_error,IndexError: index 2 is out of bounds for axis 0 with size 2
combined_neutral,2,355,OMMA,runtime_error,"ValueError: operands could not be broadcast together with shapes (2,2) (6,1) "
combined_neutral,2,362,OEMA,runtime_error,IndexError: index 2 is out of bounds for axis 0 with size 2
combined_neutral,2,365,GTAME,runtime_error,RecursionError: maximum recursion depth exceeded
combined_neutral,2,368,O_MAGIC,interface_mismatch,__call__ failed: 'int' object is not callable
combined_neutral,2,396,HDME,runtime_error,RecursionError: maximum recursion depth exceeded
combined_neutral,2,398,OMAGE,runtime_error,IndexError: index 2 is out of bounds for axis 1 with size 2
combined_neutral,2,416,FMME,runtime_error,RecursionError: maximum recursion depth exceeded
combined_neutral,2,421,MOSA,runtime_error,IndexError: index 2 is out of bounds for axis 0 with size 2
combined_neutral,2,422,SAMS,runtime_error,IndexError: index 2 is out of bounds for axis 0 with size 2
combined_neutral,2,425,SSOCA,runtime_error,IndexError: index 2 is out of bounds for axis 0 with size 2
combined_neutral,2,435,SSDE,runtime_error,IndexError: index 2 is out of bounds for axis 0 with size 2
combined_neutral,2,437,SYNOM,runtime_error,IndexError: index 2 is out of bounds for axis 0 with size 2
combined_neutral,2,439,SADC,runtime_error,"ValueError: could not broadcast input array from shape (2,2) into shape (6,2)"
combined_neutral,2,442,SADES,runtime_error,"ValueError: could not broadcast input array from shape (2,2) into shape (7,2)"
combined_neutral,2,443,SAMR_CMA,runtime_error,IndexError: index 2 is out of bounds for axis 0 with size 2
combined_neutral,2,446,MEDCA,interface_mismatch,__call__ failed: 'int' object is not callable
combined_neutral,2,448,SEDA,runtime_error,IndexError: index 2 is out of bounds for axis 0 with size 2
combined_neutral,2,450,SEDA_CMA,runtime_error,IndexError: index 2 is out of bounds for axis 0 with size 2
combined_neutral,2,454,SAMS,runtime_error,"ValueError: could not broadcast input array from shape (2,2) into shape (6,2)"
combined_neutral,2,455,MEDCA,runtime_error,IndexError: index 2 is out of bounds for axis 0 with size 2
combined_neutral,2,457,SEIC,runtime_error,IndexError: index 2 is out of bounds for axis 1 with size 2
combined_neutral,2,461,SEAD,runtime_error,IndexError: index 2 is out of bounds for axis 0 with size 2
combined_neutral,2,464,MEDCA,runtime_error,IndexError: index 2 is out of bounds for axis 0 with size 2
combined_neutral,2,465,EAOM,runtime_error,IndexError: index 2 is out of bounds for axis 0 with size 2
combined_neutral,2,466,MEDCA,runtime_error,IndexError: index 2 is out of bounds for axis 0 with size 2
combined_neutral,2,467,MEDCA,runtime_error,IndexError: index 3 is out of bounds for axis 0 with size 2
combined_neutral,2,469,SEDA_CMA,runtime_error,RecursionError: maximum recursion depth exceeded
combined_neutral,2,470,SEDAC,runtime_error,"ValueError: operands could not be broadcast together with shapes (12,2) (2,2) "
combined_neutral,2,474,SEDAC,interface_mismatch,__call__ failed: 'int' object is not callable
combined_neutral,2,478,ESD,unclassified_success,ok
combined_neutral,2,480,EAOM,runtime_error,IndexError: index 2 is out of bounds for axis 0 with size 2
combined_neutral,2,481,MEDCA,runtime_error,IndexError: index 2 is out of bounds for axis 0 with size 2
combined_neutral,2,485,PEMAC,runtime_error,IndexError: index 2 is out of bounds for axis 0 with size 2
combined_neutral,2,486,MGTO,runtime_error,IndexError: index 2 is out of bounds for axis 0 with size 2
combined_neutral,2,487,PTAS,runtime_error,IndexError: index 2 is out of bounds for axis 0 with size 2
combined_neutral,2,489,SEDA,runtime_error,IndexError: index 2 is out of bounds for axis 0 with size 2
combined_neutral,2,493,MEDCA,interface_mismatch,__call__ failed: 'int' object is not callable
combined_neutral,2,495,SEGOC,runtime_error,IndexError: index 2 is out of bounds for axis 0 with size 2
combined_neutral,2,497,SAMS,runtime_error,RecursionError: maximum recursion depth exceeded
combined_neutral,2,499,SAMS,runtime_error,IndexError: index 2 is out of bounds for axis 0 with size 2
combined_neutral,3,7,EntropyDrivenAffineExplorer,unclassified_success,ok
combined_neutral,3,11,MEDA_Optimizer,runtime_error,RecursionError: maximum recursion depth exceeded
combined_neutral,3,14,ACMAMAOptimizer,interface_mismatch,"__call__ failed: numpy boolean subtract, the `-` operator, is not supported, use the bitwise_xor, the `^` operator, or the logical_xor function instead."
combined_neutral,3,28,OTACO,runtime_error,RecursionError: maximum recursion depth exceeded
combined_neutral,3,29,DACME,runtime_error,RecursionError: maximum recursion depth exceeded
combined_neutral,3,35,MirrorTrajectoryDEOptimizer,runtime_error,RecursionError: maximum recursion depth exceeded
combined_neutral,3,38,MSHybridOptimizer,runtime_error,RecursionError: maximum recursion depth exceeded
combined_neutral,3,47,DEGS_CMA,runtime_error,RecursionError: maximum recursion depth exceeded
combined_neutral,3,48,DeepLayeredCovarianceOptimizer,runtime_error,RecursionError: maximum recursion depth exceeded
combined_neutral,3,50,OMD_CMA_Optimizer,runtime_error,RecursionError: maximum recursion depth exceeded
combined_neutral,3,60,ADCME,runtime_error,RecursionError: maximum recursion depth exceeded
combined_neutral,3,62,DECMAOptimizer,runtime_error,RecursionError: maximum recursion depth exceeded
combined_neutral,3,79,OSMCMAOptimizer,import_violation,scipy.special is currently not allowed to be imported in this framework.
combined_neutral,3,81,AOSCMAOptimizer,runtime_error,RecursionError: maximum recursion depth exceeded
combined_neutral,3,86,DACMAOptimizer,runtime_error,RecursionError: maximum recursion depth exceeded
combined_neutral,3,87,DACMAOptimizer,runtime_error,RecursionError: maximum recursion depth exceeded
combined_neutral,3,88,DACMAOptimizer,runtime_error,RecursionError: maximum recursion depth exceeded
combined_neutral,3,89,AOSOptimizer,runtime_error,RecursionError: maximum recursion depth exceeded
combined_neutral,3,90,HDCMAOptimizer,runtime_error,RecursionError: maximum recursion depth exceeded
combined_neutral,3,91,DACMAOptimizer,runtime_error,RecursionError: maximum recursion depth exceeded
combined_neutral,3,98,EEDCMAOptimizer,import_violation,scipy is currently not allowed to be imported in this framework.
combined_neutral,3,99,HEA_CMA,runtime_error,RecursionError: maximum recursion depth exceeded
combined_neutral,3,100,E2CMAOptimizer,runtime_error,AttributeError: module 'numpy' has no attribute 'math'
combined_neutral,3,102,AS_CMA_Optimizer,runtime_error,RecursionError: maximum recursion depth exceeded
combined_neutral,3,106,DACMAOptimizer,runtime_error,RecursionError: maximum recursion depth exceeded
combined_neutral,3,108,DTCMAOptimizer,runtime_error,RecursionError: maximum recursion depth exceeded
combined_neutral,3,109,AD_CMAOptimizer,runtime_error,RecursionError: maximum recursion depth exceeded
combined_neutral,3,113,DACMAOptimizer,runtime_error,RecursionError: maximum recursion depth exceeded
combined_neutral,3,116,AAPICMAOptimizer,runtime_error,RecursionError: maximum recursion depth exceeded
combined_neutral,3,117,DACMAOptimizer,runtime_error,RecursionError: maximum recursion depth exceeded
combined_neutral,3,121,ALPCMAOptimizer,runtime_error,RecursionError: maximum recursion depth exceeded
combined_neutral,3,122,DACMAOptimizer,runtime_error,RecursionError: maximum recursion depth exceeded
combined_neutral,3,125,DACMAOptimizer,runtime_error,RecursionError: maximum recursion depth exceeded
combined_neutral,3,127,DACMAOptimizer,runtime_error,RecursionError: maximum recursion depth exceeded
combined_neutral,3,128,DACMAOptimizer,runtime_error,RecursionError: maximum recursion depth exceeded
combined_neutral,3,129,DAMM_CMA,runtime_error,RecursionError: maximum recursion depth exceeded
combined_neutral,3,137,ALPCOptimizer,runtime_error,AttributeError: module 'numpy' has no attribute 'math'
combined_neutral,3,138,ALPCMAOptimizer,runtime_error,RecursionError: maximum recursion depth exceeded
combined_neutral,3,139,ALPCMAOptimizer,runtime_error,RecursionError: maximum recursion depth exceeded
combined_neutral,3,142,ALPCMAOptimizer,runtime_error,RecursionError: maximum recursion depth exceeded
combined_neutral,3,143,ALPCMAOptimizer,runtime_error,RecursionError: maximum recursion depth exceeded
combined_neutral,3,144,DACMAOptimizer,import_violation,scipy.special is currently not allowed to be imported in this framework.
combined_neutral,3,145,PECMAOptimizer,import_violation,scipy.special is currently not allowed to be imported in this framework.
combined_neutral,3,147,DAPPCMAOptimizer,runtime_error,RecursionError: maximum recursion depth exceeded
combined_neutral,3,148,DACMAOptimizer,runtime_error,RecursionError: maximum recursion depth exceeded
combined_neutral,3,149,DAPECMAOptimizer,runtime_error,RecursionError: maximum recursion depth exceeded
combined_neutral,3,150,DAPICMAOptimizer,runtime_error,RecursionError: maximum recursion depth exceeded
combined_neutral,3,152,DACMAOptimizer,runtime_error,RecursionError: maximum recursion depth exceeded
combined_neutral,3,155,ALP_CMA,runtime_error,RecursionError: maximum recursion depth exceeded
combined_neutral,3,156,ALP_CMA_Optimizer,import_violation,scipy.special is currently not allowed to be imported in this framework.
combined_neutral,3,157,APECMAOptimizer,runtime_error,RecursionError: maximum recursion depth exceeded
combined_neutral,3,158,DACMAOptimizer,runtime_error,RecursionError: maximum recursion depth exceeded
combined_neutral,3,159,ALPCMAOptimizer,runtime_error,AttributeError: module 'numpy' has no attribute 'math'
combined_neutral,3,161,PathDACMAOptimizer,runtime_error,RecursionError: maximum recursion depth exceeded
combined_neutral,3,162,DACMAOptimizer,runtime_error,RecursionError: maximum recursion depth exceeded
combined_neutral,3,163,ALPCMAOptimizer,runtime_error,AttributeError: module 'numpy' has no attribute 'math'
combined_neutral,3,164,ALPCMAOptimizer,runtime_error,RecursionError: maximum recursion depth exceeded
combined_neutral,3,166,ALPCMAOptimizer,runtime_error,AttributeError: module 'numpy' has no attribute 'math'
combined_neutral,3,167,OTCMAOptimizer,runtime_error,RecursionError: maximum recursion depth exceeded
combined_neutral,3,169,DACMAOptimizer,runtime_error,RecursionError: maximum recursion depth exceeded
combined_neutral,3,171,DACMAOptimizer,runtime_error,RecursionError: maximum recursion depth exceeded
combined_neutral,3,173,DACMAOptimizer,runtime_error,RecursionError: maximum recursion depth exceeded
combined_neutral,3,174,PECMAOptimizer,import_violation,scipy.special is currently not allowed to be imported in this framework.
combined_neutral,3,175,ALPCMAOptimizer,runtime_error,RecursionError: maximum recursion depth exceeded
combined_neutral,3,176,ALPCMAOptimizer,runtime_error,RecursionError: maximum recursion depth exceeded
combined_neutral,3,177,PECMAOptimizer,runtime_error,RecursionError: maximum recursion depth exceeded
combined_neutral,3,181,GADE_Optimizer,runtime_error,RecursionError: maximum recursion depth exceeded
combined_neutral,3,182,DACMAOptimizer,runtime_error,RecursionError: maximum recursion depth exceeded
combined_neutral,3,183,DACMAOptimizer,runtime_error,RecursionError: maximum recursion depth exceeded
combined_neutral,3,188,ALPCMAOptimizer,runtime_error,AttributeError: module 'numpy' has no attribute 'math'
combined_neutral,3,193,DECMAOptimizer,runtime_error,AttributeError: module 'numpy' has no attribute 'math'
combined_neutral,3,194,PECMAOptimizer,runtime_error,RecursionError: maximum recursion depth exceeded
combined_neutral,3,200,DACMAOptimizer,runtime_error,AttributeError: module 'numpy' has no attribute 'math'
combined_neutral,3,201,OTCMAOptimizer,runtime_error,RecursionError: maximum recursion depth exceeded
combined_neutral,3,202,AGCMAOptimizer,runtime_error,RecursionError: maximum recursion depth exceeded
combined_neutral,3,204,DACMAOptimizer,runtime_error,RecursionError: maximum recursion depth exceeded
combined_neutral,3,207,DAPICMAOptimizer,runtime_error,RecursionError: maximum recursion depth exceeded
combined_neutral,3,211,DACMAOptimizer,runtime_error,AttributeError: module 'numpy' has no attribute 'math'
combined_neutral,3,213,ALPCMAOptimizer,runtime_error,AttributeError: module 'numpy' has no attribute 'math'
combined_neutral,3,216,DECMAOptimizer,runtime_error,RecursionError: maximum recursion depth exceeded
combined_neutral,3,217,ALFS_Optimizer,import_violation,scipy.special is currently not allowed to be imported in this framework.
combined_neutral,3,219,ALTCMAOptimizer,runtime_error,RecursionError: maximum recursion depth exceeded
combined_neutral,3,221,ALPCMAOptimizer,runtime_error,AttributeError: module 'numpy' has no attribute 'math'
combined_neutral,3,222,DACMAOptimizer,runtime_error,RecursionError: maximum recursion depth exceeded
combined_neutral,3,223,DALREPOptimizer,runtime_error,RecursionError: maximum recursion depth exceeded
combined_neutral,3,224,PEACMAOptimizer,runtime_error,RecursionError: maximum recursion depth exceeded
combined_neutral,3,227,ALPCMAOptimizer,import_violation,scipy.special is currently not allowed to be imported in this framework.
combined_neutral,3,228,DACMAOptimizer,runtime_error,AttributeError: module 'numpy' has no attribute 'math'
combined_neutral,3,231,ALPCMAOptimizer,runtime_error,RecursionError: maximum recursion depth exceeded
combined_neutral,3,233,ALPCMAOptimizer,runtime_error,AttributeError: module 'numpy' has no attribute 'math'
combined_neutral,3,235,GECMAOptimizer,runtime_error,RecursionError: maximum recursion depth exceeded
combined_neutral,3,236,ALPCMAOptimizer,runtime_error,RecursionError: maximum recursion depth exceeded
combined_neutral,3,237,DACMAOptimizer,runtime_error,RecursionError: maximum recursion depth exceeded
combined_neutral,3,243,LFDWOptimizer,runtime_error,__init__ raised AttributeError: module 'numpy' has no attribute 'math'
combined_neutral,3,247,TMASOptimizer,runtime_error,AttributeError: module 'numpy' has no attribute 'math'
combined_neutral,3,248,PEACMAOptimizer,runtime_error,AttributeError: module 'numpy' has no attribute 'math'
combined_neutral,3,249,PEACMAOptimizer,runtime_error,RecursionError: maximum recursion depth exceeded
combined_neutral,3,251,ALPCMAOptimizer,import_violation,scipy.special is currently not allowed to be imported in this framework.
combined_neutral,3,255,PEACMAOptimizer,runtime_error,AttributeError: module 'numpy' has no attribute 'math'
combined_neutral,3,256,DAP_CMA,runtime_error,RecursionError: maximum recursion depth exceeded
combined_neutral,3,257,PEACMAOptimizer,runtime_error,AttributeError: module 'numpy' has no attribute 'math'
combined_neutral,3,258,DACMAOptimizer,runtime_error,RecursionError: maximum recursion depth exceeded
combined_neutral,3,259,DACMAOptimizer,runtime_error,RecursionError: maximum recursion depth exceeded
combined_neutral,3,260,GASCMAOptimizer,runtime_error,RecursionError: maximum recursion depth exceeded
combined_neutral,3,267,ALPCMAOptimizer,runtime_error,AttributeError: module 'numpy' has no attribute 'math'
combined_neutral,3,268,IGG_CMA,runtime_error,RecursionError: maximum recursion depth exceeded
combined_neutral,3,269,DAEOptimizer,runtime_error,RecursionError: maximum recursion depth exceeded
combined_neutral,3,270,ALPCMAOptimizer,runtime_error,AttributeError: module 'numpy' has no attribute 'math'
combined_neutral,3,271,DAECMAOptimizer,runtime_error,RecursionError: maximum recursion depth exceeded
combined_neutral,3,273,DAPECMAOptimizer,runtime_error,RecursionError: maximum recursion depth exceeded
combined_neutral,3,274,DAPECMAOptimizer,runtime_error,RecursionError: maximum recursion depth exceeded
combined_neutral,3,277,ALP_CMA,import_violation,scipy.special is currently not allowed to be imported in this framework.
combined_neutral,3,279,PECMAOptimizer,runtime_error,RecursionError: maximum recursion depth exceeded
combined_neutral,3,280,ALPCMAOptimizer,runtime_error,RecursionError: maximum recursion depth exceeded
combined_neutral,3,281,PEACMAOptimizer,runtime_error,RecursionError: maximum recursion depth exceeded
combined_neutral,3,285,ALPCMAOptimizer,runtime_error,AttributeError: module 'numpy' has no attribute 'math'
combined_neutral,3,286,DACMAOptimizer,runtime_error,RecursionError: maximum recursion depth exceeded
combined_neutral,3,287,ALPCMAOptimizer,runtime_error,AttributeError: module 'numpy' has no attribute 'math'
combined_neutral,3,288,DACMAOptimizer,runtime_error,RecursionError: maximum recursion depth exceeded
combined_neutral,3,289,AP_CMA_Optimizer,runtime_error,RecursionError: maximum recursion depth exceeded
combined_neutral,3,292,DACMAOptimizer,runtime_error,RecursionError: maximum recursion depth exceeded
combined_neutral,3,293,ALPCMAOptimizer,runtime_error,AttributeError: module 'numpy' has no attribute 'math'
combined_neutral,3,295,OTDS_Optimizer,runtime_error,RecursionError: maximum recursion depth exceeded
combined_neutral,3,297,IGPE_CMA_Optimizer,runtime_error,RecursionError: maximum recursion depth exceeded
combined_neutral,3,298,ALPCMAOptimizer,runtime_error,RecursionError: maximum recursion depth exceeded
combined_neutral,3,300,PECMAOptimizer,runtime_error,RecursionError: maximum recursion depth exceeded
combined_neutral,3,302,APECMAOptimizer,runtime_error,RecursionError: maximum recursion depth exceeded
combined_neutral,3,305,DACMAOptimizer,runtime_error,RecursionError: maximum recursion depth exceeded
combined_neutral,3,308,DPICMAOptimizer,runtime_error,RecursionError: maximum recursion depth exceeded
combined_neutral,3,310,DACMAOptimizer,runtime_error,RecursionError: maximum recursion depth exceeded
combined_neutral,3,313,GPACMAOptimizer,runtime_error,RecursionError: maximum recursion depth exceeded
combined_neutral,3,314,GGCMAOptimizer,interface_mismatch,__call__ failed: 'int' object is not callable
combined_neutral,3,315,GLFWOptimizer,runtime_error,__init__ raised AttributeError: module 'numpy' has no attribute 'math'
combined_neutral,3,316,GPACMAOptimizer,runtime_error,RecursionError: maximum recursion depth exceeded
combined_neutral,3,317,PEDACMAOptimizer,runtime_error,RecursionError: maximum recursion depth exceeded
combined_neutral,3,318,GLFW,runtime_error,AttributeError: module 'numpy' has no attribute 'math'
combined_neutral,3,320,ALPCMAOptimizer,runtime_error,AttributeError: module 'numpy' has no attribute 'math'
combined_neutral,3,325,CMSCMAOptimizer,runtime_error,RecursionError: maximum recursion depth exceeded
combined_neutral,3,326,APECMAOptimizer,runtime_error,RecursionError: maximum recursion depth exceeded
combined_neutral,3,328,SPECMAOptimizer,runtime_error,RecursionError: maximum recursion depth exceeded
combined_neutral,3,329,GLFWOptimizer,runtime_error,AttributeError: module 'numpy' has no attribute 'math'
combined_neutral,3,331,GPACMAOptimizer,runtime_error,RecursionError: maximum recursion depth exceeded
combined_neutral,3,333,ALPCMAOptimizer,runtime_error,RecursionError: maximum recursion depth exceeded
combined_neutral,3,335,DACMAOptimizer,runtime_error,RecursionError: maximum recursion depth exceeded
combined_neutral,3,336,IGPIE,runtime_error,RecursionError: maximum recursion depth exceeded
combined_neutral,3,337,GPCMAOptimizer,runtime_error,RecursionError: maximum recursion depth exceeded
combined_neutral,3,339,CTACMAOptimizer,runtime_error,RecursionError: maximum recursion depth exceeded
combined_neutral,3,341,DACMAOptimizer,runtime_error,RecursionError: maximum recursion depth exceeded
combined_neutral,3,342,APECMAOptimizer,runtime_error,RecursionError: maximum recursion depth exceeded
combined_neutral,3,343,APLCMAOptimizer,interface_mismatch,__call__ failed: 'int' object is not callable
combined_neutral,3,344,DACMAOptimizer,runtime_error,RecursionError: maximum recursion depth exceeded
combined_neutral,3,347,TDCMAOptimizer,runtime_error,RecursionError: maximum recursion depth exceeded
combined_neutral,3,349,GLFWOptimizer,import_violation,scipy.stats is currently not allowed to be imported in this framework.
combined_neutral,3,352,DACMAOptimizer,runtime_error,RecursionError: maximum recursion depth exceeded
combined_neutral,3,354,DACMAOptimizer,runtime_error,RecursionError: maximum recursion depth exceeded
combined_neutral,3,355,DACMAOptimizer,runtime_error,RecursionError: maximum recursion depth exceeded
combined_neutral,3,356,PEDACMAOptimizer,runtime_error,RecursionError: maximum recursion depth exceeded
combined_neutral,3,357,APE_CMA,runtime_error,RecursionError: maximum recursion depth exceeded
combined_neutral,3,359,ALPCMAOptimizer,runtime_error,RecursionError: maximum recursion depth exceeded
combined_neutral,3,361,DACMAOptimizer,runtime_error,RecursionError: maximum recursion depth exceeded
combined_neutral,3,364,APECMAOptimizer,runtime_error,RecursionError: maximum recursion depth exceeded
combined_neutral,3,366,ALPCMAOptimizer,runtime_error,RecursionError: maximum recursion depth exceeded
combined_neutral,3,368,GLFOptimizer,runtime_error,AttributeError: module 'numpy' has no attribute 'math'
combined_neutral,3,369,DACMAOptimizer,runtime_error,RecursionError: maximum recursion depth exceeded
combined_neutral,3,370,ALPCMAOptimizer,runtime_error,RecursionError: maximum recursion depth exceeded
combined_neutral,3,371,DACMAOptimizer,runtime_error,RecursionError: maximum recursion depth exceeded
combined_neutral,3,373,DPI_CMA_Optimizer,runtime_error,RecursionError: maximum recursion depth exceeded
combined_neutral,3,374,DACMAOptimizer,runtime_error,RecursionError: maximum recursion depth exceeded
combined_neutral,3,376,GPACMAOptimizer,runtime_error,RecursionError: maximum recursion depth exceeded
combined_neutral,3,377,DACMAOptimizer,runtime_error,RecursionError: maximum recursion depth exceeded
combined_neutral,3,382,DACMAOptimizer,runtime_error,RecursionError: maximum recursion depth exceeded
combined_neutral,3,383,DACMAOptimizer,runtime_error,RecursionError: maximum recursion depth exceeded
combined_neutral,3,385,MODE_CMA,interface_mismatch,__call__ failed: 'int' object is not callable
combined_neutral,3,386,DPICMAOptimizer,runtime_error,RecursionError: maximum recursion depth exceeded
combined_neutral,3,388,APE_CMA,runtime_error,RecursionError: maximum recursion depth exceeded
combined_neutral,3,396,PACMAOptimizer,runtime_error,RecursionError: maximum recursion depth exceeded
combined_neutral,3,399,ALPCMAOptimizer,runtime_error,RecursionError: maximum recursion depth exceeded
combined_neutral,3,400,GPACMAOptimizer,runtime_error,RecursionError: maximum recursion depth exceeded
combined_neutral,3,401,DACMAOptimizer,runtime_error,RecursionError: maximum recursion depth exceeded
combined_neutral,3,404,PECMAOptimizer,runtime_error,RecursionError: maximum recursion depth exceeded
combined_neutral,3,410,PEDAOptimizer,runtime_error,RecursionError: maximum recursion depth exceeded
combined_neutral,3,411,DACMAOptimizer,runtime_error,AttributeError: module 'numpy' has no attribute 'math'
combined_neutral,3,412,APECMAOptimizer,runtime_error,RecursionError: maximum recursion depth exceeded
combined_neutral,3,414,ALPCMAOptimizer,runtime_error,RecursionError: maximum recursion depth exceeded
combined_neutral,3,416,ALROptimizer,runtime_error,AttributeError: module 'numpy' has no attribute 'math'
combined_neutral,3,417,PAA_CMA,runtime_error,RecursionError: maximum recursion depth exceeded
combined_neutral,3,418,GPACMAOptimizer,runtime_error,RecursionError: maximum recursion depth exceeded
combined_neutral,3,419,DPICMAOptimizer,runtime_error,RecursionError: maximum recursion depth exceeded
combined_neutral,3,420,MTICMAOptimizer,runtime_error,RecursionError: maximum recursion depth exceeded
combined_neutral,3,421,PEDCMAOptimizer,runtime_error,RecursionError: maximum recursion depth exceeded
combined_neutral,3,422,GPACMAOptimizer,runtime_error,RecursionError: maximum recursion depth exceeded
combined_neutral,3,423,PAA_CMA_Optimizer,runtime_error,RecursionError: maximum recursion depth exceeded
combined_neutral,3,424,DACMAOptimizer,runtime_error,RecursionError: maximum recursion depth exceeded
combined_neutral,3,425,CPCMAOptimizer,runtime_error,RecursionError: maximum recursion depth exceeded
combined_neutral,3,427,DACMAOptimizer,runtime_error,RecursionError: maximum recursion depth exceeded
combined_neutral,3,429,OTPE_CMAOptimizer,runtime_error,RecursionError: maximum recursion depth exceeded
combined_neutral,3,430,ATP_CMAOptimizer,runtime_error,RecursionError: maximum recursion depth exceeded
combined_neutral,3,433,APE_CMAOptimizer,runtime_error,RecursionError: maximum recursion depth exceeded
combined_neutral,3,436,PE_CMA_Optimizer,runtime_error,RecursionError: maximum recursion depth exceeded
combined_neutral,3,437,OPE_CMAOptimizer,runtime_error,RecursionError: maximum recursion depth exceeded
combined_neutral,3,445,EP_CMAOptimizer,runtime_error,RecursionError: maximum recursion depth exceeded
combined_neutral,3,470,ATI_CMAOptimizer,runtime_error,RecursionError: maximum recursion depth exceeded
combined_neutral,3,479,ET_CMAOptimizer,interface_mismatch,__call__ failed: 'int' object is not callable
combined_neutral,3,481,OTPE_CMAOptimizer,runtime_error,RecursionError: maximum recursion depth exceeded
combined_neutral,3,491,ET_CMAOptimizer,runtime_error,RecursionError: maximum recursion depth exceeded
combined_neutral,3,493,OT_PECMA,code_generation,"cannot use assignment expressions with expression (<unknown>, line 79)"
combined_neutral,3,495,PEM_CMAOptimizer,runtime_error,RecursionError: maximum recursion depth exceeded
combined_neutral,4,4,AOCA,runtime_error,RecursionError: maximum recursion depth exceeded
combined_neutral,4,114,OMR_Optimizer,runtime_error,IndexError: index 4 is out of bounds for axis 0 with size 4
combined_neutral,4,288,EOPF_Optimizer,runtime_error,RecursionError: maximum recursion depth exceeded
combined_neutral,4,303,EHES_Optimizer,runtime_error,RecursionError: maximum recursion depth exceeded
combined_neutral,4,317,EOGD_Optimizer,runtime_error,"ValueError: matmul: Input operand 1 has a mismatch in its core dimension 0, with gufunc signature (n?,k),(k,m?)->(n?,m?) (size 5 is different from 1)"
combined_neutral,4,370,EMAC_Optimizer,runtime_error,RecursionError: maximum recursion depth exceeded
combined_neutral,4,471,EOPF_Optimizer,runtime_error,RecursionError: maximum recursion depth exceeded
combined_neutral,4,483,EHEE_Optimizer,runtime_error,RecursionError: maximum recursion depth exceeded
combined_neutral,5,135,CovarianceGuidedDirectionalSearch,runtime_error,AttributeError: module 'numpy' has no attribute 'eigh'
combined_neutral,5,136,CovarianceSteeredEccentricSearch,import_violation,scipy.linalg is currently not allowed to be imported in this framework.
combined_neutral,5,146,AdaptiveDifferentialEvolution,unclassified_success,ok
combined_neutral,5,158,EccentricCMAES,runtime_error,AttributeError: 'EccentricCMAES' object has no attribute 'B'
combined_neutral,5,180,CovarianceEntropySearch,import_violation,scipy.linalg is currently not allowed to be imported in this framework.
combined_neutral,5,190,AdaptiveDifferentialEvolution,unclassified_success,ok
combined_neutral,5,210,AdaptiveDifferentialEvolution,unclassified_success,ok
combined_neutral,5,211,CovarianceEntropyMaximizedSearch,import_violation,scipy.linalg is currently not allowed to be imported in this framework.
combined_neutral,5,215,CovarianceDrivenOrthogonalSearch,runtime_error,timeout: exceeded 10s smoke-test budget
combined_neutral,5,233,GeometricCentroidalFractalSearch,runtime_error,"ValueError: operands could not be broadcast together with shapes (2,2) (3,) "
combined_neutral,5,235,AdaptiveDifferentialEvolution,unclassified_success,ok
combined_neutral,5,240,TopologyAwareManifoldSearch,import_violation,scipy.spatial.distance is currently not allowed to be imported in this framework.
combined_neutral,5,253,GraphInformedManifoldSearch,import_violation,scipy.spatial.distance is currently not allowed to be imported in this framework.
combined_neutral,5,262,AdaptiveDifferentialEvolution,import_violation,"scipy.spatial.distance, scipy.spatial.distance are currently not allowed to be imported in this framework."
combined_neutral,5,272,AdaptiveDifferentialEvolution,unclassified_success,ok
combined_neutral,5,278,CMADOE,runtime_error,__init__ raised NameError: name 'floor_log' is not defined
combined_neutral,5,280,GACMA,runtime_error,RecursionError: maximum recursion depth exceeded
combined_neutral,5,294,DECMA,runtime_error,RecursionError: maximum recursion depth exceeded
combined_neutral,5,297,MECA,runtime_error,RecursionError: maximum recursion depth exceeded
combined_neutral,5,300,HEAR_CMAES,runtime_error,"ValueError: operands could not be broadcast together with shapes (2,2) (6,1) "
combined_neutral,5,301,OECMA,runtime_error,RecursionError: maximum recursion depth exceeded
combined_neutral,5,305,ADE_CMA,runtime_error,RecursionError: maximum recursion depth exceeded
combined_neutral,5,312,ECMA,runtime_error,RecursionError: maximum recursion depth exceeded
combined_neutral,5,316,MSE_CMA,runtime_error,RecursionError: maximum recursion depth exceeded
combined_neutral,5,317,DEI_CMA,runtime_error,RecursionError: maximum recursion depth exceeded
combined_neutral,5,319,HEAR_CMA,runtime_error,RecursionError: maximum recursion depth exceeded
combined_neutral,5,324,OECMA,import_violation,"scipy.stats, scipy.stats are currently not allowed to be imported in this framework."
combined_neutral,5,325,ASM_CMA,runtime_error,RecursionError: maximum recursion depth exceeded
combined_neutral,5,332,HES_CMA,runtime_error,RecursionError: maximum recursion depth exceeded
combined_neutral,5,333,DESCMA,runtime_error,RecursionError: maximum recursion depth exceeded
combined_neutral,5,338,OSRCMA,runtime_error,RecursionError: maximum recursion depth exceeded
combined_neutral,5,346,PE_OME,runtime_error,"ValueError: operands could not be broadcast together with shapes (2,2) (6,) "
combined_neutral,5,348,EM_CMA,runtime_error,"ValueError: operands could not be broadcast together with shapes (2,2) (5,1) "
combined_neutral,5,356,EEPE,runtime_error,"ValueError: operands could not be broadcast together with shapes (2,2) (5,1) "
combined_neutral,5,374,AMSE,runtime_error,"ValueError: operands could not be broadcast together with shapes (2,2) (7,) "
combined_neutral,5,377,SED,runtime_error,RecursionError: maximum recursion depth exceeded
combined_neutral,5,389,AWCA,runtime_error,RecursionError: maximum recursion depth exceeded
combined_neutral,5,390,ADPE,runtime_error,IndexError: index 2 is out of bounds for axis 0 with size 2
combined_neutral,5,391,ACME,runtime_error,RecursionError: maximum recursion depth exceeded
combined_neutral,5,399,AEE,runtime_error,RecursionError: maximum recursion depth exceeded
combined_neutral,5,404,DCMM,runtime_error,"ValueError: could not broadcast input array from shape (2,2) into shape (7,2)"
combined_neutral,5,415,DAME,runtime_error,RecursionError: maximum recursion depth exceeded
combined_neutral,5,420,AAME,code_generation,"cannot assign to attribute here. Maybe you meant '==' instead of '='? (<unknown>, line 7)"
combined_neutral,5,423,SEA,runtime_error,RecursionError: maximum recursion depth exceeded
combined_neutral,5,428,AAPIE,runtime_error,RecursionError: maximum recursion depth exceeded
combined_neutral,5,429,AWCA,code_generation,"cannot assign to attribute here. Maybe you meant '==' instead of '='? (<unknown>, line 7)"
combined_neutral,5,431,AACE,runtime_error,RecursionError: maximum recursion depth exceeded
combined_neutral,5,434,AAME,runtime_error,RecursionError: maximum recursion depth exceeded
combined_neutral,5,435,AMESE,code_generation,"cannot assign to attribute here. Maybe you meant '==' instead of '='? (<unknown>, line 7)"
combined_neutral,5,443,AWCA,code_generation,"cannot assign to attribute here. Maybe you meant '==' instead of '='? (<unknown>, line 7)"
combined_neutral,5,448,AME,code_generation,"cannot assign to attribute here. Maybe you meant '==' instead of '='? (<unknown>, line 7)"
combined_neutral,5,452,APBE,code_generation,"cannot assign to attribute here. Maybe you meant '==' instead of '='? (<unknown>, line 7)"
combined_neutral,5,459,AWCA,code_generation,"cannot assign to attribute here. Maybe you meant '==' instead of '='? (<unknown>, line 7)"
combined_neutral,5,460,AAPE,runtime_error,RecursionError: maximum recursion depth exceeded
combined_neutral,5,461,OESA,runtime_error,"ValueError: could not broadcast input array from shape (2,2) into shape (5,2)"
combined_neutral,5,464,AMPE,code_generation,"cannot assign to attribute here. Maybe you meant '==' instead of '='? (<unknown>, line 7)"
combined_neutral,5,466,AME,code_generation,"cannot assign to attribute here. Maybe you meant '==' instead of '='? (<unknown>, line 7)"
combined_neutral,5,489,ADPM,runtime_error,RecursionError: maximum recursion depth exceeded
combined_neutral,5,493,EDCME,runtime_error,RecursionError: maximum recursion depth exceeded
combined_neutral,5,494,OEM,import_violation,scipy.linalg is currently not allowed to be imported in this framework.
combined_neutral,5,495,EASPE,runtime_error,"ValueError: could not broadcast input array from shape (2,2) into shape (7,2)"
combined_neutral,5,496,EAMD,runtime_error,"ValueError: could not broadcast input array from shape (2,2) into shape (3,2)"
combined_neutral,6,6,OrthogonalEccentricDE,runtime_error,NameError: name 'eccentric_scale' is not defined
combined_neutral,6,7,OrthogonalEccentricDE,runtime_error,IndexError: index 21 is out of bounds for axis 0 with size 16
combined_neutral,6,63,CAOE,runtime_error,RecursionError: maximum recursion depth exceeded
combined_neutral,6,79,CAD_DE,runtime_error,IndexError: index 7 is out of bounds for axis 0 with size 7
combined_neutral,6,110,CADDE,runtime_error,IndexError: index 4 is out of bounds for axis 0 with size 4
combined_neutral,6,117,CMSA_RAD,runtime_error,RecursionError: maximum recursion depth exceeded
combined_neutral,6,119,CMSA_RAD,runtime_error,AttributeError: module 'numpy' has no attribute 'math'
combined_neutral,6,120,AM_CMA,runtime_error,AttributeError: module 'numpy' has no attribute 'math'
combined_neutral,6,122,ASM_CMA,runtime_error,RecursionError: maximum recursion depth exceeded
combined_neutral,6,123,CMSA_RAD,runtime_error,RecursionError: maximum recursion depth exceeded
combined_neutral,6,126,CMSA_RAD,runtime_error,RecursionError: maximum recursion depth exceeded
combined_neutral,6,127,CMSA_RAD,runtime_error,RecursionError: maximum recursion depth exceeded
combined_neutral,6,129,OTES,unclassified_success,ok
combined_neutral,6,130,CMSA_RAD,runtime_error,RecursionError: maximum recursion depth exceeded
combined_neutral,6,132,OEM_CMA,runtime_error,RecursionError: maximum recursion depth exceeded
combined_neutral,6,133,OEM_CMA,runtime_error,RecursionError: maximum recursion depth exceeded
combined_neutral,6,136,CMSA_RAD,runtime_error,RecursionError: maximum recursion depth exceeded
combined_neutral,6,137,OEM_CMA,runtime_error,RecursionError: maximum recursion depth exceeded
combined_neutral,6,138,CMSA_RAD,runtime_error,RecursionError: maximum recursion depth exceeded
combined_neutral,6,144,CMSA_RAD,runtime_error,RecursionError: maximum recursion depth exceeded
combined_neutral,6,153,CMSA_RAD,runtime_error,IndexError: index 10 is out of bounds for axis 0 with size 10
combined_neutral,6,158,CMSA_RAD,interface_mismatch,__call__ failed: 'int' object is not callable
combined_neutral,6,164,CMSA_RAD,runtime_error,AttributeError: module 'numpy' has no attribute 'math'
combined_neutral,6,165,CMSA_RAD,runtime_error,RecursionError: maximum recursion depth exceeded
combined_neutral,6,168,CMSA_RAD,runtime_error,RecursionError: maximum recursion depth exceeded
combined_neutral,6,171,CMSA_RAD,runtime_error,RecursionError: maximum recursion depth exceeded
combined_neutral,6,174,MECA_MSR,runtime_error,RecursionError: maximum recursion depth exceeded
combined_neutral,6,175,ME_ACE,runtime_error,RecursionError: maximum recursion depth exceeded
combined_neutral,6,176,CMSA_RAD,runtime_error,RecursionError: maximum recursion depth exceeded
combined_neutral,6,181,MECA,runtime_error,RecursionError: maximum recursion depth exceeded
combined_neutral,6,182,CMA_TID,runtime_error,RecursionError: maximum recursion depth exceeded
combined_neutral,6,183,CMSA_RAD,interface_mismatch,__call__ failed: 'int' object is not callable
combined_neutral,6,185,CMSA_RAD,runtime_error,RecursionError: maximum recursion depth exceeded
combined_neutral,6,187,CMSA_RAD,runtime_error,RecursionError: maximum recursion depth exceeded
combined_neutral,6,192,CMSA_RAD,runtime_error,RecursionError: maximum recursion depth exceeded
combined_neutral,6,196,ME_ACE,runtime_error,RecursionError: maximum recursion depth exceeded
combined_neutral,6,198,MECA,runtime_error,RecursionError: maximum recursion depth exceeded
combined_neutral,6,201,CMSA_RAD,runtime_error,RecursionError: maximum recursion depth exceeded
combined_neutral,6,202,CMSA_RAD,interface_mismatch,__call__ failed: 'int' object is not callable
combined_neutral,6,204,CMSA_RAD,runtime_error,RecursionError: maximum recursion depth exceeded
combined_neutral,6,207,CMSA_RAD,runtime_error,RecursionError: maximum recursion depth exceeded
combined_neutral,6,208,CMSA_RAD,runtime_error,RecursionError: maximum recursion depth exceeded
combined_neutral,6,209,CMSA_RAD,runtime_error,RecursionError: maximum recursion depth exceeded
combined_neutral,6,210,MECA,interface_mismatch,__call__ failed: 'int' object is not callable
combined_neutral,6,212,CMSA_RAD,runtime_error,RecursionError: maximum recursion depth exceeded
combined_neutral,6,215,CMSA_RAD,runtime_error,RecursionError: maximum recursion depth exceeded
combined_neutral,6,216,CMSA_RAD,runtime_error,RecursionError: maximum recursion depth exceeded
combined_neutral,6,219,CMSA_RAD,runtime_error,RecursionError: maximum recursion depth exceeded
combined_neutral,6,221,CMSA_RAD,runtime_error,RecursionError: maximum recursion depth exceeded
combined_neutral,6,224,CMSA_RAD,runtime_error,RecursionError: maximum recursion depth exceeded
combined_neutral,6,225,CMSA_RAD,runtime_error,RecursionError: maximum recursion depth exceeded
combined_neutral,6,226,CMSA_RAD,runtime_error,RecursionError: maximum recursion depth exceeded
combined_neutral,6,228,CMSA_RAD,runtime_error,RecursionError: maximum recursion depth exceeded
combined_neutral,6,230,CMSA_RAD,runtime_error,RecursionError: maximum recursion depth exceeded
combined_neutral,6,231,CMSA_RAD,runtime_error,RecursionError: maximum recursion depth exceeded
combined_neutral,6,232,CMSA_RAD,runtime_error,RecursionError: maximum recursion depth exceeded
combined_neutral,6,235,CMSA_RAD,runtime_error,RecursionError: maximum recursion depth exceeded
combined_neutral,6,237,CMSA_RAD,runtime_error,RecursionError: maximum recursion depth exceeded
combined_neutral,6,240,CMSA_RAD,runtime_error,RecursionError: maximum recursion depth exceeded
combined_neutral,6,241,ME_ACE,runtime_error,UnboundLocalError: cannot access local variable 'f' where it is not associated with a value
combined_neutral,6,244,CMSA_RAD,interface_mismatch,__call__ failed: 'int' object is not callable
combined_neutral,6,245,CMSA_RAD,runtime_error,RecursionError: maximum recursion depth exceeded
combined_neutral,6,248,ME_CMA,runtime_error,RecursionError: maximum recursion depth exceeded
combined_neutral,6,250,CMSA_RAD,interface_mismatch,__call__ failed: 'int' object is not callable
combined_neutral,6,251,MTIF,runtime_error,IndexError: index 2 is out of bounds for axis 0 with size 2
combined_neutral,6,252,CMSA_RAD,runtime_error,RecursionError: maximum recursion depth exceeded
combined_neutral,6,254,CMSA_RAD,runtime_error,RecursionError: maximum recursion depth exceeded
combined_neutral,6,255,CMSA_RAD,runtime_error,RecursionError: maximum recursion depth exceeded
combined_neutral,6,256,ME_CMA,runtime_error,RecursionError: maximum recursion depth exceeded
combined_neutral,6,259,CMSA_RAD,runtime_error,RecursionError: maximum recursion depth exceeded
combined_neutral,6,262,CMSA_RAD,runtime_error,RecursionError: maximum recursion depth exceeded
combined_neutral,6,267,CMSA_RAD,runtime_error,RecursionError: maximum recursion depth exceeded
combined_neutral,6,276,CMSA_RAD,runtime_error,RecursionError: maximum recursion depth exceeded
combined_neutral,6,279,CMSA_RAD,runtime_error,RecursionError: maximum recursion depth exceeded
combined_neutral,6,280,CMSA_RAD,runtime_error,RecursionError: maximum recursion depth exceeded
combined_neutral,6,281,CMSA_RAD,runtime_error,RecursionError: maximum recursion depth exceeded
combined_neutral,6,282,CMSA_RAD,runtime_error,RecursionError: maximum recursion depth exceeded
combined_neutral,6,286,CMSA_OX,runtime_error,RecursionError: maximum recursion depth exceeded
combined_neutral,6,287,CMSA_RAD,runtime_error,RecursionError: maximum recursion depth exceeded
combined_neutral,6,295,CMSA_RAD,runtime_error,RecursionError: maximum recursion depth exceeded
combined_neutral,6,297,CMA_MCE,runtime_error,RecursionError: maximum recursion depth exceeded
combined_neutral,6,303,CMSA_RAD,runtime_error,__init__ raised NameError: name 'floor' is not defined
combined_neutral,6,305,CMSA_RAD,runtime_error,RecursionError: maximum recursion depth exceeded
combined_neutral,6,309,CMSA_RAD,runtime_error,RecursionError: maximum recursion depth exceeded
combined_neutral,6,311,CMSA_RAD,runtime_error,RecursionError: maximum recursion depth exceeded
combined_neutral,6,312,CMSA_RAD,runtime_error,RecursionError: maximum recursion depth exceeded
combined_neutral,6,313,CMSA_RAD,runtime_error,RecursionError: maximum recursion depth exceeded
combined_neutral,6,316,CMSA_RAD,runtime_error,RecursionError: maximum recursion depth exceeded
combined_neutral,6,317,CMSA_RAD,runtime_error,RecursionError: maximum recursion depth exceeded
combined_neutral,6,318,MECA,runtime_error,RecursionError: maximum recursion depth exceeded
combined_neutral,6,319,CMSA_RAD,runtime_error,RecursionError: maximum recursion depth exceeded
combined_neutral,6,321,CMSA_RAD,runtime_error,RecursionError: maximum recursion depth exceeded
combined_neutral,6,322,CMSA_RAD,runtime_error,UnboundLocalError: cannot access local variable 'f' where it is not associated with a value
combined_neutral,6,323,CMSA_RAD,runtime_error,RecursionError: maximum recursion depth exceeded
combined_neutral,6,327,CMSA_RAD,runtime_error,RecursionError: maximum recursion depth exceeded
combined_neutral,6,328,CMSA_RAD,runtime_error,RecursionError: maximum recursion depth exceeded
combined_neutral,6,330,CMSA_RAD,runtime_error,RecursionError: maximum recursion depth exceeded
combined_neutral,6,331,CMSA_RAD,runtime_error,RecursionError: maximum recursion depth exceeded
combined_neutral,6,332,MECA,runtime_error,RecursionError: maximum recursion depth exceeded
combined_neutral,6,333,MECA,runtime_error,RecursionError: maximum recursion depth exceeded
combined_neutral,6,334,CMSA_AVM,runtime_error,RecursionError: maximum recursion depth exceeded
combined_neutral,6,338,CMSA_RAD,runtime_error,RecursionError: maximum recursion depth exceeded
combined_neutral,6,340,CMSA_RAD,runtime_error,RecursionError: maximum recursion depth exceeded
combined_neutral,6,343,ME_ACE,runtime_error,RecursionError: maximum recursion depth exceeded
combined_neutral,6,344,CMSA_RAD,runtime_error,RecursionError: maximum recursion depth exceeded
combined_neutral,6,347,CMSA_RAD,interface_mismatch,__call__ failed: 'int' object is not callable
combined_neutral,6,349,CMSA_RAD,runtime_error,RecursionError: maximum recursion depth exceeded
combined_neutral,6,352,CMSA_RAD,runtime_error,RecursionError: maximum recursion depth exceeded
combined_neutral,6,354,CMSA_RAD,runtime_error,RecursionError: maximum recursion depth exceeded
combined_neutral,6,360,MADE_CMA,runtime_error,RecursionError: maximum recursion depth exceeded
combined_neutral,6,362,ME_ACE,runtime_error,RecursionError: maximum recursion depth exceeded
combined_neutral,6,365,ME_ACE,runtime_error,RecursionError: maximum recursion depth exceeded
combined_neutral,6,368,CMSA_RAD,runtime_error,RecursionError: maximum recursion depth exceeded
combined_neutral,6,373,CMSA_RAD,runtime_error,RecursionError: maximum recursion depth exceeded
combined_neutral,6,376,CMSA_RAD,runtime_error,RecursionError: maximum recursion depth exceeded
combined_neutral,6,379,CMSA_AGP,runtime_error,RecursionError: maximum recursion depth exceeded
combined_neutral,6,380,CMSA_RAD,runtime_error,RecursionError: maximum recursion depth exceeded
combined_neutral,6,381,CMSA_RAD,runtime_error,RecursionError: maximum recursion depth exceeded
combined_neutral,6,383,CMSA_RAD,runtime_error,RecursionError: maximum recursion depth exceeded
combined_neutral,6,389,CMSA_RAD,runtime_error,RecursionError: maximum recursion depth exceeded
combined_neutral,6,392,CMSA_RAD,runtime_error,RecursionError: maximum recursion depth exceeded
combined_neutral,6,393,CMSA_RAD,runtime_error,AttributeError: module 'numpy' has no attribute 'math'
combined_neutral,6,396,ME_ACE,runtime_error,RecursionError: maximum recursion depth exceeded
combined_neutral,6,398,CMSA_RAD,runtime_error,RecursionError: maximum recursion depth exceeded
combined_neutral,6,409,CMSA_RAD,runtime_error,RecursionError: maximum recursion depth exceeded
combined_neutral,6,410,CMSA_RAD,runtime_error,RecursionError: maximum recursion depth exceeded
combined_neutral,6,411,HEIG_CMA,runtime_error,RecursionError: maximum recursion depth exceeded
combined_neutral,6,412,CMSA_RAD,runtime_error,RecursionError: maximum recursion depth exceeded
combined_neutral,6,413,CMSA_RAD,runtime_error,RecursionError: maximum recursion depth exceeded
combined_neutral,6,414,CMSA_RAD,import_violation,scipy.stats is currently not allowed to be imported in this framework.
combined_neutral,6,415,HEIG_CMA,runtime_error,RecursionError: maximum recursion depth exceeded
combined_neutral,6,416,OEA_CMA,runtime_error,IndexError: index 2 is out of bounds for axis 0 with size 2
combined_neutral,6,417,HEIG_CMA,runtime_error,RecursionError: maximum recursion depth exceeded
combined_neutral,6,418,CMSA_RAD,runtime_error,RecursionError: maximum recursion depth exceeded
combined_neutral,6,419,CMSA_RAD,runtime_error,RecursionError: maximum recursion depth exceeded
combined_neutral,6,422,MPG_CMA,runtime_error,IndexError: index 2 is out of bounds for axis 0 with size 2
combined_neutral,6,424,MPG_CMA,runtime_error,"ValueError: could not broadcast input array from shape (2,2) into shape (3,2)"
combined_neutral,6,425,MPTO,runtime_error,IndexError: index 2 is out of bounds for axis 0 with size 2
combined_neutral,6,426,PEM_CMA,runtime_error,RecursionError: maximum recursion depth exceeded
combined_neutral,6,427,MPG_CMA,runtime_error,"ValueError: operands could not be broadcast together with shapes (2,2) (12,1) "
combined_neutral,6,428,GDO_CMA,runtime_error,"ValueError: operands could not be broadcast together with shapes (2,2) (6,1) "
combined_neutral,6,429,OEA_CMA,runtime_error,RecursionError: maximum recursion depth exceeded
combined_neutral,6,432,MPG_CMA,runtime_error,IndexError: index 2 is out of bounds for axis 0 with size 2
combined_neutral,6,434,MPG_CMA,runtime_error,RecursionError: maximum recursion depth exceeded
combined_neutral,6,435,MGE_CMA,import_violation,scipy.stats is currently not allowed to be imported in this framework.
combined_neutral,6,436,MPG_CMA,runtime_error,IndexError: index 4 is out of bounds for axis 0 with size 4
combined_neutral,6,437,MPG_CMA,runtime_error,RecursionError: maximum recursion depth exceeded
combined_neutral,6,439,HES_CMA,runtime_error,RecursionError: maximum recursion depth exceeded
combined_neutral,6,440,HESD_CMA,runtime_error,RecursionError: maximum recursion depth exceeded
combined_neutral,6,442,PDO_CMA,runtime_error,RecursionError: maximum recursion depth exceeded
combined_neutral,6,443,PDOS,runtime_error,RecursionError: maximum recursion depth exceeded
combined_neutral,6,444,MG_O_CMA,runtime_error,"ValueError: could not broadcast input array from shape (2,2) into shape (6,2)"
combined_neutral,6,445,MPG_CMA,runtime_error,RecursionError: maximum recursion depth exceeded
combined_neutral,6,446,MPG_CMA,runtime_error,RecursionError: maximum recursion depth exceeded
combined_neutral,6,447,MPG_CMA,runtime_error,RecursionError: maximum recursion depth exceeded
combined_neutral,6,448,MPG_CMA,runtime_error,RecursionError: maximum recursion depth exceeded
combined_neutral,6,449,MPG_CMA,runtime_error,"ValueError: operands could not be broadcast together with shapes (2,2) (6,2) "
combined_neutral,6,451,MPG_CMA,runtime_error,IndexError: index 2 is out of bounds for axis 0 with size 2
combined_neutral,6,452,MPG_CMA,runtime_error,"ValueError: could not broadcast input array from shape (2,2) into shape (0,2)"
combined_neutral,6,453,MGM_CMA,runtime_error,RecursionError: maximum recursion depth exceeded
combined_neutral,6,454,MPG_CMA,runtime_error,IndexError: index 2 is out of bounds for axis 0 with size 2
combined_neutral,6,455,PE_OCA,runtime_error,"ValueError: could not broadcast input array from shape (2,2) into shape (6,2)"
combined_neutral,6,457,MPG_CMA,runtime_error,RecursionError: maximum recursion depth exceeded
combined_neutral,6,458,PD_OCA,runtime_error,"ValueError: could not broadcast input array from shape (2,2) into shape (5,2)"
combined_neutral,6,461,MPG_CMA,runtime_error,"ValueError: could not broadcast input array from shape (2,2) into shape (6,2)"
combined_neutral,6,463,MG_PLCMA,runtime_error,RecursionError: maximum recursion depth exceeded
combined_neutral,6,464,PE_CMA,runtime_error,IndexError: index 2 is out of bounds for axis 0 with size 2
combined_neutral,6,465,MGO_CMA,runtime_error,"ValueError: could not broadcast input array from shape (2,2) into shape (7,2)"
combined_neutral,6,466,MGMD,runtime_error,ValueError: a must be 1-dimensional
combined_neutral,6,467,MPG_CMA,runtime_error,RecursionError: maximum recursion depth exceeded
combined_neutral,6,469,GTA_ES,runtime_error,RecursionError: maximum recursion depth exceeded
combined_neutral,6,474,MPG_CMA,runtime_error,IndexError: index 2 is out of bounds for axis 0 with size 2
combined_neutral,6,476,OEA_CMA,runtime_error,"ValueError: operands could not be broadcast together with shapes (2,2) (10,1) "
combined_neutral,6,477,PEO_CMA,runtime_error,RecursionError: maximum recursion depth exceeded
combined_neutral,6,479,PAD_CA,runtime_error,"ValueError: could not broadcast input array from shape (2,2) into shape (5,2)"
combined_neutral,6,480,MG_CMA,runtime_error,RecursionError: maximum recursion depth exceeded
combined_neutral,6,481,MGES,runtime_error,RecursionError: maximum recursion depth exceeded
combined_neutral,6,482,PDE_CMA,runtime_error,RecursionError: maximum recursion depth exceeded
combined_neutral,6,484,PDO_CMA,runtime_error,"ValueError: could not broadcast input array from shape (2,2) into shape (5,2)"
combined_neutral,6,488,MGOA_CMA,runtime_error,"ValueError: could not broadcast input array from shape (2,2) into shape (6,2)"
combined_neutral,6,490,MPG_CMA,runtime_error,RecursionError: maximum recursion depth exceeded
combined_neutral,6,491,MG_MA_CMA,runtime_error,RecursionError: maximum recursion depth exceeded
combined_neutral,6,492,PDOS,runtime_error,IndexError: index 2 is out of bounds for axis 0 with size 2
combined_neutral,6,493,MPG_CMA,runtime_error,IndexError: index 4 is out of bounds for axis 0 with size 4
combined_neutral,6,494,MG_OEA_CMA,runtime_error,"ValueError: could not broadcast input array from shape (2,2) into shape (6,2)"
combined_neutral,6,496,MPG_CMA,runtime_error,"ValueError: operands could not be broadcast together with shapes (2,2) (12,1) "
combined_neutral,6,497,MGM_CMA,runtime_error,"ValueError: operands could not be broadcast together with shapes (2,2) (12,2) (2,2) "
combined_neutral,6,499,MPG_CMA,runtime_error,"ValueError: could not broadcast input array from shape (2,2) into shape (5,2)"
combined_neutral,7,113,CDGMS,runtime_error,IndexError: index 4 is out of bounds for axis 0 with size 4
combined_neutral,7,122,ArchiveAugmentedCMA,runtime_error,RecursionError: maximum recursion depth exceeded
combined_neutral,7,139,CMAES_ESP,runtime_error,AttributeError: 'CMAES_ESP' object has no attribute 'B'
combined_neutral,7,159,EADE,runtime_error,IndexError: list index out of range
combined_neutral,7,181,HAECMA,code_generation,"invalid syntax (<unknown>, line 22)"
combined_neutral,7,195,EGACMA,code_generation,"invalid syntax (<unknown>, line 18)"
combined_neutral,7,196,EAOCMA,runtime_error,"ValueError: operands could not be broadcast together with shapes (2,2) (3,2) (2,2) "
combined_neutral,7,200,EOCMA,runtime_error,IndexError: index 4 is out of bounds for axis 0 with size 4
combined_neutral,7,201,EGCMA,runtime_error,IndexError: index 4 is out of bounds for axis 0 with size 4
combined_neutral,7,203,OEDCMA,runtime_error,IndexError: index 4 is out of bounds for axis 0 with size 4
combined_neutral,7,204,OEDCMA,runtime_error,IndexError: index 4 is out of bounds for axis 0 with size 4
combined_neutral,7,205,OEDCMA,runtime_error,"ValueError: operands could not be broadcast together with shapes (2,2) (3,2) "
combined_neutral,7,206,OED_ES,runtime_error,__init__ raised RecursionError: maximum recursion depth exceeded
combined_neutral,7,208,OESCMA,interface_mismatch,__call__ failed: 'int' object is not callable
combined_neutral,7,210,OED_ES,runtime_error,"ValueError: operands could not be broadcast together with shapes (4,2) (8,2) (4,2) "
combined_neutral,7,214,OEDES,runtime_error,IndexError: index 4 is out of bounds for axis 0 with size 4
combined_neutral,7,215,OEDES,runtime_error,__init__ raised RecursionError: maximum recursion depth exceeded
combined_neutral,7,216,OEDCMA,runtime_error,"ValueError: operands could not be broadcast together with shapes (2,2) (3,2) "
combined_neutral,7,217,OEDCMA,runtime_error,"ValueError: operands could not be broadcast together with shapes (2,2) (3,2) "
combined_neutral,7,218,OED_CMA,runtime_error,"ValueError: operands could not be broadcast together with shapes (2,2) (3,2) "
combined_neutral,7,220,HEOS,runtime_error,"ValueError: could not broadcast input array from shape (2,2) into shape (5,2)"
combined_neutral,7,221,OEDCMA,runtime_error,"ValueError: operands could not be broadcast together with shapes (2,2) (3,2) "
combined_neutral,7,222,OED_CMA,runtime_error,IndexError: index 4 is out of bounds for axis 0 with size 4
combined_neutral,7,223,OEDES,runtime_error,IndexError: index 4 is out of bounds for axis 0 with size 4
combined_neutral,7,224,OEDCMA,runtime_error,__init__ raised RecursionError: maximum recursion depth exceeded
combined_neutral,7,226,OERCMA,runtime_error,AttributeError: module 'numpy.linalg' has no attribute 'expm'
combined_neutral,7,231,HEO_CMA,interface_mismatch,__call__ failed: 'int' object is not callable
combined_neutral,7,236,OEDCMA,runtime_error,"ValueError: operands could not be broadcast together with shapes (2,2) (5,2) "
combined_neutral,7,243,MAGE_CMA,interface_mismatch,__call__ failed: 'int' object is not callable
combined_neutral,7,244,DGACMA,runtime_error,RecursionError: maximum recursion depth exceeded
combined_neutral,7,248,MAECMA,runtime_error,"ValueError: operands could not be broadcast together with shapes (2,2) (3,2) "
combined_neutral,7,251,SEGPA,runtime_error,AttributeError: module 'numpy' has no attribute 'math'
combined_neutral,7,255,AOE_CMA,interface_mismatch,__call__ failed: 'int' object is not callable
combined_neutral,7,259,MAGE_CMA,interface_mismatch,__call__ failed: 'int' object is not callable
combined_neutral,7,260,OEDCMA,runtime_error,"ValueError: operands could not be broadcast together with shapes (2,2) (4,2) "
combined_neutral,7,262,OEDCMA,runtime_error,"ValueError: operands could not be broadcast together with shapes (2,2) (4,2) "
combined_neutral,7,270,SECMA,runtime_error,AttributeError: module 'numpy.random' has no attribute 'standard_laplace'
combined_neutral,7,275,MADECMA,runtime_error,AttributeError: module 'numpy' has no attribute 'math'
combined_neutral,7,284,CMA_HEI,runtime_error,"ValueError: operands could not be broadcast together with shapes (2,2) (3,2) "
combined_neutral,7,292,MADS,runtime_error,"ValueError: operands could not be broadcast together with shapes (2,2) (4,2) "
combined_neutral,7,294,CMA_HEI,runtime_error,AttributeError: module 'numpy' has no attribute 'math'
combined_neutral,7,295,MAGIC,runtime_error,IndexError: index 2 is out of bounds for axis 0 with size 2
combined_neutral,7,296,CMA_EROS,interface_mismatch,__call__ failed: 'int' object is not callable
combined_neutral,7,298,CFEDS,runtime_error,RecursionError: maximum recursion depth exceeded
combined_neutral,7,300,OEDCMA,runtime_error,"ValueError: operands could not be broadcast together with shapes (2,2) (3,2) "
combined_neutral,7,302,MAGE_CMA,runtime_error,RecursionError: maximum recursion depth exceeded
combined_neutral,7,304,HEDP_CMA,runtime_error,"ValueError: operands could not be broadcast together with shapes (2,2) (3,2) "
combined_neutral,7,306,SSDE,runtime_error,AttributeError: module 'numpy' has no attribute 'math'
combined_neutral,7,312,OEDCMA,runtime_error,"ValueError: operands could not be broadcast together with shapes (4,2) (6,2) (4,2) "
combined_neutral,7,313,OEDCMA,runtime_error,"ValueError: operands could not be broadcast together with shapes (2,2) (3,2) "
combined_neutral,7,323,MAGE_CMA,interface_mismatch,__call__ failed: 'int' object is not callable
combined_neutral,7,325,CAGOS,runtime_error,"ValueError: operands could not be broadcast together with shapes (2,2) (5,2) "
combined_neutral,7,328,OEDCMA,runtime_error,"ValueError: operands could not be broadcast together with shapes (2,2) (3,2) "
combined_neutral,7,341,OEDCMA,interface_mismatch,__call__ failed: 'int' object is not callable
combined_neutral,7,342,SSE_CMA,import_violation,scipy.linalg is currently not allowed to be imported in this framework.
combined_neutral,7,345,HESCMA,interface_mismatch,__call__ failed: 'int' object is not callable
combined_neutral,7,351,OEDCMA,runtime_error,AttributeError: module 'numpy' has no attribute 'math'
combined_neutral,7,354,MAGICMA,runtime_error,IndexError: index 4 is out of bounds for axis 0 with size 4
combined_neutral,7,358,OEDCMA,runtime_error,IndexError: index 4 is out of bounds for axis 0 with size 4
combined_neutral,7,364,CMAOSP,interface_mismatch,__call__ failed: 'int' object is not callable
combined_neutral,7,370,MAGI_CMA,interface_mismatch,__call__ failed: 'int' object is not callable
combined_neutral,7,376,CASE_CMA,runtime_error,RecursionError: maximum recursion depth exceeded
combined_neutral,7,379,OEDCMA,interface_mismatch,__call__ failed: 'int' object is not callable
combined_neutral,7,388,MAGE_CMA,runtime_error,"ValueError: operands could not be broadcast together with shapes (2,2) (4,2) "
combined_neutral,7,391,MGAES,interface_mismatch,__call__ failed: 'int' object is not callable
combined_neutral,7,397,EGACMA,interface_mismatch,__call__ failed: 'int' object is not callable
combined_neutral,7,400,MAGICMA,runtime_error,"ValueError: could not broadcast input array from shape (2,2) into shape (3,2)"
combined_neutral,7,402,MTGFS,runtime_error,AttributeError: module 'numpy' has no attribute 'math'
combined_neutral,7,411,CAGFM,runtime_error,"ValueError: operands could not be broadcast together with shapes (2,2) (3,2) "
combined_neutral,7,413,MAGECMA,runtime_error,"ValueError: operands could not be broadcast together with shapes (2,2) (3,2) "
combined_neutral,7,416,HDOCMA,runtime_error,"ValueError: operands could not be broadcast together with shapes (2,2) (6,2) "
combined_neutral,7,419,GLS,runtime_error,AttributeError: module 'numpy.random' has no attribute 'standard_laplace'
combined_neutral,7,422,CMA_EDR,runtime_error,RecursionError: maximum recursion depth exceeded
combined_neutral,7,428,MACMA,interface_mismatch,__call__ failed: 'int' object is not callable
combined_neutral,7,430,OEDCMA,runtime_error,"ValueError: operands could not be broadcast together with shapes (2,2) (3,2) "
combined_neutral,7,437,CMA_EDP,runtime_error,IndexError: index 4 is out of bounds for axis 0 with size 4
combined_neutral,7,449,OEDCMA,runtime_error,"ValueError: operands could not be broadcast together with shapes (2,2) (3,2) "
combined_neutral,7,462,EDD_CMA,runtime_error,__init__ raised RecursionError: maximum recursion depth exceeded
combined_neutral,7,467,GTA_CMA,import_violation,scipy.stats is currently not allowed to be imported in this framework.
combined_neutral,7,486,OEDCMA,runtime_error,IndexError: index 4 is out of bounds for axis 0 with size 4
combined_neutral,7,487,TACE,runtime_error,"ValueError: operands could not be broadcast together with shapes (10,2) (5,2) "
combined_neutral,7,498,HD_O_CMA,runtime_error,IndexError: index 4 is out of bounds for axis 0 with size 4
combined_neutral,7,499,BAMS,runtime_error,RecursionError: maximum recursion depth exceeded
combined_neutral,8,2,AdaptiveDualPathwaySearch,runtime_error,AttributeError: module 'numpy' has no attribute 'math'
combined_neutral,8,21,OMTS,runtime_error,RecursionError: maximum recursion depth exceeded
combined_neutral,8,22,MRTS,import_violation,scipy.linalg is currently not allowed to be imported in this framework.
combined_neutral,8,27,EMS,runtime_error,RecursionError: maximum recursion depth exceeded
combined_neutral,8,34,EMS,runtime_error,RecursionError: maximum recursion depth exceeded
combined_neutral,8,43,ET_CMA,runtime_error,RecursionError: maximum recursion depth exceeded
combined_neutral,8,70,MACE,runtime_error,NameError: name 'floor_log' is not defined
combined_neutral,8,71,OMTS,code_generation,"invalid syntax (<unknown>, line 18)"
combined_neutral,8,88,ODAS,runtime_error,NameError: name 'floor' is not defined
combined_neutral,8,106,BAMS,runtime_error,RecursionError: maximum recursion depth exceeded
combined_neutral,8,148,GBARS,interface_mismatch,__call__ failed: 'int' object is not callable
combined_neutral,8,171,OETS,runtime_error,RecursionError: maximum recursion depth exceeded
combined_neutral,8,179,AMA,runtime_error,RecursionError: maximum recursion depth exceeded
combined_neutral,8,183,OEM,runtime_error,RecursionError: maximum recursion depth exceeded
combined_neutral,8,198,O_EMS,import_violation,scipy.linalg is currently not allowed to be imported in this framework.
combined_neutral,8,231,OTS,runtime_error,IndexError: index 2 is out of bounds for axis 0 with size 2
combined_neutral,8,241,GME,runtime_error,AttributeError: module 'numpy' has no attribute 'math'
combined_neutral,8,258,OTMS,runtime_error,RecursionError: maximum recursion depth exceeded
combined_neutral,8,259,OETS,runtime_error,RecursionError: maximum recursion depth exceeded
combined_neutral,8,263,PAGS,runtime_error,RecursionError: maximum recursion depth exceeded
combined_neutral,8,266,OTMS,runtime_error,AttributeError: module 'numpy.random' has no attribute 'standard_t_distribution'
combined_neutral,8,271,PECMA,import_violation,scipy.special is currently not allowed to be imported in this framework.
combined_neutral,8,300,OTMS,runtime_error,AttributeError: module 'numpy' has no attribute 'math'
combined_neutral,8,326,OTMS,runtime_error,RecursionError: maximum recursion depth exceeded
combined_neutral,8,338,OTES,runtime_error,RecursionError: maximum recursion depth exceeded
combined_neutral,8,344,OTMS,runtime_error,IndexError: index 4 is out of bounds for axis 1 with size 4
combined_neutral,8,347,GTAS,import_violation,scipy.linalg is currently not allowed to be imported in this framework.
combined_neutral,8,357,OEMS,import_violation,scipy.linalg is currently not allowed to be imported in this framework.
combined_neutral,8,363,O_EMS,runtime_error,RecursionError: maximum recursion depth exceeded
combined_neutral,8,373,OOMS,import_violation,scipy.stats is currently not allowed to be imported in this framework.
combined_neutral,8,380,OTMS,runtime_error,RecursionError: maximum recursion depth exceeded
combined_neutral,8,386,OTMS,runtime_error,RecursionError: maximum recursion depth exceeded
combined_neutral,8,387,OETS,import_violation,scipy.linalg is currently not allowed to be imported in this framework.
combined_neutral,8,408,OTMS,runtime_error,RecursionError: maximum recursion depth exceeded
combined_neutral,8,419,OHER,runtime_error,RecursionError: maximum recursion depth exceeded
combined_neutral,8,420,OHMS,runtime_error,RecursionError: maximum recursion depth exceeded
combined_neutral,8,426,OTA,runtime_error,RecursionError: maximum recursion depth exceeded
combined_neutral,8,449,OTMS,runtime_error,RecursionError: maximum recursion depth exceeded
combined_neutral,8,459,OTS,import_violation,scipy.stats is currently not allowed to be imported in this framework.
combined_neutral,8,467,AMA,runtime_error,KeyError: 0
combined_neutral,8,471,OESS,import_violation,scipy.linalg is currently not allowed to be imported in this framework.
combined_neutral,8,472,OTOS,import_violation,scipy.linalg is currently not allowed to be imported in this framework.
combined_neutral,8,497,OTMS,interface_mismatch,__call__ failed: 'int' object is not callable
combined_neutral,9,7,OrthogonalSubspaceEvolution,interface_mismatch,__call__ failed: 'int' object is not callable
combined_neutral,9,19,DAEE,runtime_error,IndexError: index 2 is out of bounds for axis 0 with size 2
combined_neutral,9,62,ADE_CDMS,runtime_error,NameError: name 'm_cr' is not defined
combined_neutral,9,104,AdaptiveMemeticDE,unclassified_success,ok
combined_neutral,9,107,AdaptiveMemeticDE,runtime_error,"ValueError: operands could not be broadcast together with shapes (4,) (5,) "
combined_neutral,9,113,HMADE,import_violation,scipy.stats is currently not allowed to be imported in this framework.
combined_neutral,9,123,AdaptiveMemeticDE,runtime_error,"ValueError: operands could not be broadcast together with shapes (2,) (3,) "
combined_neutral,9,130,AdaptiveEnsembleMemeticDE,import_violation,scipy.optimize is currently not allowed to be imported in this framework.
combined_neutral,9,140,ESHADE_OL,runtime_error,"ValueError: operands could not be broadcast together with shapes (3,) (5,) "
combined_neutral,9,143,AdaptiveMemeticDE,unclassified_success,ok
combined_neutral,9,154,AdaptiveMemeticDE,runtime_error,"ValueError: operands could not be broadcast together with shapes (2,) (6,) "
combined_neutral,9,157,HADE_CME,runtime_error,"ValueError: operands could not be broadcast together with shapes (5,) (6,) "
combined_neutral,9,224,AdaptiveMemeticDE,runtime_error,"ValueError: operands could not be broadcast together with shapes (7,) (8,) "
combined_neutral,9,286,OSME,runtime_error,AttributeError: module 'numpy.random' has no attribute 'standard_t_distribution'
combined_neutral,9,291,AT_SHADE,runtime_error,AttributeError: module 'numpy' has no attribute 'math'
combined_neutral,9,298,CADEMP,runtime_error,AttributeError: module 'numpy' has no attribute 'math'
combined_neutral,9,301,AOME,code_generation,"invalid syntax (<unknown>, line 15)"
combined_neutral,9,431,AOM_DE,unclassified_success,ok
combined_neutral,9,442,CMA_SHES,runtime_error,RecursionError: maximum recursion depth exceeded
combined_neutral,9,472,CADE_MRLS,unclassified_success,ok
combined_neutral,9,475,ATIDE,unclassified_success,ok
combined_neutral,9,491,DM_ES,runtime_error,RecursionError: maximum recursion depth exceeded
combined_neutral,9,498,IGSM_Optimizer,runtime_error,RecursionError: maximum recursion depth exceeded
