model,seed,generation,name,label,detail
qwen3.5-4b,0,1,EvoGauss,runtime_error,IndexError: invalid index to scalar variable.
qwen3.5-4b,0,2,AdaptiveParticleSwarmOptimization,interface_mismatch,__call__ failed: '>' not supported between instances of 'float' and 'list'
qwen3.5-4b,0,4,AdaptiveCovarianceMatrixSearch,import_violation,copy is currently not allowed to be imported in this framework.
qwen3.5-4b,0,6,AdaptiveMemoryLeyvOptimizer,runtime_error,AttributeError: 'AdaptiveMemoryLeyvOptimizer' object has no attribute 'memories'
qwen3.5-4b,0,12,CmaEs,runtime_error,"ValueError: shape mismatch: objects cannot be broadcast to a single shape.  Mismatch is between arg 0 with shape (20, 2) and arg 2 with shape (2, 2)."
qwen3.5-4b,0,13,NovelHybridLeyvSearch,import_violation,collections is currently not allowed to be imported in this framework.
qwen3.5-4b,0,17,CMAEvolutionStrategy,runtime_error,ValueError: setting an array element with a sequence.
qwen3.5-4b,0,20,AdaptiveHybridOptimiser,runtime_error,__init__ raised NameError: name 'func' is not defined
qwen3.5-4b,0,22,AdaptiveLeyvSimulatedAnnealing,import_violation,"typing, typing are currently not allowed to be imported in this framework."
qwen3.5-4b,0,24,AdaptiveLeyvSimulatedAnnealing,import_violation,typing is currently not allowed to be imported in this framework.
qwen3.5-4b,0,25,AdaptiveLeyvSimulatedAnnealing,runtime_error,ValueError: The truth value of an array with more than one element is ambiguous. Use a.any() or a.all()
qwen3.5-4b,0,29,AdaptiveLeyvSimulatedAnnealing,import_violation,"typing, typing, warnings are currently not allowed to be imported in this framework."
qwen3.5-4b,0,31,AdaptiveLeyvSimulatedAnnealing,runtime_error,UnboundLocalError: cannot access local variable 'x_new' where it is not associated with a value
qwen3.5-4b,0,33,AdaptiveMultiLeyvSA,import_violation,collections is currently not allowed to be imported in this framework.
qwen3.5-4b,0,34,AdaptiveLeyvSimulatedAnnealing,import_violation,"typing, typing are currently not allowed to be imported in this framework."
qwen3.5-4b,0,35,CuckooSearchOptimizer,runtime_error,IndexError: invalid index to scalar variable.
qwen3.5-4b,0,36,AdaptiveMultiScaleLeyvOptimization,runtime_error,ValueError: probabilities do not sum to 1
qwen3.5-4b,0,39,AdaptiveLeyvSimulatedAnnealing,runtime_error,OverflowError: Range exceeds valid bounds
qwen3.5-4b,0,40,AdaptiveLeyvSimulatedAnnealing,runtime_error,ValueError: The truth value of an array with more than one element is ambiguous. Use a.any() or a.all()
qwen3.5-4b,0,41,AdaptiveCovarianceLeyvSearch,runtime_error,LinAlgError: Matrix is not positive definite
qwen3.5-4b,0,42,AdaptiveLeyvSimulatedAnnealing,import_violation,functools is currently not allowed to be imported in this framework.
qwen3.5-4b,0,43,AdaptiveCovarianceEvolutionStrategy,runtime_error,"ValueError: matmul: Input operand 1 has a mismatch in its core dimension 0, with gufunc signature (n?,k),(k,m?)->(n?,m?) (size 5 is different from 2)"
qwen3.5-4b,0,44,AdaptiveHybridLevyGAu,import_violation,"typing, typing, typing are currently not allowed to be imported in this framework."
qwen3.5-4b,0,46,AdaptiveLeyvSimulatedAnnealing,unclassified_success,ok
qwen3.5-4b,0,47,AdaptiveLeyvSimulatedAnnealing,unclassified_success,ok
qwen3.5-4b,0,49,AdaptiveLeyvSimulatedAnnealing,import_violation,typing is currently not allowed to be imported in this framework.
qwen3.5-4b,0,51,AdaptiveMultiStrategaLeySimAnnealing,runtime_error,__init__ raised AttributeError: 'AdaptiveMultiStrategaLeySimAnnealing' object has no attribute 'func'
qwen3.5-4b,0,52,AdaptiveLeyvSimulatedAnnealing,interface_mismatch,__call__ failed: '<' not supported between instances of 'list' and 'float'
qwen3.5-4b,0,53,AdaptiveLeyvSimulatedAnnealing,import_violation,"typing, typing are currently not allowed to be imported in this framework."
qwen3.5-4b,0,55,AdaptivePopulationLeyvMutation,interface_mismatch,__call__ failed: object of type 'float' has no len()
qwen3.5-4b,0,56,ImprovedDifferentialEvolution,import_violation,copy is currently not allowed to be imported in this framework.
qwen3.5-4b,0,57,AdaptiveLévySimulatedAnnealing,import_violation,"typing, typing, typing are currently not allowed to be imported in this framework."
qwen3.5-4b,0,58,AdaptiveLeyvSimulatedAnnealing,runtime_error,NameError: name 'f_convergence_rate' is not defined
qwen3.5-4b,0,60,AdaptivePopCovSearch,runtime_error,"ValueError: operands could not be broadcast together with shapes (2,) (4,) (2,) "
qwen3.5-4b,0,61,DYNAMICENSEMBLESEARCH,runtime_error,__init__ raised NameError: name 'n_agents' is not defined
qwen3.5-4b,0,62,AdaptiveLeyvSimulatedAnnealingMultiPop,runtime_error,AttributeError: 'AdaptiveLeyvSimulatedAnnealingMultiPop' object has no attribute 'restart_threshold'
qwen3.5-4b,0,63,AdaptiveCovarianceEvolutionaryStrategy,runtime_error,NameError: name 'dim' is not defined
qwen3.5-4b,0,64,MDesAlgorithm,runtime_error,IndexError: index 1 is out of bounds for axis 0 with size 1
qwen3.5-4b,0,65,AdaptivePopulationLévySearch,runtime_error,AttributeError: 'AdaptivePopulationLévySearch' object has no attribute 'stagnation_threshold'
qwen3.5-4b,0,67,HarmonicMemoryEnhancedEnsemble,unclassified_success,ok
qwen3.5-4b,0,68,AdaptiveMemoryGuidedLevySearch,code_generation,"invalid syntax (<unknown>, line 114)"
qwen3.5-4b,0,69,AdaptiveCovarianceEvolutionStrategy,interface_mismatch,__call__ failed: bad operand type for unary -: 'list'
qwen3.5-4b,0,71,AdaptiveMomentumBasinHunter,runtime_error,AttributeError: 'AdaptiveMomentumBasinHunter' object has no attribute '_generate_initial_population'
qwen3.5-4b,0,72,AdaptiveLeyvSimulatedAnnealingRefined,runtime_error,UnboundLocalError: cannot access local variable 'step_size_l' where it is not associated with a value
qwen3.5-4b,0,73,HybridMemoryLeyvAdaptiveSearch,runtime_error,AttributeError: 'HybridMemoryLeyvAdaptiveSearch' object has no attribute 'div_dim'
qwen3.5-4b,0,75,MemoryEnhancedDiffEvo,code_generation,"unexpected character after line continuation character (<unknown>, line 177)"
qwen3.5-4b,0,76,SelfAdaptiveDifferentialEvolution,import_violation,scipy is currently not allowed to be imported in this framework.
qwen3.5-4b,0,77,AnisotropicMemoryLeyvSearch,code_generation,NameError: name 'AdaptiveLeyvSimulatedAnnealingRefined' is not defined
qwen3.5-4b,0,79,AdaptiveCovarianceLévySearch,code_generation,"expected an indented block after 'if' statement on line 220 (<unknown>, line 223)"
qwen3.5-4b,0,80,AdaptiveMemoryLeyvOptimizer,runtime_error,NameError: name 'dim' is not defined
qwen3.5-4b,0,81,AdaptiveHybridLeyvSearch,interface_mismatch,__call__ failed: 'NoneType' object does not support item assignment
qwen3.5-4b,0,82,AdaptiveVectorDifferentialSearch,runtime_error,AttributeError: 'ioh.iohcpp.problem.Discus' object has no attribute '__dict__'
qwen3.5-4b,0,83,CLALPSAlgorithm,code_generation,"closing parenthesis ')' does not match opening parenthesis '[' (<unknown>, line 142)"
qwen3.5-4b,0,84,AdaptiveParticleSwarmOptimization,runtime_error,AttributeError: 'dict' object has no attribute 'index'
qwen3.5-4b,0,85,AdaptivePopulationSearch,runtime_error,"ValueError: operands could not be broadcast together with shapes (1,2,7) (2,) "
qwen3.5-4b,0,86,CovarianceAdaptiveLeyvSearch,runtime_error,ValueError: The truth value of an array with more than one element is ambiguous. Use a.any() or a.all()
qwen3.5-4b,0,87,MemoryEnhancedSwarmLeyvSearch,import_violation,typing is currently not allowed to be imported in this framework.
qwen3.5-4b,0,88,AdaptiveEnsembleLeyvSearch,import_violation,collections is currently not allowed to be imported in this framework.
qwen3.5-4b,0,90,AdaptiveDifferentialEvolution,interface_mismatch,__call__ failed: 'numpy.float64' object is not iterable
qwen3.5-4b,0,91,MemoryEnhancedAdaptiveLeyFlight,code_generation,"expected an indented block after 'else' statement on line 119 (<unknown>, line 122)"
qwen3.5-4b,0,92,PopulationBasedLeyvSearchWithEntropyGuidedCooling,runtime_error,NameError: name 'populations' is not defined
qwen3.5-4b,0,93,CovarianceAdaptedSearch,interface_mismatch,__call__ failed: only length-1 arrays can be converted to Python scalars
qwen3.5-4b,0,95,AdaptiveEnsembleLeyvSearch,code_generation,"closing parenthesis ')' does not match opening parenthesis '[' on line 67 (<unknown>, line 68)"
qwen3.5-4b,0,97,AdaptiveLeyvDiffSearchCurvatureAware,code_generation,"invalid syntax (<unknown>, line 57)"
qwen3.5-4b,0,98,SelfAdaptingPopulationBasedCoordinateSearch,runtime_error,AttributeError: 'SelfAdaptingPopulationBasedCoordinateSearch' object has no attribute 'T_end'
qwen3.5-4b,0,99,HybridAdaptiveLeyvSearch,code_generation,"unexpected indent (<unknown>, line 69)"
qwen3.5-4b,1,1,DifferentialEvolutionSearch,runtime_error,ValueError: too many values to unpack (expected 3)
qwen3.5-4b,1,2,AdaptiveSimulatedAnnealing,interface_mismatch,"__call__ failed: __call__(): incompatible function arguments. The following argument types are supported:
    1. (self: ioh.iohcpp.problem.RealSingleObjective, arg0: List[float]) -> float
    2. (self: ioh.iohcpp.problem.RealSingleObjective, arg0: List[List[float]]) -> List[float]

Invoked with: <RealSingleObjectiveProblem 11. Discus (iid=1 dim=2)>, None"
qwen3.5-4b,1,4,DifferentialEvolution,runtime_error,timeout: exceeded 10s smoke-test budget
qwen3.5-4b,1,5,CMAES,runtime_error,NameError: name 'dim' is not defined
qwen3.5-4b,1,6,AdaptiveCovarianceSearch,runtime_error,"ValueError: Calling nonzero on 0d arrays is not allowed. Use np.atleast_1d(scalar).nonzero() instead. If the context of this error is of the form `arr[nonzero(cond)]`, just use `arr[cond]`."
qwen3.5-4b,1,7,CovarianceMatrixAdaptationEvolutionStrategy,runtime_error,AttributeError: 'CovarianceMatrixAdaptationEvolutionStrategy' object has no attribute 'mu_history'
qwen3.5-4b,1,8,AdaptiveCoordinateDescentMomentum,runtime_error,"ValueError: non-broadcastable output operand with shape (1,) doesn't match the broadcast shape (2,)"
qwen3.5-4b,1,10,DifferentialEvolution,import_violation,copy is currently not allowed to be imported in this framework.
qwen3.5-4b,1,11,PSO_Optimizer,runtime_error,AttributeError: 'numpy.random.mtrand.RandomState' object has no attribute 'random_scalar'
qwen3.5-4b,1,12,AdaptiveDifferentialEvolution,interface_mismatch,__call__ failed: 'float' object is not subscriptable
qwen3.5-4b,1,15,CMA_ES_Optimizer,runtime_error,"ValueError: operands could not be broadcast together with shapes (2,2) (5,2) "
qwen3.5-4b,1,17,AdaptiveCovarianceEvolutionStrategy,interface_mismatch,__call__ failed: '<' not supported between instances of 'list' and 'float'
qwen3.5-4b,1,20,AdaptiveCovarianceSearch,code_generation,"unindent does not match any outer indentation level (<unknown>, line 86)"
qwen3.5-4b,1,21,AdaptiveCovarianceMatrixSearch,runtime_error,AttributeError: 'AdaptiveCovarianceMatrixSearch' object has no attribute 'population_size'
qwen3.5-4b,1,22,CovarianceMatrixAdaptiveStrategyWithParallelSampling,import_violation,"typing, typing are currently not allowed to be imported in this framework."
qwen3.5-4b,1,23,AnisotropicCovariantSearch,runtime_error,AttributeError: 'ioh.iohcpp.problem.Discus' object has no attribute '__code__'
qwen3.5-4b,1,24,ACOptimizer,runtime_error,AttributeError: 'ACOptimizer' object has no attribute 'std_devs'
qwen3.5-4b,1,25,AdaptiveCovarianceMatrixSearch,code_generation,"expected an indented block after 'if' statement on line 64 (<unknown>, line 71)"
qwen3.5-4b,1,26,AdaptiveCovarianceSearch,interface_mismatch,__call__ failed: 'float' object is not iterable
qwen3.5-4b,1,27,CovarianceMatrixAdaptationWithPopulationDiversity,code_generation,"invalid syntax (<unknown>, line 2)"
qwen3.5-4b,1,28,AdaptiveCovarianceMatrixSearch,code_generation,"unindent does not match any outer indentation level (<unknown>, line 153)"
qwen3.5-4b,1,29,AdaptiveCovarianceMatrixEvolution,runtime_error,"ValueError: setting an array element with a sequence. The requested array has an inhomogeneous shape after 1 dimensions. The detected shape was (2,) + inhomogeneous part."
qwen3.5-4b,1,30,AdaptiveCovarianceSearch,runtime_error,AttributeError: 'AdaptiveCovarianceSearch' object has no attribute '_init_population'
qwen3.5-4b,1,31,MultiStrategyAdaptiveCovarianceSampling,code_generation,"'in' expected after for-loop variables (<unknown>, line 32)"
qwen3.5-4b,1,32,AdaptiveCovarianceMatrixSearch,runtime_error,AttributeError: 'AdaptiveCovarianceMatrixSearch' object has no attribute 'startipping_points'
qwen3.5-4b,1,34,PopulationAdaptiveSearch,runtime_error,AttributeError: 'PopulationAdaptiveSearch' object has no attribute 'recombine_best'
qwen3.5-4b,1,37,AdaptiveCovarianceSearch,runtime_error,"ValueError: operands could not be broadcast together with shapes (2,) (10,) "
qwen3.5-4b,1,38,AdaptiveCovarianceSearch,runtime_error,AttributeError: 'AdaptiveCovarianceSearch' object has no attribute 'current_best_x'
qwen3.5-4b,1,41,CovarianceMatrixAdaptationSearch,import_violation,scipy.stats is currently not allowed to be imported in this framework.
qwen3.5-4b,1,42,AdaptiveEvolutionaryCovarianceSearch,runtime_error,IndexError: list index out of range
qwen3.5-4b,1,43,ImprovedCovarianceAdaptiveSearch,code_generation,"expected an indented block after 'else' statement on line 114 (<unknown>, line 123)"
qwen3.5-4b,1,45,AdaptiveCovarianceSearch,interface_mismatch,__call__ failed: AdaptiveCovarianceSearch._update_covariance() got an unexpected keyword argument 'current_evals'
qwen3.5-4b,1,46,CovarianceMatrixAdaptiveSearch,runtime_error,"ValueError: cannot reshape array of size 2 into shape (2,2)"
qwen3.5-4b,1,49,AdaptiveCovarianceSearch,unclassified_success,ok
qwen3.5-4b,1,52,CovarianceAdaptiveSearch,interface_mismatch,"__call__ failed: __call__(): incompatible function arguments. The following argument types are supported:
    1. (self: ioh.iohcpp.problem.RealSingleObjective, arg0: List[float]) -> float
    2. (self: ioh.iohcpp.problem.RealSingleObjective, arg0: List[List[float]]) -> List[float]

Invoked with: <RealSingleObjectiveProblem 11. Discus (iid=1 dim=2)>, <generator object CovarianceAdaptiveSearch.__call__.<locals>.<genexpr> at 0x131d77b90>"
qwen3.5-4b,1,53,ImprovedCovarianceAdaptiveSearch,runtime_error,UnboundLocalError: cannot access local variable 'best_x' where it is not associated with a value
qwen3.5-4b,1,54,PopCovRestartOptimizer,runtime_error,__init__ raised IndexError: index 2 is out of bounds for axis 0 with size 2
qwen3.5-4b,1,55,AdaptiveDirectionalMomentumSearch,code_generation,"closing parenthesis ']' does not match opening parenthesis '(' on line 91 (<unknown>, line 92)"
qwen3.5-4b,1,56,AdaptiveCovariancePopulation,import_violation,"typing, typing are currently not allowed to be imported in this framework."
qwen3.5-4b,1,57,CovarianceAdaptiveSearch,interface_mismatch,__call__ failed: only integer scalar arrays can be converted to a scalar index
qwen3.5-4b,1,58,CovarianceAdaptiveSearch,import_violation,"typing, typing are currently not allowed to be imported in this framework."
qwen3.5-4b,1,59,CovarianceAdaptiveSearch,runtime_error,__init__ raised NameError: name 'func' is not defined
qwen3.5-4b,1,60,AdaptiveStepPopulationSearch,code_generation,"closing parenthesis ']' does not match opening parenthesis '(' (<unknown>, line 95)"
qwen3.5-4b,1,61,AdaptiveCovarianceMatrixEvolution,runtime_error,UnboundLocalError: cannot access local variable 'v' where it is not associated with a value
qwen3.5-4b,1,63,PAC_ES,runtime_error,AttributeError: 'PAC_ES' object has no attribute 'best_f_history'
qwen3.5-4b,1,64,ElitistDynamicCovarianceSearch,runtime_error,"ValueError: operands could not be broadcast together with shapes (20,) (2,) "
qwen3.5-4b,1,66,ImprovedCovarianceAdaptiveSearch,runtime_error,ValueError: min() iterable argument is empty
qwen3.5-4b,1,67,RefinedCovarianceAdaptiveSearch,import_violation,"typing, typing are currently not allowed to be imported in this framework."
qwen3.5-4b,1,69,CovarianceAdaptiveSearch,interface_mismatch,__init__ failed: len() of unsized object
qwen3.5-4b,1,70,HistoryBasedEvolutionarySearch,runtime_error,NameError: name 'budget' is not defined
qwen3.5-4b,1,71,AdaptiveCovarianceSearch,import_violation,"scipy.linalg, scipy.linalg are currently not allowed to be imported in this framework."
qwen3.5-4b,1,72,EnhancedAdaptiveCovarianceSearch,import_violation,"typing, typing, typing, typing, typing are currently not allowed to be imported in this framework."
qwen3.5-4b,1,73,AdaptiveMultiRestartCMA,runtime_error,NameError: name 'best_f_history' is not defined
qwen3.5-4b,1,74,CovarianceMatrixAdaptiveEvolutionStrategy,runtime_error,__init__ raised AttributeError: 'NoneType' object has no attribute 'copy'
qwen3.5-4b,1,75,CovarianceAdaptiveSearch,runtime_error,NameError: name 'samples' is not defined
qwen3.5-4b,1,76,RobustAdaptiveCovarianceSearch,runtime_error,NameError: name 'pop_size' is not defined
qwen3.5-4b,1,77,AdaptiveCMAES,code_generation,"unmatched ')' (<unknown>, line 125)"
qwen3.5-4b,1,78,AdaptivePopulationEvolutionarySearch,import_violation,"typing, typing, typing are currently not allowed to be imported in this framework."
qwen3.5-4b,1,79,MultiParentCovarianceAdaptiveSearch,import_violation,scipy.optimize is currently not allowed to be imported in this framework.
qwen3.5-4b,1,80,ParticleSwarmOptimization,runtime_error,AttributeError: 'ParticleSwarmOptimization' object has no attribute 'budget_used'
qwen3.5-4b,1,81,ImprovedCMAES,runtime_error,"ValueError: matmul: Input operand 1 has a mismatch in its core dimension 0, with gufunc signature (n?,k),(k,m?)->(n?,m?) (size 10 is different from 2)"
qwen3.5-4b,1,82,CovarianceAdaptiveSearch,interface_mismatch,__call__ failed: only integer scalar arrays can be converted to a scalar index
qwen3.5-4b,1,83,AdaptiveRankBasedCovarianceSearch,import_violation,"typing, typing, typing, typing are currently not allowed to be imported in this framework."
qwen3.5-4b,1,84,CovarianceAdaptiveSearch,runtime_error,NameError: name 'N' is not defined
qwen3.5-4b,1,85,RefinedCovarianceSearch,runtime_error,"ValueError: operands could not be broadcast together with shapes (2,2) (50,2) "
qwen3.5-4b,1,86,CovarianceAdaptiveSearch,runtime_error,AttributeError: 'CovarianceAdaptiveSearch' object has no attribute 'best_f'
qwen3.5-4b,1,87,AdaptiveCovarianceEnsembleSearch,runtime_error,UnboundLocalError: cannot access local variable 'avg_var' where it is not associated with a value
qwen3.5-4b,1,88,CovarianceAdaptiveSearch,runtime_error,__init__ raised UnboundLocalError: cannot access local variable 'pop_size' where it is not associated with a value
qwen3.5-4b,1,89,DifferentialEvolutionBBOB,runtime_error,"IndexError: too many indices for array: array is 0-dimensional, but 1 were indexed"
qwen3.5-4b,1,90,CovarianceMatrixSearch,runtime_error,__init__ raised AttributeError: 'CovarianceMatrixSearch' object has no attribute 'covariance_matrix'
qwen3.5-4b,1,91,CovarianceAdaptiveSearch,runtime_error,"ValueError: matmul: Input operand 1 has a mismatch in its core dimension 0, with gufunc signature (n?,k),(k,m?)->(n?,m?) (size 20 is different from 2)"
qwen3.5-4b,1,93,AdaptivePopulationSearch,runtime_error,"ValueError: matmul: Input operand 1 has a mismatch in its core dimension 0, with gufunc signature (n?,k),(k,m?)->(n?,m?) (size 20 is different from 2)"
qwen3.5-4b,1,94,AdaptiveRestartCovarianceSearch,runtime_error,__init__ raised AttributeError: 'NoneType' object has no attribute 'copy'
qwen3.5-4b,1,95,AdaptiveCovarianceSearch,code_generation,"invalid syntax (<unknown>, line 112)"
qwen3.5-4b,1,96,AdvancedCovarianceAdaptiveSearch,import_violation,typing is currently not allowed to be imported in this framework.
qwen3.5-4b,1,97,AdaptiveCovarianceSearch,interface_mismatch,__call__ failed: object of type 'int' has no len()
qwen3.5-4b,1,99,AdaptiveCovarianceSearch,import_violation,"scipy.linalg, time are currently not allowed to be imported in this framework."
qwen3.5-4b,2,3,CmaEsOptimizer,runtime_error,AttributeError: 'CmaEsOptimizer' object has no attribute 'x_opt'
qwen3.5-4b,2,4,AdaptiveBoundSearch,runtime_error,UnboundLocalError: cannot access local variable 'alpha' where it is not associated with a value
qwen3.5-4b,2,6,CMA_ES_Solver,runtime_error,"ValueError: matmul: Input operand 1 has a mismatch in its core dimension 0, with gufunc signature (n?,k),(k,m?)->(n?,m?) (size 5 is different from 2)"
qwen3.5-4b,2,7,CMAES,runtime_error,IndexError: index 2 is out of bounds for axis 0 with size 2
qwen3.5-4b,2,8,AdaptiveGaussianOptimizer,interface_mismatch,__call__ failed: '<' not supported between instances of 'list' and 'float'
qwen3.5-4b,2,10,NelderMeadOptimizer,interface_mismatch,__call__ failed: only integer scalar arrays can be converted to a scalar index
qwen3.5-4b,2,11,AdaptiveCoordinateDescent,import_violation,"typing, typing are currently not allowed to be imported in this framework."
qwen3.5-4b,2,12,CMAES,runtime_error,timeout: exceeded 10s smoke-test budget
qwen3.5-4b,2,14,AdaptiveParticleSwarmOptimization,runtime_error,AttributeError: 'float' object has no attribute 'argsort'
qwen3.5-4b,2,15,CMA_ES,runtime_error,ValueError: cov must be 2 dimensional and square
qwen3.5-4b,2,18,AdaptiveDifferentialEvolution,runtime_error,NameError: name 'pop' is not defined
qwen3.5-4b,2,20,AdaptiveParticleSwarmOptimization,interface_mismatch,"__call__ failed: __call__(): incompatible function arguments. The following argument types are supported:
    1. (self: ioh.iohcpp.problem.RealSingleObjective, arg0: List[float]) -> float
    2. (self: ioh.iohcpp.problem.RealSingleObjective, arg0: List[List[float]]) -> List[float]

Invoked with: <RealSingleObjectiveProblem 11. Discus (iid=1 dim=2)>, None"
qwen3.5-4b,2,22,AdaptiveCovarianceMatrixStrategy,interface_mismatch,"__call__ failed: __call__(): incompatible function arguments. The following argument types are supported:
    1. (self: ioh.iohcpp.problem.RealSingleObjective, arg0: List[float]) -> float
    2. (self: ioh.iohcpp.problem.RealSingleObjective, arg0: List[List[float]]) -> List[float]

Invoked with: <RealSingleObjectiveProblem 11. Discus (iid=1 dim=2)>, np.float64(0.0)"
qwen3.5-4b,2,23,ACE_ES,import_violation,time is currently not allowed to be imported in this framework.
qwen3.5-4b,2,25,AdaptiveCovarianceSearch,import_violation,time is currently not allowed to be imported in this framework.
qwen3.5-4b,2,26,AdaptiveParticleSwarmOptimization,code_generation,"unexpected indent (<unknown>, line 70)"
qwen3.5-4b,2,28,CovarianceMatrixEvolutionaryStrategy,runtime_error,AttributeError: 'CovarianceMatrixEvolutionaryStrategy' object has no attribute 'evaluations'
qwen3.5-4b,2,29,AdaptiveCovarianceEvolutionaryStrategy,interface_mismatch,__call__ failed: unsupported operand type(s) for -: 'NoneType' and 'float'
qwen3.5-4b,2,30,AdaptiveCovarianceSimulatedAnnealing,runtime_error,AttributeError: 'AdaptiveCovarianceSimulatedAnnealing' object has no attribute 'current_temp'
qwen3.5-4b,2,31,APSO,runtime_error,"ValueError: operands could not be broadcast together with shapes (1,3,1,2,2) (3,2) "
qwen3.5-4b,2,32,AdaptiveSimulatedAnnealing,interface_mismatch,__call__ failed: unsupported operand type(s) for +: 'NoneType' and 'float'
qwen3.5-4b,2,33,AdaptiveCovarianceEvolution,interface_mismatch,__call__ failed: '<' not supported between instances of 'list' and 'float'
qwen3.5-4b,2,34,EnsembleSearchAlgorithm,code_generation,"invalid syntax. Maybe you meant '==' or ':=' instead of '='? (<unknown>, line 48)"
qwen3.5-4b,2,35,AdaptiveRestartSimulatedAnnealing,import_violation,time is currently not allowed to be imported in this framework.
qwen3.5-4b,2,36,CuckooSearchOptimizer,import_violation,"typing, typing, typing are currently not allowed to be imported in this framework."
qwen3.5-4b,2,37,QuantumInspiredEvolutionaryOptimizer,import_violation,time is currently not allowed to be imported in this framework.
qwen3.5-4b,2,38,AdaptiveLeyvynSimulatedAnnealing,runtime_error,IndexError: list index out of range
qwen3.5-4b,2,39,AdaptiveCovarianceEvolutionStrategy,runtime_error,AttributeError: 'AdaptiveCovarianceEvolutionStrategy' object has no attribute 'evaluations'
qwen3.5-4b,2,41,CMAQT_ES,code_generation,"invalid syntax (<unknown>, line 104)"
qwen3.5-4b,2,42,AdaptiveMultiResolutionSimulatedAnnealing,import_violation,"typing, typing, typing are currently not allowed to be imported in this framework."
qwen3.5-4b,2,43,AdaptiveCovarianceEvolution,import_violation,time is currently not allowed to be imported in this framework.
qwen3.5-4b,2,45,AdaptiveCovarianceSimulatedAnnealing,import_violation,"typing, typing, time are currently not allowed to be imported in this framework."
qwen3.5-4b,2,46,ImprovedAdaptiveSimulatedAnnealing,import_violation,time is currently not allowed to be imported in this framework.
qwen3.5-4b,2,48,AdaptiveEvolutionStrategy,code_generation,"unindent does not match any outer indentation level (<unknown>, line 83)"
qwen3.5-4b,2,52,AdaptiveRandomSearchWithEnhancement,import_violation,time is currently not allowed to be imported in this framework.
qwen3.5-4b,2,53,AdaptiveCmaEs,code_generation,"invalid syntax (<unknown>, line 42)"
qwen3.5-4b,2,56,AdaptiveCovarianceSearch,runtime_error,__init__ raised NameError: name 'func' is not defined
qwen3.5-4b,2,57,AdaptiveCmaEs,code_generation,"expected an indented block after 'if' statement on line 60 (<unknown>, line 64)"
qwen3.5-4b,2,58,CovarianceMatrixAdaptationES,runtime_error,__init__ raised AttributeError: 'CovarianceMatrixAdaptationES' object has no attribute '_eval_func'
qwen3.5-4b,2,59,AdaptiveSimulatedAnnealing,runtime_error,"ValueError: operands could not be broadcast together with shapes (3,2) (3,) "
qwen3.5-4b,2,60,AdaptiveParticleSwarmOptimizer,code_generation,"expected an indented block after 'if' statement on line 57 (<unknown>, line 67)"
qwen3.5-4b,2,61,AdaptiveDifferentialEvolution,runtime_error,AttributeError: 'tuple' object has no attribute 'copy'
qwen3.5-4b,2,62,AdaptiveEvolutionStrategy,code_generation,"closing parenthesis ')' does not match opening parenthesis '[' (<unknown>, line 88)"
qwen3.5-4b,2,63,CovarianceMatrixEvolution,interface_mismatch,__call__ failed: unsupported operand type(s) for -: 'NoneType' and 'float'
qwen3.5-4b,2,64,CMAEvolutionStrategy,runtime_error,ValueError: The truth value of an array with more than one element is ambiguous. Use a.any() or a.all()
qwen3.5-4b,2,65,AdaptiveSimulatedAnnealing,runtime_error,AttributeError: 'AdaptiveSimulatedAnnealing' object has no attribute 'effective_temp'
qwen3.5-4b,2,66,CMAEvolutionaryStrategy,interface_mismatch,__call__ failed: '<' not supported between instances of 'list' and 'float'
qwen3.5-4b,2,67,AdaptiveCovarianceMatrixSearch,runtime_error,NameError: name 'dim' is not defined
qwen3.5-4b,2,68,AdaptiveCMAES,import_violation,time is currently not allowed to be imported in this framework.
qwen3.5-4b,2,69,AdaptiveQuantumOptimization,import_violation,"time, typing, typing are currently not allowed to be imported in this framework."
qwen3.5-4b,2,70,CovarianceEvolutionarySearch,import_violation,scipy.linalg is currently not allowed to be imported in this framework.
qwen3.5-4b,2,71,AdaptiveCovarianceSimulatedAnnealing,import_violation,"time, dataclasses are currently not allowed to be imported in this framework."
qwen3.5-4b,2,72,AdaptiveCovarianceEvolution,import_violation,time is currently not allowed to be imported in this framework.
qwen3.5-4b,2,73,AdaptiveCovarianceSA,interface_mismatch,"__call__ failed: __call__(): incompatible function arguments. The following argument types are supported:
    1. (self: ioh.iohcpp.problem.RealSingleObjective, arg0: List[float]) -> float
    2. (self: ioh.iohcpp.problem.RealSingleObjective, arg0: List[List[float]]) -> List[float]

Invoked with: <RealSingleObjectiveProblem 11. Discus (iid=1 dim=2)>, 0.6770032781999147"
qwen3.5-4b,2,74,AP_CEA,import_violation,collections is currently not allowed to be imported in this framework.
qwen3.5-4b,2,75,AdaptiveParticleSwarmOptimization,import_violation,"typing, typing are currently not allowed to be imported in this framework."
qwen3.5-4b,2,80,AdaptiveCovarianceAnnealing,import_violation,scipy.linalg is currently not allowed to be imported in this framework.
qwen3.5-4b,2,82,AdaptiveCovarianceOptimizer,unclassified_success,ok
qwen3.5-4b,2,84,AdaptiveBasinHoppingOptimization,import_violation,time is currently not allowed to be imported in this framework.
qwen3.5-4b,2,85,CMAEvolutionStrategy,import_violation,time is currently not allowed to be imported in this framework.
qwen3.5-4b,2,86,HybridAdaptiveEvolutionaryOptimizer,runtime_error,IndexError: list assignment index out of range
qwen3.5-4b,2,87,SelfAdaptiveDiffEvolution,import_violation,"typing, typing, typing are currently not allowed to be imported in this framework."
qwen3.5-4b,2,88,AdaptiveCovarianceEvolutionaryStrategy,runtime_error,"ValueError: operands could not be broadcast together with shapes (5,2) (2,2) "
qwen3.5-4b,2,89,AdaptivePopulationSimulatedAnnealing,runtime_error,__init__ raised NameError: name 'func' is not defined
qwen3.5-4b,2,91,AdaptiveCovarianceSearch,import_violation,scipy is currently not allowed to be imported in this framework.
qwen3.5-4b,2,92,AdaptiveDifferentialEvolution,unclassified_success,ok
qwen3.5-4b,2,93,AdaptiveCovarianceEvolution,runtime_error,NameError: name 'old_sigma' is not defined
qwen3.5-4b,2,94,AdaptiveEvolutionaryOptimizer,import_violation,"typing, typing, typing are currently not allowed to be imported in this framework."
qwen3.5-4b,2,95,AdaptiveSimulatedAnnealingImproved,unclassified_success,ok
qwen3.5-4b,2,96,AdaptiveSimulatedAnnealing,import_violation,"time, typing, typing are currently not allowed to be imported in this framework."
qwen3.5-4b,2,97,AdaptiveRestartSimulatedAnnealing,import_violation,"typing, typing, typing are currently not allowed to be imported in this framework."
qwen3.5-4b,2,98,AdaptiveParticleSwarmOptimization,runtime_error,AttributeError: 'AdaptiveParticleSwarmOptimization' object has no attribute 'global_best_pos'
qwen3.5-4b,2,99,COMMAA,interface_mismatch,"__call__ failed: __call__(): incompatible function arguments. The following argument types are supported:
    1. (self: ioh.iohcpp.problem.RealSingleObjective, arg0: List[float]) -> float
    2. (self: ioh.iohcpp.problem.RealSingleObjective, arg0: List[List[float]]) -> List[float]

Invoked with: <RealSingleObjectiveProblem 11. Discus (iid=1 dim=2)>, None"
qwen3.5-4b,3,1,ImprovedRandomSearch,import_violation,scipy.optimize is currently not allowed to be imported in this framework.
qwen3.5-4b,3,2,CMAESOptimizer,import_violation,copy is currently not allowed to be imported in this framework.
qwen3.5-4b,3,3,CMAEvolutionStrategy,interface_mismatch,__call__ failed: 'float' object cannot be interpreted as an integer
qwen3.5-4b,3,4,CMAESOptimizer,runtime_error,NameError: name 'dim' is not defined
qwen3.5-4b,3,6,CuckooSearchOptimizer,interface_mismatch,"__call__ failed: __call__(): incompatible function arguments. The following argument types are supported:
    1. (self: ioh.iohcpp.problem.RealSingleObjective, arg0: List[float]) -> float
    2. (self: ioh.iohcpp.problem.RealSingleObjective, arg0: List[List[float]]) -> List[float]

Invoked with: <RealSingleObjectiveProblem 11. Discus (iid=1 dim=2)>, 3.995745732745685"
qwen3.5-4b,3,7,AdaptiveDifferentialEvolutionOptimizer,runtime_error,NameError: name 'self_bounds_high' is not defined
qwen3.5-4b,3,8,AdaptiveDifferentialEvolutionOptimizer,runtime_error,"__init__ raised ValueError: int() base must be >= 2 and <= 36, or 0"
qwen3.5-4b,3,9,SelfAdaptiveEvolutionaryOptimizer,interface_mismatch,__init__ failed: 'numpy.float64' object is not iterable
qwen3.5-4b,3,10,AMPSO,runtime_error,__init__ raised NameError: name 'func' is not defined
qwen3.5-4b,3,11,MultiScaleAdaptiveEvolutionOptimizer,import_violation,scipy.optimize is currently not allowed to be imported in this framework.
qwen3.5-4b,3,12,CovarianceMatrixOptimizer,runtime_error,"ValueError: matmul: Input operand 1 has a mismatch in its core dimension 0, with gufunc signature (n?,k),(k,m?)->(n?,m?) (size 20 is different from 2)"
qwen3.5-4b,3,13,CMAESOptimizer,runtime_error,NameError: name 'mu_' is not defined
qwen3.5-4b,3,14,AdaptiveCMAESOptimizer,import_violation,"scipy.spatial.distance, scipy.stats are currently not allowed to be imported in this framework."
qwen3.5-4b,3,15,CmaEsOptimizer,interface_mismatch,__call__ failed: '<' not supported between instances of 'list' and 'float'
qwen3.5-4b,3,16,AdaptiveCmaEsOptimizer,runtime_error,IndexError: arrays used as indices must be of integer (or boolean) type
qwen3.5-4b,3,17,HybridDifferentialEvolutionOptimizer,runtime_error,UnboundLocalError: cannot access local variable 'current_eval_count' where it is not associated with a value
qwen3.5-4b,3,18,AdaptiveCovarianceOptimizer,import_violation,"scipy.spatial.distance, scipy.spatial.distance are currently not allowed to be imported in this framework."
qwen3.5-4b,3,19,AdaptiveDifferentialEvolutionOptimizer,code_generation,"unindent does not match any outer indentation level (<unknown>, line 127)"
qwen3.5-4b,3,20,AdaptiveDifferentialEvolutionOptimizer,runtime_error,NameError: name 'budget' is not defined
qwen3.5-4b,3,21,CovarianceMatrixOptimizer,interface_mismatch,__call__ failed: return arrays must be of ArrayType
qwen3.5-4b,3,22,AQPSO,import_violation,"typing, typing are currently not allowed to be imported in this framework."
qwen3.5-4b,3,23,CMAESOptimizer,runtime_error,NameError: name 'dim' is not defined
qwen3.5-4b,3,24,AdaptiveDEOptimizer,runtime_error,ValueError: The truth value of an array with more than one element is ambiguous. Use a.any() or a.all()
qwen3.5-4b,3,25,CovarianceMatrixAdaptationOptimizer,interface_mismatch,__call__ failed: unsupported operand type(s) for +: 'range' and 'int'
qwen3.5-4b,3,26,AdaptiveLocalSearchDEOptimizer,import_violation,"typing, typing are currently not allowed to be imported in this framework."
qwen3.5-4b,3,28,AdaptiveDifferentialEvolutionOptimizer,code_generation,"'(' was never closed (<unknown>, line 11)"
qwen3.5-4b,3,29,CovarianceMatrixOptimizer,code_generation,"expected an indented block after 'else' statement on line 83 (<unknown>, line 87)"
qwen3.5-4b,3,30,AdaptiveCovarianceOptimizer,runtime_error,IndexError: list index out of range
qwen3.5-4b,3,32,AdaptiveDifferentialEvolutionOptimizer,import_violation,"typing, typing, typing are currently not allowed to be imported in this framework."
qwen3.5-4b,3,33,CuckooSearchOptimizer,runtime_error,ValueError: The truth value of an array with more than one element is ambiguous. Use a.any() or a.all()
qwen3.5-4b,3,34,NovelDEOptimizer,unclassified_success,ok
qwen3.5-4b,3,36,CMAESOptimizer,runtime_error,"ValueError: matmul: Input operand 1 does not have enough dimensions (has 0, gufunc core with signature (n?,k),(k,m?)->(n?,m?) requires 1)"
qwen3.5-4b,3,37,CovarianceMatrixEvolutionOptimizer,runtime_error,AttributeError: 'CovarianceMatrixEvolutionOptimizer' object has no attribute 'history_X'
qwen3.5-4b,3,38,CovarianceMatrixAdaptationOptimizer,code_generation,"closing parenthesis ')' does not match opening parenthesis '[' (<unknown>, line 83)"
qwen3.5-4b,3,39,AdaptiveEvolutionOptimizer,interface_mismatch,__call__ failed: '<' not supported between instances of 'list' and 'float'
qwen3.5-4b,3,40,AdaptiveDifferentialEvolutionOptimizer,runtime_error,ValueError: The truth value of an array with more than one element is ambiguous. Use a.any() or a.all()
qwen3.5-4b,3,41,CMAOptimizer,runtime_error,__init__ raised NameError: name 'sqrt' is not defined
qwen3.5-4b,3,43,CuckooSearchOptimizer,interface_mismatch,__call__ failed: 'float' object cannot be interpreted as an integer
qwen3.5-4b,3,44,AdaptiveCoordinateOptimizer,code_generation,NameError: name 'self' is not defined
qwen3.5-4b,3,46,HybridCovarianceAdaptiveEvolutionOptimizer,runtime_error,"ValueError: non-broadcastable output operand with shape (2,) doesn't match the broadcast shape (1,2)"
qwen3.5-4b,3,48,AdvancedDifferentialEvolutionOptimizer,runtime_error,__init__ raised NameError: name 'func' is not defined
qwen3.5-4b,3,49,DynamicCrossoverAdaptiveDifferentialEvolutionOptimizer,runtime_error,NameError: name 'opposition_based' is not defined
qwen3.5-4b,3,50,ACADEOptimizer,import_violation,time is currently not allowed to be imported in this framework.
qwen3.5-4b,3,53,SelfAdaptiveGlobalDEOptimizer,runtime_error,NameError: name 'budget' is not defined
qwen3.5-4b,3,54,CMAStrategyOptimizer,runtime_error,NameError: name 'budget' is not defined
qwen3.5-4b,3,55,JADEOptimizer,runtime_error,"ValueError: operands could not be broadcast together with shapes (10,2) (1,10) "
qwen3.5-4b,3,56,AdaptiveGradientInformedPopEvolutionOptimizer,import_violation,"functools, time are currently not allowed to be imported in this framework."
qwen3.5-4b,3,57,CMAESOptimizer,unclassified_success,ok
qwen3.5-4b,3,58,AdaptiveCovarianceDifferentialEvolutionOptimizer,interface_mismatch,__call__ failed: 'float' object is not subscriptable
qwen3.5-4b,3,59,AdaptiveDifferentialEvolutionOptimizer,code_generation,"invalid syntax (<unknown>, line 92)"
qwen3.5-4b,3,60,NAQNDifferentialEvolutionOptimizer,runtime_error,NameError: name 'dim' is not defined
qwen3.5-4b,3,61,SelfAdaptiveHybridDEOptimizer,import_violation,copy is currently not allowed to be imported in this framework.
qwen3.5-4b,3,62,AdaptiveCuckooSearchOptimizer,interface_mismatch,__init__ failed: only integer scalar arrays can be converted to a scalar index
qwen3.5-4b,3,64,AdaptiveCMESOptimizer,code_generation,"unmatched ')' (<unknown>, line 104)"
qwen3.5-4b,3,66,AdaptiveInertialSwarmOptimizer,runtime_error,__init__ raised AttributeError: 'AdaptiveInertialSwarmOptimizer' object has no attribute 'Fitness'
qwen3.5-4b,3,67,CovarianceMatrixOptimizer,interface_mismatch,__init__ failed: full() got an unexpected keyword argument 'value'
qwen3.5-4b,3,68,CovarianceMatrixAdaptationOptimizer,unclassified_success,ok
qwen3.5-4b,3,69,AdaptiveCoordinateSearchDE,unclassified_success,ok
qwen3.5-4b,3,70,RefinedDifferentialEvolutionOptimizer,code_generation,"invalid syntax (<unknown>, line 41)"
qwen3.5-4b,3,71,NovelAdaptiveCuckooSearchOptimizer,import_violation,"scipy.stats, typing, typing are currently not allowed to be imported in this framework."
qwen3.5-4b,3,72,AdaptiveSelfSamplingDifferentialEvolutionOptimizer,import_violation,scipy.stats is currently not allowed to be imported in this framework.
qwen3.5-4b,3,73,A_JADE_DE_G_Optimizer,code_generation,"invalid syntax (<unknown>, line 68)"
qwen3.5-4b,3,74,HybridLEFOptimizer,runtime_error,UnboundLocalError: cannot access local variable 'dir_vec' where it is not associated with a value
qwen3.5-4b,3,75,AdaptiveGradientDescentOptimizer,runtime_error,NameError: name 'budget' is not defined
qwen3.5-4b,3,76,ImprovedDifferentialEvolutionOptimizer,runtime_error,AttributeError: 'ImprovedDifferentialEvolutionOptimizer' object has no attribute 'F'
qwen3.5-4b,3,77,AdaptiveDifferentialEvolutionOptimizer,runtime_error,NameError: name 'self_pop_size' is not defined
qwen3.5-4b,3,78,CovarianceAdaptiveDifferentialEvolution,code_generation,"cannot use assignment expressions with comparison (<unknown>, line 151)"
qwen3.5-4b,3,79,CovarianceMatrixAdaptationEvolutionStrategy,runtime_error,NameError: name 'dim' is not defined
qwen3.5-4b,3,80,AdaptiveHarmonicOptimizer,import_violation,scipy.optimize is currently not allowed to be imported in this framework.
qwen3.5-4b,3,81,AdaptiveDifferentialEvolutionOptimizer,runtime_error,NameError: name 'pop_size' is not defined
qwen3.5-4b,3,82,GADevolutionOptimizer,code_generation,"expected 'else' after 'if' expression (<unknown>, line 89)"
qwen3.5-4b,3,83,AdaptiveSelfLearningDEOptimizer,interface_mismatch,__call__ failed: 'float' object is not subscriptable
qwen3.5-4b,3,85,HADEreOptimizer,runtime_error,__init__ raised NameError: name 'func' is not defined
qwen3.5-4b,3,86,AdaptiveCMAESO,import_violation,typing is currently not allowed to be imported in this framework.
qwen3.5-4b,3,87,AdaptiveDifferentialEvolutionOptimizer,runtime_error,AttributeError: 'AdaptiveDifferentialEvolutionOptimizer' object has no attribute 'F'
qwen3.5-4b,3,88,LevyFlightDEOptimizer,import_violation,"typing, typing, typing are currently not allowed to be imported in this framework."
qwen3.5-4b,3,89,SelfAdaptiveJadeOptimizer,interface_mismatch,__init__ failed: 'int' object is not iterable
qwen3.5-4b,3,90,ADE_HEURISTIC_OPTIMIZER,import_violation,scipy.optimize is currently not allowed to be imported in this framework.
qwen3.5-4b,3,92,SADEOptimizer,code_generation,"invalid syntax (<unknown>, line 127)"
qwen3.5-4b,3,93,AdaptiveReflectionDEOptimizer,import_violation,"typing, typing, typing are currently not allowed to be imported in this framework."
qwen3.5-4b,3,96,SACDEOptimizer,runtime_error,ValueError: setting an array element with a sequence.
qwen3.5-4b,3,97,NovelEvolutionaryOptimizer,runtime_error,AttributeError: 'NovelEvolutionaryOptimizer' object has no attribute 'f_vals'
qwen3.5-4b,4,3,AdaptiveSwarmOptimizer,runtime_error,AttributeError: 'AdaptiveSwarmOptimizer' object has no attribute 'x_best'
qwen3.5-4b,4,4,CmaEsOptimization,runtime_error,"ValueError: shapes (2,2) and (10,2) not aligned: 2 (dim 1) != 10 (dim 0)"
qwen3.5-4b,4,5,DifferentialEvolution,runtime_error,"IndexError: only integers, slices (`:`), ellipsis (`...`), numpy.newaxis (`None`) and integer or boolean arrays are valid indices"
qwen3.5-4b,4,8,AdaptivePopulationBasedSearchWithCovarianceApproximation,code_generation,"closing parenthesis ']' does not match opening parenthesis '(' (<unknown>, line 86)"
qwen3.5-4b,4,9,ACDE,interface_mismatch,__call__ failed: object of type 'ioh.iohcpp.problem.Discus' has no len()
qwen3.5-4b,4,10,CovarianceMatrixEvolutionaryStrategy,import_violation,scipy.linalg is currently not allowed to be imported in this framework.
qwen3.5-4b,4,11,MultiTrailAdaptiveEvolutionSearch,runtime_error,IndexError: list index out of range
qwen3.5-4b,4,12,CovarianceMatrixAdaptiveStrategy,runtime_error,__init__ raised NameError: name 'func' is not defined
qwen3.5-4b,4,13,AdaptivePopulationDE,runtime_error,NameError: name 'sign' is not defined
qwen3.5-4b,4,14,ACMES,runtime_error,__init__ raised UnboundLocalError: cannot access local variable 'lambda_' where it is not associated with a value
qwen3.5-4b,4,15,CovarianceAwareMeanFieldSearch,runtime_error,IndexError: index 2 is out of bounds for axis 0 with size 2
qwen3.5-4b,4,18,AdaptiveCovarianceEvolutionaryStrategy,runtime_error,__init__ raised NameError: name 'func' is not defined
qwen3.5-4b,4,19,CovarianceMatrixAES,import_violation,"typing, typing, typing are currently not allowed to be imported in this framework."
qwen3.5-4b,4,20,CAMES,import_violation,"functools, warnings are currently not allowed to be imported in this framework."
qwen3.5-4b,4,21,PopulationBasedAdaptiveCrossover,runtime_error,AttributeError: 'list' object has no attribute 'min'
qwen3.5-4b,4,22,PopulationBasedEvolutionaryStrategy,runtime_error,__init__ raised NameError: name 'func' is not defined
qwen3.5-4b,4,23,CovarianceMatrixAdaptiveExploration,runtime_error,NameError: name 'budget' is not defined
qwen3.5-4b,4,24,ACMMSR,runtime_error,NameError: name 'budget' is not defined
qwen3.5-4b,4,26,DiagonalCMAEvolutionaryStrategy,import_violation,scipy.stats is currently not allowed to be imported in this framework.
qwen3.5-4b,4,27,AdaptiveCovarianceSearch,interface_mismatch,__call__ failed: '>' not supported between instances of 'NoneType' and 'int'
qwen3.5-4b,4,28,CovarianceMatrixAdaptedPopulationSearch,code_generation,"invalid syntax. Perhaps you forgot a comma? (<unknown>, line 161)"
qwen3.5-4b,4,29,CMESolver,import_violation,"typing, typing are currently not allowed to be imported in this framework."
qwen3.5-4b,4,30,AdaptiveCovarianceMatrixEvolutionaryStrategy,interface_mismatch,__call__ failed: cannot unpack non-iterable NoneType object
qwen3.5-4b,4,31,DifferentialEvolutionOptimizer,runtime_error,__init__ raised NameError: name 'func' is not defined
qwen3.5-4b,4,32,AdaptiveEvolutionaryStrategy,runtime_error,__init__ raised AttributeError: 'AdaptiveEvolutionaryStrategy' object has no attribute 'sigma_global'
qwen3.5-4b,4,33,PopulationEvolutionaryStrategy,code_generation,"invalid syntax (<unknown>, line 78)"
qwen3.5-4b,4,34,CMAEvolutionaryStrategy,runtime_error,__init__ raised NameError: name 'sigma_sq' is not defined
qwen3.5-4b,4,35,CovarianceMatrixAdaptiveEvolutionaryStrategy,interface_mismatch,__call__ failed: '<' not supported between instances of 'float' and 'NoneType'
qwen3.5-4b,4,36,ImprovedEvolutionaryOptimizer,unclassified_success,ok
qwen3.5-4b,4,37,CovarianceAdaptiveDifferentialEvolution,runtime_error,__init__ raised NameError: name 'func' is not defined
qwen3.5-4b,4,38,AdaptiveCovarianceSearch,interface_mismatch,__init__ failed: AdaptiveCovarianceSearch._evaluate() takes 2 positional arguments but 3 were given
qwen3.5-4b,4,39,CMAEvolutionaryStrategy,runtime_error,NameError: name 'dim' is not defined
qwen3.5-4b,4,40,AdaptivePopulationDifferentialEvolution,import_violation,"typing, typing are currently not allowed to be imported in this framework."
qwen3.5-4b,4,41,AdaptiveCovarianceMatrixSearch,import_violation,inspect is currently not allowed to be imported in this framework.
qwen3.5-4b,4,42,AdaptiveLandscapeSearch,runtime_error,ValueError: min() iterable argument is empty
qwen3.5-4b,4,43,CMA_EvolutionaryStrategy,code_generation,"expected 'else' after 'if' expression (<unknown>, line 30)"
qwen3.5-4b,4,46,NovelCMAEvolutionarySearch,import_violation,"typing, typing are currently not allowed to be imported in this framework."
qwen3.5-4b,4,47,AdaptiveCovarianceEvolutionaryStrategy,runtime_error,"ValueError: could not broadcast input array from shape (2,) into shape (30,)"
qwen3.5-4b,4,50,CMAS_PDTASS,runtime_error,NameError: name 'dim' is not defined
qwen3.5-4b,4,51,CAMEvStrategy,import_violation,collections is currently not allowed to be imported in this framework.
qwen3.5-4b,4,52,PopulationDifferentialEvolution,runtime_error,__init__ raised NameError: name 'func' is not defined
qwen3.5-4b,4,53,VectorDiffOptimizer,unclassified_success,ok
qwen3.5-4b,4,55,CMAEvolutionaryStrategy,interface_mismatch,__call__ failed: object of type 'float' has no len()
qwen3.5-4b,4,56,AdaptiveCovarianceEvolutionStrategy,runtime_error,"ValueError: matmul: Input operand 1 has a mismatch in its core dimension 0, with gufunc signature (n?,k),(k,m?)->(n?,m?) (size 2 is different from 4)"
qwen3.5-4b,4,57,AdaptiveCauchyHybridStrategy,import_violation,"typing, typing are currently not allowed to be imported in this framework."
qwen3.5-4b,4,59,PopBasedCovarianceAdaptiveEvolutionaryStrategy,import_violation,scipy is currently not allowed to be imported in this framework.
qwen3.5-4b,4,60,CovarianceAwareAdaptiveSearch,code_generation,"closing parenthesis ']' does not match opening parenthesis '(' (<unknown>, line 85)"
qwen3.5-4b,4,61,AdaptiveCovarianceStrategy,runtime_error,UnboundLocalError: cannot access local variable 'diff' where it is not associated with a value
qwen3.5-4b,4,62,CAMESA,import_violation,copy is currently not allowed to be imported in this framework.
qwen3.5-4b,4,64,HybridDifferentialEvolutionWithRandomWalk,import_violation,"time, typing, typing are currently not allowed to be imported in this framework."
qwen3.5-4b,4,65,AdaptivePopulationCovarianceAdaptationStrategy,import_violation,"typing, typing, typing are currently not allowed to be imported in this framework."
qwen3.5-4b,4,66,,code_generation,"invalid syntax (<unknown>, line 3)"
qwen3.5-4b,4,67,PopulatedEvolutionStrategy,import_violation,"typing, typing, typing, typing are currently not allowed to be imported in this framework."
qwen3.5-4b,4,68,ACMAESEnhanced,runtime_error,AttributeError: 'ACMAESEnhanced' object has no attribute 'step_size'
qwen3.5-4b,4,69,NelderAdamEvolutionarySearch,import_violation,copy is currently not allowed to be imported in this framework.
qwen3.5-4b,4,70,AdaptiveEnsembleCMAES,interface_mismatch,__call__ failed: cannot unpack non-iterable float object
qwen3.5-4b,4,71,NicheSearch,code_generation,"invalid syntax (<unknown>, line 205)"
qwen3.5-4b,4,72,SACS,interface_mismatch,__init__ failed: '<' not supported between instances of 'NoneType' and 'NoneType'
qwen3.5-4b,4,73,AdaptiveCovarianceMatrixEvolutionaryStrategy,import_violation,"typing, typing are currently not allowed to be imported in this framework."
qwen3.5-4b,4,75,AdaptiveCovarianceMatrixEvolutionaryStrategy,interface_mismatch,__call__ failed: '<' not supported between instances of 'list' and 'float'
qwen3.5-4b,4,76,PASO,code_generation,"invalid syntax (<unknown>, line 71)"
qwen3.5-4b,4,77,RobustAdaptiveCovarianceEvolutionaryStrategy,runtime_error,AttributeError: 'RobustAdaptiveCovarianceEvolutionaryStrategy' object has no attribute 'best_f'
qwen3.5-4b,4,78,CovarianceAwareEvolutionaryStrategy,runtime_error,ValueError: attempt to get argmin of an empty sequence
qwen3.5-4b,4,79,LevyFlightAdaptiveBasinHopping,import_violation,scipy is currently not allowed to be imported in this framework.
qwen3.5-4b,4,80,OptimizedCovarianceEvolutionaryStrategy,runtime_error,__init__ raised NameError: name 'func' is not defined
qwen3.5-4b,4,81,AdaptiveCovarianceMatrixRestartStrategy,runtime_error,"ValueError: matmul: Input operand 1 has a mismatch in its core dimension 0, with gufunc signature (n?,k),(k,m?)->(n?,m?) (size 10 is different from 2)"
qwen3.5-4b,4,83,AdaptiveCovarianceMatrixSearch,runtime_error,"ValueError: non-broadcastable output operand with shape (2,) doesn't match the broadcast shape (2,2)"
qwen3.5-4b,4,84,AdaptiveDiagonalCovarianceSearch,runtime_error,NameError: name 'f_reset' is not defined
qwen3.5-4b,4,85,AdaptiveDiversityCovarianceOptimizer,code_generation,"invalid syntax (<unknown>, line 83)"
qwen3.5-4b,4,86,AdaptiveCMAES,import_violation,"typing, typing, typing are currently not allowed to be imported in this framework."
qwen3.5-4b,4,87,AdaptiveCovarianceMatrixEvolutionaryStrategy,runtime_error,AttributeError: 'AdaptiveCovarianceMatrixEvolutionaryStrategy' object has no attribute 'x_best'
qwen3.5-4b,4,88,CM_DE,runtime_error,AttributeError: 'CM_DE' object has no attribute 'f_opt'
qwen3.5-4b,4,89,AdaptiveCovarianceEvolutionaryStrategy,runtime_error,__init__ raised NameError: name 'sigma_init' is not defined
qwen3.5-4b,4,90,AdaptiveDifferentialEvolution,import_violation,scipy.optimize is currently not allowed to be imported in this framework.
qwen3.5-4b,4,91,CMBBORestartAlgorithm,runtime_error,"ValueError: matmul: Input operand 1 has a mismatch in its core dimension 0, with gufunc signature (n?,k),(k,m?)->(n?,m?) (size 10 is different from 2)"
qwen3.5-4b,4,92,AcmaesPopTrack,import_violation,scipy.spatial.distance is currently not allowed to be imported in this framework.
qwen3.5-4b,4,93,PopCovEvolutionaryStrategy,runtime_error,__init__ raised AttributeError: 'PopCovEvolutionaryStrategy' object has no attribute 'CMA_sigma_init'
qwen3.5-4b,4,94,AdaptiveDifferentialEvolution,import_violation,collections is currently not allowed to be imported in this framework.
qwen3.5-4b,4,95,CuckooSearchOptimizer,runtime_error,__init__ raised NameError: name 'func' is not defined
qwen3.5-4b,4,96,EnhancedCovarianceMatrixEvolutionaryStrategy,interface_mismatch,"__call__ failed: __call__(): incompatible function arguments. The following argument types are supported:
    1. (self: ioh.iohcpp.problem.RealSingleObjective, arg0: List[float]) -> float
    2. (self: ioh.iohcpp.problem.RealSingleObjective, arg0: List[List[float]]) -> List[float]

Invoked with: <RealSingleObjectiveProblem 11. Discus (iid=1 dim=2)>, <function EnhancedCovarianceMatrixEvolutionaryStrategy.__call__.<locals>.<lambda> at 0x131d47d80>"
qwen3.5-4b,4,97,ACME_GS,import_violation,"typing, typing are currently not allowed to be imported in this framework."
qwen3.5-4b,4,98,QEMSA,runtime_error,IndexError: list index out of range
qwen3.5-4b,4,99,RobustSelfAdaptiveCovarianceOptimizer,code_generation,"expected an indented block after 'if' statement on line 132 (<unknown>, line 135)"
qwen3.5-9b,0,1,,code_generation,no class definition found
qwen3.5-9b,0,2,AdaptiveEvolutionaryOptimization,runtime_error,NameError: name 'budget' is not defined
qwen3.5-9b,0,3,DifferentialEvolutionOptimization,interface_mismatch,__call__ failed: cannot unpack non-iterable numpy.int64 object
qwen3.5-9b,0,4,name,code_generation,"unexpected indent (<unknown>, line 1)"
qwen3.5-9b,0,5,SimulatedAnnealing,code_generation,"unexpected indent (<unknown>, line 1)"
qwen3.5-9b,0,6,,code_generation,no class definition found
qwen3.5-9b,0,7,AlgorithmName,code_generation,"unterminated string literal (detected at line 3) (<unknown>, line 3)"
qwen3.5-9b,0,8,AdaptiveRandomSearch,runtime_error,NameError: name 'budget' is not defined
qwen3.5-9b,0,9,,code_generation,no class definition found
qwen3.5-9b,0,10,GeometricAdaptiveSearch,interface_mismatch,__call__ failed: 'float' object cannot be interpreted as an integer
qwen3.5-9b,0,11,,code_generation,no class definition found
qwen3.5-9b,0,12,,code_generation,no class definition found
qwen3.5-9b,0,13,AdaptiveParticleSearch,runtime_error,AttributeError: 'AdaptiveParticleSearch' object has no attribute 'mutate_pop'
qwen3.5-9b,0,15,AdaptiveEvolutionarySwarmSolverEnhanced,runtime_error,AttributeError: 'AdaptiveEvolutionarySwarmSolverEnhanced' object has no attribute 'success_counter'
qwen3.5-9b,0,16,GradientAdaptiveHybridOptimizer,code_generation,"unterminated string literal (detected at line 36) (<unknown>, line 36)"
qwen3.5-9b,0,17,MultiStrategyEvolutionarySwarmOptimizer,code_generation,"'return' outside function (<string>, line 136)"
qwen3.5-9b,0,18,HyperAdaptiveCooperativeOptimizer,runtime_error,IndexError: list index out of range
qwen3.5-9b,0,20,QuantumHarmonySearchSolver,runtime_error,AttributeError: 'numpy.ndarray' object has no attribute 'value'
qwen3.5-9b,0,21,HybridDimensionalSwarmOptimizer,code_generation,"invalid syntax (<unknown>, line 83)"
qwen3.5-9b,0,22,DynamicCovarianceAdaptiveSearch,code_generation,"invalid syntax (<unknown>, line 95)"
qwen3.5-9b,0,23,HarmonicCoevolutionaryOptimizer,import_violation,time is currently not allowed to be imported in this framework.
qwen3.5-9b,0,24,AdaptiveDirectionalHistoryOptimizer,runtime_error,__init__ raised AttributeError: 'AdaptiveDirectionalHistoryOptimizer' object has no attribute 'min'
qwen3.5-9b,0,25,,code_generation,no class definition found
qwen3.5-9b,0,26,,code_generation,no class definition found
qwen3.5-9b,0,27,DynamicQuantumInspairedAdaptiveOptimizer,code_generation,"invalid syntax (<unknown>, line 108)"
qwen3.5-9b,0,29,CoordinateAdaptiveSwarmWithTrajectoryMemory,runtime_error,AttributeError: 'CoordinateAdaptiveSwarmWithTrajectoryMemory' object has no attribute 'check_f_opt'
qwen3.5-9b,0,30,,code_generation,no class definition found
qwen3.5-9b,0,31,AdaptivelyBalancedPopulationSearch,runtime_error,__init__ raised NameError: name 'dimension' is not defined
qwen3.5-9b,0,32,AdaptiveCovarianceEvolutionaryOptimizer,code_generation,"unmatched ')' (<unknown>, line 115)"
qwen3.5-9b,0,33,DynamicPopulationEliteOptimizer,runtime_error,NameError: name 'budget' is not defined
qwen3.5-9b,0,34,,code_generation,no class definition found
qwen3.5-9b,0,35,AdaptiveCovarianceEvolutionarySwarmOpt,interface_mismatch,__call__ failed: 'AdaptiveCovarianceEvolutionarySwarmOpt' object is not callable
qwen3.5-9b,0,36,AdaptiveGradientInformedSwarmEvolutionaryOptimizer,runtime_error,IndexError: index 5 is out of bounds for axis 0 with size 2
qwen3.5-9b,0,37,AdaptiveGradientHybridSwarm,code_generation,"invalid syntax (<unknown>, line 91)"
qwen3.5-9b,0,38,DynamicCovarianceAdaptiveParticleEvolutionarySolver,interface_mismatch,__call__ failed: object of type 'numpy.int64' has no len()
qwen3.5-9b,0,39,HybridEvolutionaryGradientSearchOptimizer,interface_mismatch,__call__ failed: 'HybridEvolutionaryGradientSearchOptimizer' object is not callable
qwen3.5-9b,0,40,DifferentialHarmonyOptimization,import_violation,typing is currently not allowed to be imported in this framework.
qwen3.5-9b,0,41,EvolutionaryStrategicOptimบอล,code_generation,"unterminated string literal (detected at line 95) (<unknown>, line 95)"
qwen3.5-9b,0,42,EnhancedEvolutionarySwarmSolver,code_generation,"'(' was never closed (<unknown>, line 7)"
qwen3.5-9b,0,43,SelfAdaptiveSwarmOptimizer,code_generation,"invalid syntax (<unknown>, line 20)"
qwen3.5-9b,0,44,AdaptiveCovarianceEvolutionarySwarm,runtime_error,AttributeError: 'AdaptiveCovarianceEvolutionarySwarm' object has no attribute '_update_scale_factor'
qwen3.5-9b,0,45,AdaptiveEvolutionarySwarmSolver,code_generation,"unexpected indent (<unknown>, line 1)"
qwen3.5-9b,0,46,AdaptiveHarmonyEvolutionarySolver,runtime_error,NameError: name 'budget' is not defined
qwen3.5-9b,0,47,AdaptiveCrossoverDifferentialSwarm,runtime_error,__init__ raised AttributeError: 'NoneType' object has no attribute 'copy'
qwen3.5-9b,0,48,,code_generation,no class definition found
qwen3.5-9b,0,49,MultiVectorAdaptiveSearch,runtime_error,__init__ raised AttributeError: 'MultiVectorAdaptiveSearch' object has no attribute '_create_profile'
qwen3.5-9b,0,50,AdaptiveParabolicApproximationSearch,code_generation,"'(' was never closed (<unknown>, line 32)"
qwen3.5-9b,0,52,QuantumInspiredEvolutionarySwarmOptimizer,runtime_error,NameError: name 'gauss' is not defined
qwen3.5-9b,0,53,DAMMO,interface_mismatch,__call__ failed: 'DAMMO' object is not callable
qwen3.5-9b,0,54,AdaptiveEvolutionarySwarmSolver,code_generation,"invalid syntax (<unknown>, line 37)"
qwen3.5-9b,0,55,DifferentialCovarianceAdaptable,import_violation,time is currently not allowed to be imported in this framework.
qwen3.5-9b,0,56,HarmonicSwarmConvergence,runtime_error,NameError: name 'dim' is not defined
qwen3.5-9b,0,57,DynamicPopulationAdaptedSwarmOptimizer,runtime_error,__init__ raised NameError: name 'init_pop_size' is not defined
qwen3.5-9b,0,58,AMP_AffineBBOB_Solver,runtime_error,NameError: name 'dim' is not defined
qwen3.5-9b,0,59,DynamicConvergenceSpiralOptimizer,runtime_error,__init__ raised AttributeError: 'DynamicConvergenceSpiralOptimizer' object has no attribute 'func'
qwen3.5-9b,0,60,Name,code_generation,"unexpected indent (<unknown>, line 3)"
qwen3.5-9b,0,61,QuantumAnnelingDifferentialEvolver,runtime_error,__init__ raised ZeroDivisionError: integer division or modulo by zero
qwen3.5-9b,0,62,HierarchicalBayesianCoralReefOptimization,code_generation,"expected an indented block after 'for' statement on line 28 (<unknown>, line 28)"
qwen3.5-9b,0,63,HARESolver,unclassified_success,ok
qwen3.5-9b,0,64,SkewedCooperativeDifferentialMetaEvolutioner,interface_mismatch,__init__ failed: uniform() takes at most 3 positional arguments (4 given)
qwen3.5-9b,0,65,MultiPhaseBalancingSearchOptimizer,runtime_error,__init__ raised AttributeError: 'MultiPhaseBalancingSearchOptimizer' object has no attribute 'dimension_grouped'
qwen3.5-9b,0,67,CognitiveMapGuidedOptimizer,interface_mismatch,__call__ failed: 'CognitiveMapGuidedOptimizer' object is not callable
qwen3.5-9b,0,68,AdaptiveQuantumSwarmOptimizer,import_violation,json is currently not allowed to be imported in this framework.
qwen3.5-9b,0,69,,code_generation,no class definition found
qwen3.5-9b,0,70,EvoScaleAdaptiveBoundaryOptimizer,code_generation,"closing parenthesis ']' does not match opening parenthesis '(' (<unknown>, line 141)"
qwen3.5-9b,0,71,DNGAPO,code_generation,"invalid syntax (<unknown>, line 11)"
qwen3.5-9b,0,72,GlobalAdaptiveResponseStrategyOptimizer,code_generation,"unterminated string literal (detected at line 84) (<unknown>, line 84)"
qwen3.5-9b,0,73,HiSAP,runtime_error,AttributeError: 'float' object has no attribute 'clip'
qwen3.5-9b,0,74,RefinedSelfAdaptiveHybridOptimizer,code_generation,"unexpected indent (<unknown>, line 1)"
qwen3.5-9b,0,75,SelfAdaptiveMultiGranularityOptimier,interface_mismatch,__call__ failed: 'SelfAdaptiveMultiGranularityOptimier' object is not callable
qwen3.5-9b,0,76,,code_generation,no class definition found
qwen3.5-9b,0,77,AdaptiveRigorousEvolutionOptimizer,code_generation,"expected an indented block after function definition on line 5 (<unknown>, line 11)"
qwen3.5-9b,0,78,AdaptiveHybridEvolutionarySearch,interface_mismatch,__init__ failed: '>' not supported between instances of 'int' and 'NoneType'
qwen3.5-9b,0,79,DynamicCoopEvoOptimizer,code_generation,"'(' was never closed (<unknown>, line 222)"
qwen3.5-9b,0,80,AdaptiveEvolutionarySearchOptimizer,runtime_error,AttributeError: 'AdaptiveEvolutionarySearchOptimizer' object has no attribute '_adjust_exploration'
qwen3.5-9b,0,81,DynamicAdaptiveMultiStrategyEvolutionaryOptimizer,runtime_error,AttributeError: 'DynamicAdaptiveMultiStrategyEvolutionaryOptimizer' object has no attribute 'f_prev_opt'
qwen3.5-9b,0,82,AdaptiveMomentumCooperativeOptimizer,code_generation,"unmatched ')' (<unknown>, line 259)"
qwen3.5-9b,0,83,,code_generation,no class definition found
qwen3.5-9b,0,84,QuantumInspiredTopologyOpt,runtime_error,AttributeError: 'QuantumInspiredTopologyOpt' object has no attribute 'new_candidate'
qwen3.5-9b,0,85,DynamicNetworkDiversityOptimizer,runtime_error,__init__ raised AttributeError: 'DynamicNetworkDiversityOptimizer' object has no attribute 'fmat'
qwen3.5-9b,0,86,AdaptiveTrajectoryInspiredEvolutionarySearch,code_generation,"unexpected indent (<unknown>, line 136)"
qwen3.5-9b,0,87,,code_generation,no class definition found
qwen3.5-9b,0,88,AdaptiveHierarchicalHypercubeSearch,code_generation,"expected '(' (<unknown>, line 115)"
qwen3.5-9b,0,89,AdaptiveMultiModalCoEvolutionaryOptimizer,runtime_error,__init__ raised NameError: name 'upgrade_ratio' is not defined
qwen3.5-9b,0,90,AdaptiveRadialHybridSearch,interface_mismatch,__call__ failed: absolute() got an unexpected keyword argument 'axis'
qwen3.5-9b,0,91,ProgressiveAdaptiveEvolutionaryOptimizer,interface_mismatch,__call__ failed: 'ProgressiveAdaptiveEvolutionaryOptimizer' object is not callable
qwen3.5-9b,0,92,DiverseStrategyAdaptiveCoordinator,code_generation,"unterminated string literal (detected at line 57) (<unknown>, line 57)"
qwen3.5-9b,0,93,ConquestDirectionalAdaptiveExplorationOptimizer,code_generation,"unmatched ')' (<unknown>, line 337)"
qwen3.5-9b,0,94,AdaptiveSwarmDiversificationOptimizer,code_generation,"unterminated string literal (detected at line 61) (<unknown>, line 61)"
qwen3.5-9b,0,95,DynamicDiversityAdaptiveEvolutionaryOptimizer,runtime_error,NameError: name 'budget' is not defined
qwen3.5-9b,0,96,AdaptiveRadialSearchOptimizer,interface_mismatch,__call__ failed: 'AdaptiveRadialSearchOptimizer' object is not callable
qwen3.5-9b,0,97,MemoryAdaptiveHybridCovarianceOptimizer,code_generation,"unterminated string literal (detected at line 60) (<unknown>, line 60)"
qwen3.5-9b,0,98,NegotiatedQuantumEvolutionaryOptimizer,runtime_error,__init__ raised AttributeError: 'NegotiatedQuantumEvolutionaryOptimizer' object has no attribute 'exploration_decay'
qwen3.5-9b,0,99,QA_SIMBAL_Optimizer,code_generation,"unmatched ')' (<unknown>, line 126)"
qwen3.5-9b,1,1,AdaptivePatternSearch,code_generation,"unterminated string literal (detected at line 67) (<unknown>, line 67)"
qwen3.5-9b,1,2,,code_generation,no class definition found
qwen3.5-9b,1,3,,code_generation,no class definition found
qwen3.5-9b,1,4,AdaptiveDE,interface_mismatch,__call__ failed: 'AdaptiveDE' object is not callable
qwen3.5-9b,1,5,AdaptiveSwarmSearch,interface_mismatch,__call__ failed: cannot unpack non-iterable float object
qwen3.5-9b,1,6,AdaptiveRandomSearch,code_generation,"unterminated string literal (detected at line 67) (<unknown>, line 67)"
qwen3.5-9b,1,7,,code_generation,no class definition found
qwen3.5-9b,1,8,AdaptiveEliteReservoirSearch,import_violation,scipy.spatial.distance is currently not allowed to be imported in this framework.
qwen3.5-9b,1,9,AdaptivePerturbationSearch,code_generation,"expected an indented block after function definition on line 4 (<unknown>, line 4)"
qwen3.5-9b,1,10,AdaptiveEvolutionarySearch,interface_mismatch,__call__ failed: 'AdaptiveEvolutionarySearch' object is not callable
qwen3.5-9b,1,11,AdaptiveDifferentialSearch,unclassified_success,ok
qwen3.5-9b,1,12,DifferentialEvolution,interface_mismatch,__call__ failed: 'DifferentialEvolution' object is not callable
qwen3.5-9b,1,13,AdaptivePatternSearch,runtime_error,ValueError: The truth value of an array with more than one element is ambiguous. Use a.any() or a.all()
qwen3.5-9b,1,14,AdaptiveNeighborhoodSearch,runtime_error,AttributeError: 'AdaptiveNeighborhoodSearch' object has no attribute '_adaptive_search_step'
qwen3.5-9b,1,15,AdaptiveMutationEvolution,runtime_error,__init__ raised NameError: name 'func' is not defined
qwen3.5-9b,1,16,AdaptiveDirectionalRandomWalk,code_generation,"expected an indented block after function definition on line 4 (<unknown>, line 4)"
qwen3.5-9b,1,17,,code_generation,no class definition found
qwen3.5-9b,1,18,AdaptiveEvolutionSearch,code_generation,"'(' was never closed (<unknown>, line 43)"
qwen3.5-9b,1,19,AdaptiveDifferentialEvolution,code_generation,"unexpected indent (<unknown>, line 1)"
qwen3.5-9b,1,20,ImprovedSearch,runtime_error,NameError: name 'x_opt' is not defined
qwen3.5-9b,1,21,,code_generation,no class definition found
qwen3.5-9b,1,22,AdaptiveDirectionalSearch,code_generation,"invalid syntax (<unknown>, line 123)"
qwen3.5-9b,1,23,AdaptiveGoalSearch,code_generation,"'break' outside loop (<string>, line 88)"
qwen3.5-9b,1,24,AdaptiveEllipticalSearch,code_generation,"unexpected indent (<unknown>, line 1)"
qwen3.5-9b,1,25,DifferentialEvolutionOptimizer,code_generation,"unexpected indent (<unknown>, line 1)"
qwen3.5-9b,1,26,AdaptiveDifferentialSearch,runtime_error,__init__ raised AttributeError: 'AdaptiveDifferentialSearch' object has no attribute '_evaluate_population'
qwen3.5-9b,1,28,AdaptiveCrossoverMutationStrategy,runtime_error,__init__ raised NameError: name 'f_opt' is not defined
qwen3.5-9b,1,29,AdaptiveRandomSearch,code_generation,"expected an indented block after function definition on line 2 (<unknown>, line 2)"
qwen3.5-9b,1,30,,code_generation,no class definition found
qwen3.5-9b,1,31,,code_generation,no class definition found
qwen3.5-9b,1,32,SAGW,interface_mismatch,__call__ failed: 'SAGW' object is not callable
qwen3.5-9b,1,33,AdaptiveCooperativeGradientEvolution,unclassified_success,ok
qwen3.5-9b,1,34,,code_generation,no class definition found
qwen3.5-9b,1,35,AdaptivePopulationSearch,code_generation,"'(' was never closed (<unknown>, line 34)"
qwen3.5-9b,1,36,,code_generation,no class definition found
qwen3.5-9b,1,37,Name,code_generation,"unexpected indent (<unknown>, line 3)"
qwen3.5-9b,1,38,AdaptiveDifferentialEvolution,code_generation,"unexpected indent (<unknown>, line 1)"
qwen3.5-9b,1,39,,code_generation,no class definition found
qwen3.5-9b,1,40,,code_generation,no class definition found
qwen3.5-9b,1,41,APS,code_generation,"invalid syntax (<unknown>, line 77)"
qwen3.5-9b,1,42,,code_generation,no class definition found
qwen3.5-9b,1,44,AdaptiveGaussianSearch,code_generation,"cannot use assignment expressions with comparison (<unknown>, line 54)"
qwen3.5-9b,1,45,,code_generation,no class definition found
qwen3.5-9b,1,46,VortexSearch,import_violation,typing is currently not allowed to be imported in this framework.
qwen3.5-9b,1,47,ExpandedSearch,code_generation,"unexpected indent (<unknown>, line 1)"
qwen3.5-9b,1,48,AdaptiveDifferentialEvolution,runtime_error,UnboundLocalError: cannot access local variable 'idx2' where it is not associated with a value
qwen3.5-9b,1,49,AdaptiveDifferentialEvolution,runtime_error,ValueError: Cannot take a larger sample than population when replace is False
qwen3.5-9b,1,50,,code_generation,no class definition found
qwen3.5-9b,1,51,AdaptiveAdaptiveSearch,runtime_error,ZeroDivisionError: float division by zero
qwen3.5-9b,1,52,AdaptiveRandomizedDifferentialEvolution,code_generation,"invalid syntax (<unknown>, line 141)"
qwen3.5-9b,1,53,AdaptiveDifferentialSearch,code_generation,"invalid syntax (<unknown>, line 65)"
qwen3.5-9b,1,54,DE_APR,runtime_error,"ValueError: all the input array dimensions except for the concatenation axis must match exactly, but along dimension 1, the array at index 0 has size 0 and the array at index 1 has size 2"
qwen3.5-9b,1,55,,code_generation,no class definition found
qwen3.5-9b,1,56,,code_generation,no class definition found
qwen3.5-9b,1,57,,code_generation,no class definition found
qwen3.5-9b,1,58,,code_generation,no class definition found
qwen3.5-9b,1,59,CMAES,code_generation,"invalid syntax (<unknown>, line 65)"
qwen3.5-9b,1,60,GaussianAdaptiveSearch,import_violation,"typing, typing are currently not allowed to be imported in this framework."
qwen3.5-9b,1,61,ANRS,code_generation,"unexpected indent (<unknown>, line 1)"
qwen3.5-9b,1,62,PSO,runtime_error,IndexError: arrays used as indices must be of integer (or boolean) type
qwen3.5-9b,1,64,AdaptiveDE,code_generation,"unexpected indent (<unknown>, line 1)"
qwen3.5-9b,1,65,AdaptiveRandomSearch,code_generation,"invalid syntax (<unknown>, line 10)"
qwen3.5-9b,1,66,DifferentialEvolution,code_generation,"unterminated string literal (detected at line 124) (<unknown>, line 124)"
qwen3.5-9b,1,67,AdaptiveGaussian,code_generation,"unexpected indent (<unknown>, line 1)"
qwen3.5-9b,1,68,AdaptivePopulationSearch,code_generation,"invalid syntax. Maybe you meant '==' or ':=' instead of '='? (<unknown>, line 43)"
qwen3.5-9b,1,69,AdaptiveEvolutionarySearch,code_generation,"invalid syntax (<unknown>, line 51)"
qwen3.5-9b,1,70,PseudoGradedDifferentialSearch,code_generation,"unterminated string literal (detected at line 55) (<unknown>, line 55)"
qwen3.5-9b,1,71,,code_generation,no class definition found
qwen3.5-9b,1,72,AdaptiveDE,runtime_error,AttributeError: 'AdaptiveDE' object has no attribute '_differential_evolution'
qwen3.5-9b,1,73,,code_generation,no class definition found
qwen3.5-9b,1,74,,code_generation,no class definition found
qwen3.5-9b,1,75,,code_generation,no class definition found
qwen3.5-9b,1,76,AdaptiveEvolutionStrategy,import_violation,typing is currently not allowed to be imported in this framework.
qwen3.5-9b,1,77,AdaptiveStochasticSearch,runtime_error,NameError: name 'sigma_init' is not defined
qwen3.5-9b,1,78,,code_generation,no class definition found
qwen3.5-9b,1,79,AdaptiveEvolutionSearch,runtime_error,__init__ raised NameError: name 'np' is not defined
qwen3.5-9b,1,80,AdaptiveMutationSearch,code_generation,"invalid syntax (<unknown>, line 21)"
qwen3.5-9b,1,81,name,code_generation,"unexpected indent (<unknown>, line 3)"
qwen3.5-9b,1,82,AdaptiveDE,runtime_error,ValueError: setting an array element with a sequence.
qwen3.5-9b,1,83,AdaptiveSearch,unclassified_success,ok
qwen3.5-9b,1,84,AdaptiveNicheDifferentialSearch,code_generation,"invalid syntax (<unknown>, line 61)"
qwen3.5-9b,1,85,AdaptiveGlobalSearch,interface_mismatch,__call__ failed: 'list' object cannot be interpreted as an integer
qwen3.5-9b,1,86,AdaptiveCoordinateES,code_generation,"unexpected indent (<unknown>, line 1)"
qwen3.5-9b,1,87,DifferentialEvolutionAMR,runtime_error,NameError: name 'adaptive_stage' is not defined
qwen3.5-9b,1,88,MultiRescaleAdaptiveSearch,interface_mismatch,__call__ failed: 'numpy.float64' object is not iterable
qwen3.5-9b,1,89,,code_generation,no class definition found
qwen3.5-9b,1,90,AdaptiveES,runtime_error,__init__ raised NameError: name 'np' is not defined
qwen3.5-9b,1,91,Name,code_generation,no class definition found
qwen3.5-9b,1,92,AdaptiveCovarianceMC,runtime_error,AttributeError: 'AdaptiveCovarianceMC' object has no attribute 'x_history'
qwen3.5-9b,1,93,AdaptiveStepSearch,code_generation,"unexpected indent (<unknown>, line 1)"
qwen3.5-9b,1,94,DifferentialEvolution,code_generation,"unmatched ')' (<unknown>, line 96)"
qwen3.5-9b,1,95,AdaptiveCovarianceEvolution,code_generation,"invalid syntax (<unknown>, line 49)"
qwen3.5-9b,1,96,,code_generation,no class definition found
qwen3.5-9b,1,97,,code_generation,"'(' was never closed (<unknown>, line 3)"
qwen3.5-9b,1,98,DifferentialEvolution,runtime_error,NameError: name 'budget' is not defined
qwen3.5-9b,1,99,,code_generation,no class definition found
qwen3.5-9b,2,1,,code_generation,no class definition found
qwen3.5-9b,2,2,,code_generation,"unexpected indent (<unknown>, line 1)"
qwen3.5-9b,2,3,,code_generation,no class definition found
qwen3.5-9b,2,5,AdaptiveDESearch,runtime_error,NameError: name 'budget' is not defined
qwen3.5-9b,2,6,LevyFlightSearch,runtime_error,AttributeError: 'NoneType' object has no attribute 'compute_levy_step'
qwen3.5-9b,2,8,QuantumInspiredCoopSearch,interface_mismatch,__call__ failed: 'QuantumInspiredCoopSearch' object is not callable
qwen3.5-9b,2,9,AdaptiveCovariancePopulationSearch,interface_mismatch,__call__ failed: 'AdaptiveCovariancePopulationSearch' object is not callable
qwen3.5-9b,2,10,DiversityEnhancedAdaptiveSearch,runtime_error,NameError: name 'dim' is not defined
qwen3.5-9b,2,11,AdaptiveCovarianceDifferentialEvolution,code_generation,"invalid syntax (<unknown>, line 184)"
qwen3.5-9b,2,12,,code_generation,no class definition found
qwen3.5-9b,2,13,AdaptivePerturbationSearch,code_generation,"unexpected indent (<unknown>, line 1)"
qwen3.5-9b,2,14,,code_generation,no class definition found
qwen3.5-9b,2,15,,code_generation,no class definition found
qwen3.5-9b,2,17,AdaptiveEnsembleCMA,interface_mismatch,__call__ failed: loop of ufunc does not support argument 0 of type NoneType which has no callable sqrt method
qwen3.5-9b,2,18,,code_generation,no class definition found
qwen3.5-9b,2,19,MultiPhaseAdaptiveSearch,code_generation,"unterminated string literal (detected at line 94) (<unknown>, line 94)"
qwen3.5-9b,2,21,CooperativeMemorySearch,runtime_error,NameError: name 'n_agents' is not defined
qwen3.5-9b,2,22,CovarianceMomentumSearch,runtime_error,ValueError: The truth value of an array with more than one element is ambiguous. Use a.any() or a.all()
qwen3.5-9b,2,23,AdaptiveCovarianceEvolutionSearch,code_generation,"invalid syntax (<unknown>, line 168)"
qwen3.5-9b,2,24,CovarianceAdaptiveElasticSearch,runtime_error,UnboundLocalError: cannot access local variable 'fg' where it is not associated with a value
qwen3.5-9b,2,25,DifferentialAdaptiveSearch,runtime_error,timeout: exceeded 10s smoke-test budget
qwen3.5-9b,2,26,BalancedDifferentialSearch,code_generation,"invalid syntax (<unknown>, line 45)"
qwen3.5-9b,2,27,,code_generation,no class definition found
qwen3.5-9b,2,28,HybridMultiPointAdaptiveSearch,runtime_error,timeout: exceeded 10s smoke-test budget
qwen3.5-9b,2,29,CovarianceAdaptiveSearch,interface_mismatch,__call__ failed: 'CovarianceAdaptiveSearch' object is not callable
qwen3.5-9b,2,30,AdaptiveLearningDifferentialEvolution,code_generation,"unexpected indent (<unknown>, line 1)"
qwen3.5-9b,2,31,AMSS,interface_mismatch,__call__ failed: 'AMSS' object is not callable
qwen3.5-9b,2,32,DirectionAwareCovarianceSearch,import_violation,scipy.stats is currently not allowed to be imported in this framework.
qwen3.5-9b,2,33,BoundedGaussianDifferentialSearch,runtime_error,NameError: name 'grad_info' is not defined
qwen3.5-9b,2,34,GuidedAdaptiveDifferentialEvolution,interface_mismatch,__call__ failed: 'GuidedAdaptiveDifferentialEvolution' object is not callable
qwen3.5-9b,2,35,AdaptivePerturbationSearch,unclassified_success,ok
qwen3.5-9b,2,36,CovarianceAdaptivePopulationSearch,runtime_error,AttributeError: 'CovarianceAdaptivePopulationSearch' object has no attribute '_get_best_population_state'
qwen3.5-9b,2,37,AdaptiveCovariancePatternSearch,interface_mismatch,__init__ failed: object.__init__() takes exactly one argument (the instance to initialize)
qwen3.5-9b,2,38,AdaptiveMultiAgentEvolution,code_generation,"expected '(' (<unknown>, line 113)"
qwen3.5-9b,2,39,DynamicScaleSearch,runtime_error,__init__ raised NameError: name 'np' is not defined
qwen3.5-9b,2,40,CovarianceAdaptiveDifferentialEvolution,runtime_error,NameError: name 'evaluation_count' is not defined
qwen3.5-9b,2,41,AdaptiveDimensionalSearch,code_generation,"expected an indented block after class definition on line 1 (<unknown>, line 2)"
qwen3.5-9b,2,42,,code_generation,no class definition found
qwen3.5-9b,2,43,,code_generation,no class definition found
qwen3.5-9b,2,44,OrbitBasedAdaptiveDiversitySearch,code_generation,"expected an indented block after function definition on line 4 (<unknown>, line 9)"
qwen3.5-9b,2,45,,code_generation,no class definition found
qwen3.5-9b,2,47,MultiResolutionAdaptiveHillClimber,runtime_error,NameError: name 'last_radius' is not defined
qwen3.5-9b,2,48,MomentumTrailExplorer,runtime_error,ValueError: The truth value of an array with more than one element is ambiguous. Use a.any() or a.all()
qwen3.5-9b,2,49,,code_generation,no class definition found
qwen3.5-9b,2,50,,code_generation,no class definition found
qwen3.5-9b,2,52,AdaptiveOppositionCooperativePSO,runtime_error,__init__ raised AttributeError: 'AdaptiveOppositionCooperativePSO' object has no attribute '_eval'
qwen3.5-9b,2,53,AdaptiveEliteSearch,interface_mismatch,__call__ failed: 'AdaptiveEliteSearch' object is not callable
qwen3.5-9b,2,54,AdaptiveIncrementalTrustRegionSearch,runtime_error,NameError: name 'pop_size' is not defined
qwen3.5-9b,2,56,AdaptiveMicroPopulationSearch,code_generation,"expected an indented block after 'if' statement on line 122 (<unknown>, line 124)"
qwen3.5-9b,2,58,AdaptiveCovarianceParticleOptimizer,code_generation,"invalid syntax. Perhaps you forgot a comma? (<unknown>, line 54)"
qwen3.5-9b,2,59,,code_generation,no class definition found
qwen3.5-9b,2,60,APDS,code_generation,"unterminated string literal (detected at line 30) (<unknown>, line 30)"
qwen3.5-9b,2,61,EnsembleAdaptiveHillClimbWithCoordinateDescent,code_generation,"invalid syntax (<unknown>, line 40)"
qwen3.5-9b,2,62,,code_generation,no class definition found
qwen3.5-9b,2,63,AdaptiveCovarianceParticleSearch,runtime_error,AttributeError: 'AdaptiveCovarianceParticleSearch' object has no attribute 'get_prev_x'
qwen3.5-9b,2,64,AdaptiveMultiPointHarvestOptimizer,interface_mismatch,__call__ failed: unsupported operand type(s) for -: 'tuple' and 'tuple'
qwen3.5-9b,2,65,AdaptiveDiversitySearch,runtime_error,AttributeError: 'AdaptiveDiversitySearch' object has no attribute 'x_opt_old'
qwen3.5-9b,2,66,QuantumInpiredCovarianceAdaptation,import_violation,"scipy.optimize, scipy.stats are currently not allowed to be imported in this framework."
qwen3.5-9b,2,68,AdaptiveMultiDirectionalSearch,interface_mismatch,__call__ failed: 'AdaptiveMultiDirectionalSearch' object is not callable
qwen3.5-9b,2,69,AdaptiveCovariantResilientSearch,code_generation,"expected an indented block after class definition on line 3 (<unknown>, line 5)"
qwen3.5-9b,2,70,,code_generation,no class definition found
qwen3.5-9b,2,71,AdaptiveCovarianceDifferentialSearch,code_generation,"invalid syntax (<unknown>, line 27)"
qwen3.5-9b,2,72,AdaptivePopulationSearch,code_generation,"invalid syntax (<unknown>, line 43)"
qwen3.5-9b,2,73,AdaptiveMomentumGradientSearch,code_generation,"invalid syntax (<unknown>, line 5)"
qwen3.5-9b,2,74,AdaptivePatternRefinementSearch,runtime_error,IndexError: list index out of range
qwen3.5-9b,2,75,AdaptiveCovarianceMomentumSearch,code_generation,"unterminated string literal (detected at line 112) (<unknown>, line 112)"
qwen3.5-9b,2,77,AdaptivePopulationCorrelatedSearch,interface_mismatch,__call__ failed: 'AdaptivePopulationCorrelatedSearch' object is not callable
qwen3.5-9b,2,78,OscillatoryAdaptiveLearnedSearch,code_generation,"invalid syntax (<unknown>, line 25)"
qwen3.5-9b,2,79,AdaptiveCovarianceMultiPointSearch,runtime_error,"ValueError: operands could not be broadcast together with shapes (2,) (4,) "
qwen3.5-9b,2,80,AdaptivePopulationRandomDifferentialSearch,runtime_error,AttributeError: module 'numpy' has no attribute 'isobject'
qwen3.5-9b,2,81,GradientAdaptiveMomentumOptimizer,code_generation,"unterminated string literal (detected at line 105) (<unknown>, line 105)"
qwen3.5-9b,2,82,,code_generation,no class definition found
qwen3.5-9b,2,83,EnhancedCMAESOptimizer,runtime_error,__init__ raised NameError: name 'pop_size' is not defined
qwen3.5-9b,2,85,RobustAdaptiveCoordinateSearch,code_generation,"expected an indented block after function definition on line 16 (<unknown>, line 17)"
qwen3.5-9b,2,86,DualStratumAdaptiveSearch,code_generation,"unterminated string literal (detected at line 78) (<unknown>, line 78)"
qwen3.5-9b,2,87,,code_generation,no class definition found
qwen3.5-9b,2,88,AdaptiveDifferentialEvolutionSmart,interface_mismatch,__call__ failed: 'AdaptiveDifferentialEvolutionSmart' object is not callable
qwen3.5-9b,2,89,NeuroAdaptiveDimensionalSearch,code_generation,"invalid syntax (<unknown>, line 48)"
qwen3.5-9b,2,90,EnhancedAdaptiveMomentumSearch,runtime_error,NameError: name 'species' is not defined
qwen3.5-9b,2,91,AdaptiveDirectionalSearch,interface_mismatch,__call__ failed: 'float' object does not support item assignment
qwen3.5-9b,2,92,SelfAdaptiveDifferentialEvolutionDPE,runtime_error,NameError: name 'f_opt_check' is not defined
qwen3.5-9b,2,93,ProgressiveEliteSearch,code_generation,"expected an indented block after class definition on line 1 (<unknown>, line 1)"
qwen3.5-9b,2,94,CovarianceAdaptivePopulationSearch,interface_mismatch,__call__ failed: uniform() takes at most 3 positional arguments (4 given)
qwen3.5-9b,2,96,AdaptiveCooperativeParticleSearch,interface_mismatch,__call__ failed: 'AdaptiveCooperativeParticleSearch' object is not callable
qwen3.5-9b,2,97,AdaptiveMemeticEvolutionaryAlgorithm,interface_mismatch,__call__ failed: 'AdaptiveMemeticEvolutionaryAlgorithm' object is not callable
qwen3.5-9b,2,98,AdaptiveCovarianceEvolutionSearch,code_generation,"invalid syntax (<unknown>, line 124)"
qwen3.5-9b,2,99,AdaptiveDimensionalSearch,code_generation,"unterminated string literal (detected at line 198) (<unknown>, line 198)"
qwen3.5-9b,3,1,,code_generation,no class definition found
qwen3.5-9b,3,2,AdaptiveES,interface_mismatch,__call__ failed: 'AdaptiveES' object is not callable
qwen3.5-9b,3,4,AdaptiveDifferentialEvolution,code_generation,"unexpected indent (<unknown>, line 1)"
qwen3.5-9b,3,5,,code_generation,no class definition found
qwen3.5-9b,3,6,,code_generation,no class definition found
qwen3.5-9b,3,7,,code_generation,no class definition found
qwen3.5-9b,3,8,,code_generation,no class definition found
qwen3.5-9b,3,9,,code_generation,"unexpected indent (<unknown>, line 1)"
qwen3.5-9b,3,12,HierarchicalAdaptiveSearch,runtime_error,NameError: name 'dim' is not defined
qwen3.5-9b,3,13,MultiScaleEvolutionarySearch,code_generation,"invalid syntax (<unknown>, line 37)"
qwen3.5-9b,3,14,,code_generation,no class definition found
qwen3.5-9b,3,15,ImprovedPatternSearch,runtime_error,__init__ raised NameError: name 'np' is not defined
qwen3.5-9b,3,16,AdaptiveForceFieldSearch,interface_mismatch,__call__ failed: only integer scalar arrays can be converted to a scalar index
qwen3.5-9b,3,17,,code_generation,no class definition found
qwen3.5-9b,3,18,AdaptivePatternSearch,runtime_error,NameError: name 'dim' is not defined
qwen3.5-9b,3,19,,code_generation,no class definition found
qwen3.5-9b,3,21,,code_generation,no class definition found
qwen3.5-9b,3,22,MultiAdaptiveDirectionSearch,runtime_error,NameError: name 'func' is not defined
qwen3.5-9b,3,23,HarmonicPopulationOptimizer,import_violation,time is currently not allowed to be imported in this framework.
qwen3.5-9b,3,24,CovarianceAdaptiveSearch,runtime_error,AttributeError: 'numpy.ndarray' object has no attribute 'begin'
qwen3.5-9b,3,26,AdaptiveMetaSearch,runtime_error,AttributeError: 'AdaptiveMetaSearch' object has no attribute 'resonant_factor'
qwen3.5-9b,3,27,QuasiMomentumPopulationSearch,code_generation,"expected an indented block after function definition on line 4 (<unknown>, line 4)"
qwen3.5-9b,3,28,ResonantAdaptiveSearch,interface_mismatch,__call__ failed: 'ResonantAdaptiveSearch' object is not callable
qwen3.5-9b,3,30,,code_generation,no class definition found
qwen3.5-9b,3,31,DynamicTentacleSearch,runtime_error,NameError: name 'dim' is not defined
qwen3.5-9b,3,32,CovarianceMutatingSearch,runtime_error,NameError: name 'random' is not defined
qwen3.5-9b,3,33,VortexDirectionSearch,code_generation,"invalid syntax. Perhaps you forgot a comma? (<unknown>, line 53)"
qwen3.5-9b,3,34,AdaptiveMultiScaleSearch,code_generation,NameError: name 'chehrie_shape' is not defined
qwen3.5-9b,3,35,AdaptiveTrajectorySearch,code_generation,"invalid syntax (<unknown>, line 136)"
qwen3.5-9b,3,36,CovarianceResonanceOptimizer,runtime_error,NameError: name 'max_pop' is not defined
qwen3.5-9b,3,37,SymmetryAdaptiveEvolution,interface_mismatch,__call__ failed: 'SymmetryAdaptiveEvolution' object is not callable
qwen3.5-9b,3,38,AdaptiveDimensionSearch,runtime_error,IndexError: invalid index to scalar variable.
qwen3.5-9b,3,39,AdaptiveCovarianceOptimizer,interface_mismatch,__call__ failed: 'float' object cannot be interpreted as an integer
qwen3.5-9b,3,40,DynaDiverseSearch,runtime_error,NameError: name 'func' is not defined
qwen3.5-9b,3,41,CovarianceAdaptiveSearch,code_generation,"invalid syntax (<unknown>, line 38)"
qwen3.5-9b,3,42,AdaptivePopulationDiversitySearch,code_generation,"unterminated string literal (detected at line 27) (<unknown>, line 27)"
qwen3.5-9b,3,43,,code_generation,no class definition found
qwen3.5-9b,3,44,CovariantDanceSearch,runtime_error,NameError: name 'func' is not defined
qwen3.5-9b,3,45,PopulationDiversityOptimizer,code_generation,"expected an indented block after function definition on line 4 (<unknown>, line 4)"
qwen3.5-9b,3,47,AdaptiveMomentumSearch,interface_mismatch,__call__ failed: 'AdaptiveMomentumSearch' object is not callable
qwen3.5-9b,3,48,,code_generation,no class definition found
qwen3.5-9b,3,49,PrismaticEvolutionSearch,runtime_error,"ValueError: shape mismatch: objects cannot be broadcast to a single shape.  Mismatch is between arg 0 with shape (2,) and arg 2 with shape (3,)."
qwen3.5-9b,3,50,CovarianceAdaptiveDivSearch,code_generation,"invalid syntax (<unknown>, line 143)"
qwen3.5-9b,3,51,SpectralAdaptiveEvolution,runtime_error,NameError: name 'dim' is not defined
qwen3.5-9b,3,52,MultiScaleGradientEnsemble,interface_mismatch,__call__ failed: 'MultiScaleGradientEnsemble' object is not callable
qwen3.5-9b,3,53,MultiModeCoordinatedSearch,runtime_error,NameError: name 'func' is not defined
qwen3.5-9b,3,54,MomentumParticleSearch,runtime_error,AxisError: axis 1 is out of bounds for array of dimension 1
qwen3.5-9b,3,55,,code_generation,no class definition found
qwen3.5-9b,3,56,DynamicLandscapeAdaptiveSearch,runtime_error,NameError: name 'func' is not defined
qwen3.5-9b,3,57,,code_generation,no class definition found
qwen3.5-9b,3,58,SuccessBasedAdaptiveSearch,code_generation,"'(' was never closed (<unknown>, line 93)"
qwen3.5-9b,3,59,CovarianceAdaptiveSearch,interface_mismatch,__call__ failed: 'CovarianceAdaptiveSearch' object is not callable
qwen3.5-9b,3,60,HarmonyBridgeOptimizer,import_violation,scipy.special is currently not allowed to be imported in this framework.
qwen3.5-9b,3,61,SimulatedAnnealingMosaicSearch,runtime_error,AttributeError: 'ioh.iohcpp.problem.Discus' object has no attribute '__wrapped__'
qwen3.5-9b,3,62,AdaptiveCovarianceSearch,runtime_error,NameError: name 'budget' is not defined
qwen3.5-9b,3,63,AdaptiveResonanceOptimizer,code_generation,"unexpected indent (<unknown>, line 1)"
qwen3.5-9b,3,64,HarmonySearchPDM,code_generation,"unterminated string literal (detected at line 63) (<unknown>, line 63)"
qwen3.5-9b,3,65,EvolutionaryFidelityBoost,interface_mismatch,__call__ failed: 'float' object cannot be interpreted as an integer
qwen3.5-9b,3,66,,code_generation,no class definition found
qwen3.5-9b,3,67,CausalCoordinateEvolution,import_violation,"scipy.optimize, typing are currently not allowed to be imported in this framework."
qwen3.5-9b,3,68,CoordinatedIntervalEvolutionarySearch,runtime_error,AttributeError: 'CoordinatedIntervalEvolutionarySearch' object has no attribute 'population'
qwen3.5-9b,3,69,QuantumDivergenceSearch,code_generation,"unexpected indent (<unknown>, line 20)"
qwen3.5-9b,3,70,MAdamE,interface_mismatch,__call__ failed: 'MAdamE' object is not callable
qwen3.5-9b,3,71,AdaptiveCorrelatedSearch,import_violation,copy is currently not allowed to be imported in this framework.
qwen3.5-9b,3,72,CovarianceAdaptiveEvolution,import_violation,"typing, typing are currently not allowed to be imported in this framework."
qwen3.5-9b,3,73,DynamicCovarianceSearch,interface_mismatch,"__call__ failed: __call__(): incompatible function arguments. The following argument types are supported:
    1. (self: ioh.iohcpp.problem.RealSingleObjective, arg0: List[float]) -> float
    2. (self: ioh.iohcpp.problem.RealSingleObjective, arg0: List[List[float]]) -> List[float]

Invoked with: <RealSingleObjectiveProblem 11. Discus (iid=1 dim=2)>, None"
qwen3.5-9b,3,74,AdaptiveCovarianceOptimizer,runtime_error,"IndexError: too many indices for array: array is 1-dimensional, but 2 were indexed"
qwen3.5-9b,3,75,MomentumBasedCoordinatedSearch,interface_mismatch,__call__ failed: 'numpy.float64' object cannot be interpreted as an integer
qwen3.5-9b,3,77,Name,code_generation,"invalid syntax (<unknown>, line 2)"
qwen3.5-9b,3,78,DynamicPopulationSearch,interface_mismatch,__call__ failed: 'DynamicPopulationSearch' object is not callable
qwen3.5-9b,3,79,HarmonizedAdaptivePopulationSearch,runtime_error,NameError: name 'budget' is not defined
qwen3.5-9b,3,80,CovarianceAdaptivePopulationSearch,code_generation,"expected 'else' after 'if' expression (<unknown>, line 35)"
qwen3.5-9b,3,81,DifferentialVarianceReset,import_violation,"typing, typing are currently not allowed to be imported in this framework."
qwen3.5-9b,3,82,AdaptiveCovarianceCoordinator,code_generation,"invalid syntax (<unknown>, line 81)"
qwen3.5-9b,3,83,VarianceMasterSearch,code_generation,"invalid syntax (<unknown>, line 183)"
qwen3.5-9b,3,84,,code_generation,no class definition found
qwen3.5-9b,3,85,,code_generation,"invalid syntax (<unknown>, line 3)"
qwen3.5-9b,3,86,DiversityAdaptiveCovarianceSearch,runtime_error,ValueError: attempt to get argmin of an empty sequence
qwen3.5-9b,3,87,SelfCorrectingCheetahSearch,code_generation,"cannot use assignment expressions with comparison (<unknown>, line 154)"
qwen3.5-9b,3,88,,code_generation,no class definition found
qwen3.5-9b,3,89,DynamicGradientBoardwalk,interface_mismatch,__call__ failed: 'DynamicGradientBoardwalk' object is not callable
qwen3.5-9b,3,90,CovarianceAdaptiveEvolution,code_generation,"invalid syntax (<unknown>, line 195)"
qwen3.5-9b,3,91,SymmetricCovarianceAdaptiveSearch,code_generation,"invalid syntax (<unknown>, line 89)"
qwen3.5-9b,3,92,SpectralPopulationAutoSearch,import_violation,time is currently not allowed to be imported in this framework.
qwen3.5-9b,3,93,CovarianceAdaptiveSearch,import_violation,"scipy.spatial.distance, scipy.spatial.distance are currently not allowed to be imported in this framework."
qwen3.5-9b,3,94,,code_generation,no class definition found
qwen3.5-9b,3,95,HarmonicGuidedSearch,code_generation,"unterminated string literal (detected at line 102) (<unknown>, line 102)"
qwen3.5-9b,3,97,StreamlinePatternSearch,interface_mismatch,__call__ failed: 'float' object is not iterable
qwen3.5-9b,3,98,AdaptiveScaleEliteSearch,import_violation,time is currently not allowed to be imported in this framework.
qwen3.5-9b,3,99,CovarianceAdaptiveSearch,import_violation,typing is currently not allowed to be imported in this framework.
qwen3.5-9b,4,1,,code_generation,no class definition found
qwen3.5-9b,4,2,,code_generation,no class definition found
qwen3.5-9b,4,3,,code_generation,no class definition found
qwen3.5-9b,4,4,,code_generation,no class definition found
qwen3.5-9b,4,5,VarianceAdaptiveSearch,runtime_error,AxisError: axis 50 is out of bounds for array of dimension 0
qwen3.5-9b,4,6,,code_generation,no class definition found
qwen3.5-9b,4,7,DifferentialEvolution,code_generation,"invalid syntax (<unknown>, line 126)"
qwen3.5-9b,4,8,,code_generation,no class definition found
qwen3.5-9b,4,9,SelfAdaptiveDifferentialSearch,code_generation,"unmatched ')' (<unknown>, line 50)"
qwen3.5-9b,4,10,AdaptivePopulationRandomSearch,runtime_error,__init__ raised AttributeError: 'AdaptivePopulationRandomSearch' object has no attribute 'init_x'
qwen3.5-9b,4,11,AdaptiveRegionalPatternSearch,runtime_error,IndexError: index 8 is out of bounds for axis 0 with size 8
qwen3.5-9b,4,12,,code_generation,no class definition found
qwen3.5-9b,4,13,AdaptivePopulationOptimization,interface_mismatch,__call__ failed: 'AdaptivePopulationOptimization' object is not callable
qwen3.5-9b,4,15,AdaptiveDE,interface_mismatch,__call__ failed: 'AdaptiveDE' object is not callable
qwen3.5-9b,4,17,,code_generation,no class definition found
qwen3.5-9b,4,18,EvolutionaryStrategist,import_violation,scipy.special is currently not allowed to be imported in this framework.
qwen3.5-9b,4,19,,code_generation,no class definition found
qwen3.5-9b,4,20,AdaptiveGaussianSearch,runtime_error,ValueError: The truth value of an array with more than one element is ambiguous. Use a.any() or a.all()
qwen3.5-9b,4,21,AdaptiveCovarianceSearch,code_generation,"unexpected indent (<unknown>, line 1)"
qwen3.5-9b,4,22,DifferentialEvolution,interface_mismatch,__call__ failed: 'DifferentialEvolution' object is not callable
qwen3.5-9b,4,23,,code_generation,no class definition found
qwen3.5-9b,4,24,ACMES,interface_mismatch,__call__ failed: 'float' object is not subscriptable
qwen3.5-9b,4,25,PropagationSearch,code_generation,"unexpected indent (<unknown>, line 1)"
qwen3.5-9b,4,26,,code_generation,no class definition found
qwen3.5-9b,4,27,,code_generation,no class definition found
qwen3.5-9b,4,28,,code_generation,no class definition found
qwen3.5-9b,4,29,AdaptiveMemoryGuidedSearch,runtime_error,ValueError: The truth value of an array with more than one element is ambiguous. Use a.any() or a.all()
qwen3.5-9b,4,30,AdaptiveRandomSearch,interface_mismatch,__call__ failed: unsupported operand type(s) for +: 'NoneType' and 'float'
qwen3.5-9b,4,31,AdaptiveDE,code_generation,"invalid syntax (<unknown>, line 31)"
qwen3.5-9b,4,32,AdaptiveMultiDirectionMomentumSearch,runtime_error,AttributeError: property 'f_current' of 'AdaptiveMultiDirectionMomentumSearch' object has no setter
qwen3.5-9b,4,34,AdaptiveDifferentialSearch,interface_mismatch,__call__ failed: choice() got an unexpected keyword argument 'shuffle'
qwen3.5-9b,4,35,,code_generation,no class definition found
qwen3.5-9b,4,36,RandomWalkEnhanced,code_generation,"unterminated string literal (detected at line 46) (<unknown>, line 46)"
qwen3.5-9b,4,37,,code_generation,no class definition found
qwen3.5-9b,4,38,AdaptiveDE,interface_mismatch,__call__ failed: 'AdaptiveDE' object is not callable
qwen3.5-9b,4,39,,code_generation,no class definition found
qwen3.5-9b,4,40,,code_generation,no class definition found
qwen3.5-9b,4,41,,code_generation,no class definition found
qwen3.5-9b,4,42,EEBO,interface_mismatch,__call__ failed: 'EEBO' object is not callable
qwen3.5-9b,4,43,,code_generation,no class definition found
qwen3.5-9b,4,44,,code_generation,no class definition found
qwen3.5-9b,4,45,,code_generation,no class definition found
qwen3.5-9b,4,46,members,code_generation,"unexpected indent (<unknown>, line 1)"
qwen3.5-9b,4,47,AdaptiveDifferentialEvolution,runtime_error,__init__ raised NameError: name 'func' is not defined
qwen3.5-9b,4,48,GaussianSearch,runtime_error,NameError: name 'budget' is not defined
qwen3.5-9b,4,49,AdaptiveDifferentialEvolution,code_generation,"unmatched ')' (<unknown>, line 20)"
qwen3.5-9b,4,50,AdaptiveDiffEvo,code_generation,"invalid syntax (<unknown>, line 77)"
qwen3.5-9b,4,51,AdaptiveRandomSearchMs,runtime_error,UnboundLocalError: cannot access local variable 'radius' where it is not associated with a value
qwen3.5-9b,4,52,,code_generation,no class definition found
qwen3.5-9b,4,54,,code_generation,no class definition found
qwen3.5-9b,4,55,AdaptiveCMAESOptimizer,runtime_error,"ValueError: operands could not be broadcast together with shapes (0,) (2,) "
qwen3.5-9b,4,57,,code_generation,no class definition found
qwen3.5-9b,4,58,,code_generation,no class definition found
qwen3.5-9b,4,59,,code_generation,"unexpected indent (<unknown>, line 3)"
qwen3.5-9b,4,61,BBOB,import_violation,scipy.optimize is currently not allowed to be imported in this framework.
qwen3.5-9b,4,62,ThermodynamicDifferentialSearch,runtime_error,__init__ raised AttributeError: 'ThermodynamicDifferentialSearch' object has no attribute 'func'
qwen3.5-9b,4,63,,code_generation,no class definition found
qwen3.5-9b,4,66,,code_generation,no class definition found
qwen3.5-9b,4,67,AdaptiveDifferentialMomentumSearch,runtime_error,AttributeError: 'AdaptiveDifferentialMomentumSearch' object has no attribute 'momentum_decay'
qwen3.5-9b,4,68,EliteCovarianceAdaptationSearch,runtime_error,AttributeError: 'EliteCovarianceAdaptationSearch' object has no attribute 'pop_size'
qwen3.5-9b,4,69,,code_generation,no class definition found
qwen3.5-9b,4,70,,code_generation,no class definition found
qwen3.5-9b,4,71,AdaptiveGaussianSearch,interface_mismatch,__call__ failed: 'AdaptiveGaussianSearch' object is not callable
qwen3.5-9b,4,72,BiDirectionalPopulationDensitySearch,runtime_error,NameError: name 'step_size_factor' is not defined
qwen3.5-9b,4,73,,code_generation,no class definition found
qwen3.5-9b,4,74,NoiseAdaptivePopulationSearch,runtime_error,AttributeError: 'NoiseAdaptivePopulationSearch' object has no attribute 'momentum_factor'
qwen3.5-9b,4,75,ADCES,runtime_error,AttributeError: 'ADCES' object has no attribute 'pop_size'
qwen3.5-9b,4,76,DiversifiedEvolutionarySearch,runtime_error,AttributeError: 'DiversifiedEvolutionarySearch' object has no attribute 'update_bounds_search'
qwen3.5-9b,4,77,DifferentialCovarianceSearch,runtime_error,__init__ raised NameError: name 'func' is not defined
qwen3.5-9b,4,78,ACMSSO,runtime_error,"__init__ raised ValueError: operands could not be broadcast together with shapes (2,) (5,) "
qwen3.5-9b,4,79,EliteAdaptiveMomentumSearch,runtime_error,AttributeError: 'EliteAdaptiveMomentumSearch' object has no attribute 'restart_threshold'
qwen3.5-9b,4,80,DifferentialMomentumSearch,interface_mismatch,__call__ failed: 'DifferentialMomentumSearch' object is not callable
qwen3.5-9b,4,81,AdaptiveCovariancePopulationSearch,runtime_error,NameError: name 'survivor' is not defined
qwen3.5-9b,4,82,AdaptiveDifferentialMomentumSearch,runtime_error,NameError: name 'func' is not defined
qwen3.5-9b,4,83,AdaptiveCovarianceDifferentialSearch,code_generation,"unexpected indent (<unknown>, line 1)"
qwen3.5-9b,4,84,ResonantAdaptiveCoevolutionarySearch,interface_mismatch,__call__ failed: 'ResonantAdaptiveCoevolutionarySearch' object is not callable
qwen3.5-9b,4,85,CovarianceAdaptivePopulationSearch,runtime_error,AttributeError: 'CovarianceAdaptivePopulationSearch' object has no attribute 'init_population'
qwen3.5-9b,4,86,AdaptivePopulationDifferentialSearch,interface_mismatch,__init__ failed: AdaptivePopulationDifferentialSearch() takes no arguments
qwen3.5-9b,4,87,MomentumPopulationCooperativeSearch,runtime_error,__init__ raised UnboundLocalError: cannot access local variable 'pop_size' where it is not associated with a value
qwen3.5-9b,4,88,NegativeDirectionAdaptiveSwarm,code_generation,"invalid syntax (<unknown>, line 136)"
qwen3.5-9b,4,89,AdaptiveConicSampling,code_generation,"'(' was never closed (<unknown>, line 79)"
qwen3.5-9b,4,90,MultiScalePopulationSearch,interface_mismatch,__init__ failed: MultiScalePopulationSearch() takes no arguments
qwen3.5-9b,4,91,MultiCovarianceAdaptiveSwarm,code_generation,"closing parenthesis ']' does not match opening parenthesis '(' (<unknown>, line 111)"
qwen3.5-9b,4,92,ACSO,interface_mismatch,__init__ failed: ACSO() takes no arguments
qwen3.5-9b,4,93,,code_generation,"unexpected indent (<unknown>, line 1)"
qwen3.5-9b,4,94,,code_generation,no class definition found
qwen3.5-9b,4,95,AdaptiveGradientFreeSearch,runtime_error,AttributeError: 'AdaptiveGradientFreeSearch' object has no attribute 'step_min'
qwen3.5-9b,4,96,DynamicPopulationMemorySearch,code_generation,"unterminated string literal (detected at line 98) (<unknown>, line 98)"
qwen3.5-9b,4,97,CovarianceRestartSearch,code_generation,"invalid syntax. Perhaps you forgot a comma? (<unknown>, line 174)"
qwen3.5-9b,4,98,MomentumEnhancedEvolutionarySearch,runtime_error,AttributeError: 'MomentumEnhancedEvolutionarySearch' object has no attribute 'pop_size'
qwen3.5-9b,4,99,AdaptiveDirectionalEvolutionarySearch,code_generation,"expected 'else' after 'if' expression (<unknown>, line 109)"
qwen3.5-27b,0,5,AdaptiveDirectionalSearch,runtime_error,"IndexError: only integers, slices (`:`), ellipsis (`...`), numpy.newaxis (`None`) and integer or boolean arrays are valid indices"
qwen3.5-27b,0,9,AdaptiveMomentumAnisotropicSearch,code_generation,"expected an indented block after 'else' statement on line 191 (<unknown>, line 194)"
qwen3.5-27b,0,10,AdaptiveMomentumAnisotropicSearch,runtime_error,NameError: name 'max_stall' is not defined
qwen3.5-27b,0,12,SphericalShellOptimization,runtime_error,__init__ raised AttributeError: 'SphericalShellOptimization' object has no attribute 'ub'
qwen3.5-27b,0,14,BiLevelAdaptiveHarmonySearch,runtime_error,UnboundLocalError: cannot access local variable 'consecutive_failures' where it is not associated with a value
qwen3.5-27b,0,16,InertiaRegularizedCovarianceEvolutionaryStrategy,runtime_error,__init__ raised AttributeError: 'InertiaRegularizedCovarianceEvolutionaryStrategy' object has no attribute 'mu_eff'
qwen3.5-27b,0,18,AdaptiveCovarianceEvolutionStrategy,runtime_error,NameError: name 'mu_eff' is not defined
qwen3.5-27b,0,21,AdaptiveCovarianceMomentumOptimizer,runtime_error,"ValueError: operands could not be broadcast together with shapes (4,1) (3,2) "
qwen3.5-27b,0,23,AdaptiveSpectralCovarianceSearch,runtime_error,AttributeError: 'AdaptiveSpectralCovarianceSearch' object has no attribute 'range'
qwen3.5-27b,0,25,RobustAdaptiveCovarianceEvolution,unclassified_success,ok
qwen3.5-27b,0,27,AdaptiveCovarianceMomentumOptimizer,runtime_error,ValueError: too many values to unpack (expected 2)
qwen3.5-27b,0,34,AdaptiveReflectedCovarianceOptimizer,unclassified_success,ok
qwen3.5-27b,0,37,EnhancedCMAESOptimizationStrategy,runtime_error,AttributeError: 'EnhancedCMAESOptimizationStrategy' object has no attribute 'c_sigma'
qwen3.5-27b,0,40,AdaptiveBoundaryConstrainedEvolutionStrategy,runtime_error,__init__ raised AttributeError: 'AdaptiveBoundaryConstrainedEvolutionStrategy' object has no attribute 'c1'
qwen3.5-27b,0,42,DecoupledBoundaryAdaptiveCMA,runtime_error,__init__ raised AttributeError: 'DecoupledBoundaryAdaptiveCMA' object has no attribute 'weights'
qwen3.5-27b,0,44,RobustBoundaryAdaptiveCMAES,interface_mismatch,__call__ failed: 'float' object cannot be interpreted as an integer
qwen3.5-27b,0,46,AdaptiveResilientCMAES,interface_mismatch,__call__ failed: only integer scalar arrays can be converted to a scalar index
qwen3.5-27b,0,47,AdaptiveBoundaryCMAES,runtime_error,ValueError: The truth value of an array with more than one element is ambiguous. Use a.any() or a.all()
qwen3.5-27b,0,48,RefinedRobustBoundaryCMAES,unclassified_success,ok
qwen3.5-27b,0,51,AdaptiveBoundaryCMAES,interface_mismatch,__call__ failed: only integer scalar arrays can be converted to a scalar index
qwen3.5-27b,0,54,BoundaryResilientAdaptiveCMAES,runtime_error,ValueError: The truth value of an array with more than one element is ambiguous. Use a.any() or a.all()
qwen3.5-27b,0,58,BoundaryRepulsiveCMAES,runtime_error,"ValueError: shapes (4,2) and (4,) not aligned: 2 (dim 1) != 4 (dim 0)"
qwen3.5-27b,0,64,ResilientBoundaryCMAES,runtime_error,AttributeError: 'ResilientBoundaryCMAES' object has no attribute 'c_sigma'
qwen3.5-27b,0,68,RobustBoundaryAdaptiveCMAES,unclassified_success,ok
qwen3.5-27b,0,69,EnhancedResilientCMAES,runtime_error,AxisError: axis 1 is out of bounds for array of dimension 0
qwen3.5-27b,0,70,EnhancedRobustBoundaryCMAES,unclassified_success,ok
qwen3.5-27b,0,75,RefinedAdaptiveCMAES,runtime_error,"ValueError: matmul: Input operand 1 has a mismatch in its core dimension 0, with gufunc signature (n?,k),(k,m?)->(n?,m?) (size 3 is different from 2)"
qwen3.5-27b,0,80,EnhancedReflectiveCMAES,interface_mismatch,__call__ failed: Cannot cast ufunc 'divide' output from dtype('float64') to dtype('int64') with casting rule 'same_kind'
qwen3.5-27b,0,81,BudgetAwareBoundaryCMAES,runtime_error,"ValueError: matmul: Input operand 1 has a mismatch in its core dimension 0, with gufunc signature (n?,k),(k,m?)->(n?,m?) (size 4 is different from 2)"
qwen3.5-27b,0,84,RobustBoundaryAdaptiveCMAES,runtime_error,"ValueError: shapes (4,2) and (4,) not aligned: 2 (dim 1) != 4 (dim 0)"
qwen3.5-27b,0,86,GeometricRestartBoundaryCMAES,runtime_error,AttributeError: 'GeometricRestartBoundaryCMAES' object has no attribute 'c_sigma'
qwen3.5-27b,0,88,AdaptiveBoundaryCMAES,unclassified_success,ok
qwen3.5-27b,0,89,BoundaryConsistentCMAES,runtime_error,"ValueError: operands could not be broadcast together with shapes (4,2,2) (2,2,4) "
qwen3.5-27b,0,93,RobustBoundaryAdaptiveCMAES,runtime_error,"ValueError: matmul: Input operand 1 has a mismatch in its core dimension 0, with gufunc signature (n?,k),(k,m?)->(n?,m?) (size 4 is different from 2)"
qwen3.5-27b,0,94,ReflectiveAdaptiveCMAES,unclassified_success,ok
qwen3.5-27b,0,97,BoundaryStabilizedAdaptiveCMAES,runtime_error,IndexError: boolean index did not match indexed array along axis 1; size of axis is 2 but size of corresponding boolean axis is 1
qwen3.5-27b,0,99,AdaptiveBoundaryBudgetCMAES,runtime_error,"ValueError: operands could not be broadcast together with shapes (2,2) (4,4) "
qwen3.5-27b,1,1,AdaptivePopulationSearch,code_generation,"invalid syntax (<unknown>, line 58)"
qwen3.5-27b,1,2,AdaptivePopulationSearch,runtime_error,NameError: name 'budget' is not defined
qwen3.5-27b,1,4,AdaptiveMultiStrategySearch,unclassified_success,ok
qwen3.5-27b,1,5,AdaptiveMultiOperatorSearch,runtime_error,timeout: exceeded 10s smoke-test budget
qwen3.5-27b,1,7,AdaptiveDifferentialPopulationSearch,runtime_error,IndexError: index 0 is out of bounds for axis 0 with size 0
qwen3.5-27b,1,8,AdaptiveDifferentialPopulationSearch,runtime_error,UnboundLocalError: cannot access local variable 'best_f' where it is not associated with a value
qwen3.5-27b,1,9,AdaptiveMultiStrategyEvolution,runtime_error,IndexError: index 20 is out of bounds for axis 0 with size 20
qwen3.5-27b,1,11,AdaptiveLévyDifferentialEvolution,unclassified_success,ok
qwen3.5-27b,1,14,AdaptiveSuccessHistoryDifferentialEvolution,unclassified_success,ok
qwen3.5-27b,1,15,ImprovedAdaptiveDE,interface_mismatch,__call__ failed: 'float' object cannot be interpreted as an integer
qwen3.5-27b,1,17,RobustAdaptiveDifferentialEvolution,import_violation,collections is currently not allowed to be imported in this framework.
qwen3.5-27b,1,18,AdaptiveCovarianceLévyEvolution,unclassified_success,ok
qwen3.5-27b,1,19,AdaptiveLévyDifferentialEvolution,runtime_error,ValueError: probabilities do not sum to 1
qwen3.5-27b,1,21,AdaptiveLévyDifferentialEvolution,runtime_error,AttributeError: module 'numpy' has no attribute 'gamma'
qwen3.5-27b,1,22,AdaptiveLévyDifferentialEvolutionEnhanced,unclassified_success,ok
qwen3.5-27b,1,23,AdaptiveLévyDifferentialEvolution,unclassified_success,ok
qwen3.5-27b,1,25,AdaptiveQuantumDifferentialEvolution,import_violation,"typing, typing are currently not allowed to be imported in this framework."
qwen3.5-27b,1,26,HarmonicAdaptiveDifferentialEvolution,code_generation,"expected an indented block after 'else' statement on line 169 (<unknown>, line 173)"
qwen3.5-27b,1,29,AdaptiveHybridDifferentialEvolution,unclassified_success,ok
qwen3.5-27b,1,30,EnhancedAdaptiveDifferentialEvolution,interface_mismatch,"__call__ failed: float() argument must be a string or a real number, not 'dict'"
qwen3.5-27b,1,31,AdaptiveHybridDEWithMemory,runtime_error,"ValueError: Calling nonzero on 0d arrays is not allowed. Use np.atleast_1d(scalar).nonzero() instead. If the context of this error is of the form `arr[nonzero(cond)]`, just use `arr[cond]`."
qwen3.5-27b,1,33,EnhancedAdaptiveLévyDifferentialEvolution,interface_mismatch,__call__ failed: Axis must be specified when shapes of a and weights differ.
qwen3.5-27b,1,34,AdaptiveMultiSwarmDE,interface_mismatch,__call__ failed: object of type 'int' has no len()
qwen3.5-27b,1,38,RobustAdaptiveDEWithSmartRestarts,runtime_error,ValueError: probabilities do not sum to 1
qwen3.5-27b,1,40,HybridAdaptiveDifferentialEvolution,unclassified_success,ok
qwen3.5-27b,1,47,ChaoticAdaptiveParticleSwarm,code_generation,"unindent does not match any outer indentation level (<unknown>, line 139)"
qwen3.5-27b,1,52,AdaptiveDiversityHybridDE,runtime_error,ValueError: low >= high
qwen3.5-27b,1,54,AdaptiveRestartHybridDifferentialEvolution,unclassified_success,ok
qwen3.5-27b,1,57,AdaptiveArchiveDifferentialEvolution,import_violation,collections is currently not allowed to be imported in this framework.
qwen3.5-27b,1,60,AdaptiveHybridMemeticDifferentialEvolution,runtime_error,"ValueError: could not broadcast input array from shape (22,) into shape (10,)"
qwen3.5-27b,1,64,AdaptiveDiversifyingEvolutionaryOptimization,runtime_error,ValueError: probabilities do not sum to 1
qwen3.5-27b,1,65,AdaptiveRestartHybridDifferentialEvolution,runtime_error,timeout: exceeded 10s smoke-test budget
qwen3.5-27b,1,74,SuccessHistoryOppositionDifferentialEvolution,code_generation,"expected an indented block after 'else' statement on line 176 (<unknown>, line 180)"
qwen3.5-27b,1,76,SelfAdaptiveOppositionDifferentialEvolution,runtime_error,__init__ raised AttributeError: 'SelfAdaptiveOppositionDifferentialEvolution' object has no attribute 'min_memory'
qwen3.5-27b,1,78,AdaptiveHybridDifferentialEvolution,runtime_error,ValueError: probabilities do not sum to 1
qwen3.5-27b,1,79,MultiScaleGeometricSearch,unclassified_success,ok
qwen3.5-27b,1,80,AdaptiveDifferentialEvolutionWithMemoryRestart,runtime_error,timeout: exceeded 10s smoke-test budget
qwen3.5-27b,1,86,AdaptiveCooperativeDifferentialEvolution,runtime_error,NameError: name 'best_idx' is not defined
qwen3.5-27b,1,88,CooperativeMultiSwarmDifferentialEvolution,runtime_error,NameError: name 'global_best_x' is not defined
qwen3.5-27b,1,89,EnhancedDifferentialEvolutionWithMultiSwarm,runtime_error,NameError: name 'global_best_x' is not defined
qwen3.5-27b,1,90,CovarianceAdaptiveGlobalSearch,runtime_error,"ValueError: shapes (5,1) and (5,2) not aligned: 1 (dim 1) != 5 (dim 0)"
qwen3.5-27b,1,92,CooperativeAdaptiveDifferentialEvolution,runtime_error,ValueError: probabilities do not sum to 1
qwen3.5-27b,1,96,EnhancedDifferentialEvolutionWithMultiSwarm,import_violation,collections is currently not allowed to be imported in this framework.
qwen3.5-27b,1,97,EnhancedDifferentialEvolutionWithMultiSwarm,runtime_error,AttributeError: 'numpy.ndarray' object has no attribute 'append'
qwen3.5-27b,2,1,DifferentialEvolution,runtime_error,timeout: exceeded 10s smoke-test budget
qwen3.5-27b,2,6,SynergisticAdaptiveSearch,runtime_error,AttributeError: module 'numpy.random' has no attribute 'cauchy'
qwen3.5-27b,2,11,AdaptiveEvolutionaryOptimization,unclassified_success,ok
qwen3.5-27b,2,12,AdaptiveEvolutionaryOptimization,runtime_error,NameError: name 'MAX_HISTORY_SIZE' is not defined
qwen3.5-27b,2,23,AdaptiveEvolutionaryOptimization,unclassified_success,ok
qwen3.5-27b,2,27,ProgressiveAdaptiveDifferentialEvolution,interface_mismatch,__call__ failed: unsupported operand type(s) for /=: 'list' and 'float'
qwen3.5-27b,2,31,AdaptiveEvolutionaryOptimization,runtime_error,UnboundLocalError: cannot access local variable 'std_F' where it is not associated with a value
qwen3.5-27b,2,33,AdaptiveEvolutionaryOptimization,runtime_error,ValueError: too many values to unpack (expected 2)
qwen3.5-27b,2,38,AdaptiveDifferentialEvolutionHybrid,unclassified_success,ok
qwen3.5-27b,2,39,EnhancedAdaptiveDifferentialEvolution,unclassified_success,ok
qwen3.5-27b,2,46,LShadeAdaptiveDE,runtime_error,"ValueError: not enough values to unpack (expected 3, got 1)"
qwen3.5-27b,2,50,AdaptiveDifferentialEvolutionPlus,runtime_error,ValueError: probabilities do not sum to 1
qwen3.5-27b,2,52,AdaptiveDifferentialEvolutionPlus2,runtime_error,ValueError: a must be 1-dimensional
qwen3.5-27b,2,53,AdaptiveDifferentialEvolutionPlus,interface_mismatch,__call__ failed: cannot unpack non-iterable numpy.int64 object
qwen3.5-27b,2,55,RobustAdaptiveDifferentialEvolution,runtime_error,NameError: name 'dim' is not defined
qwen3.5-27b,2,58,QuantumAdaptiveParticleSwarm,runtime_error,AttributeError: 'QuantumAdaptiveParticleSwarm' object has no attribute 'evaluations_used'
qwen3.5-27b,2,62,EntropyRegularizedLevySwarm,runtime_error,AttributeError: module 'numpy' has no attribute 'math'
qwen3.5-27b,2,64,AdaptiveDEWithArchive,runtime_error,NameError: name 'dim' is not defined
qwen3.5-27b,2,65,AdaptiveDifferentialEvolutionPlus,import_violation,collections is currently not allowed to be imported in this framework.
qwen3.5-27b,2,66,AdaptiveDifferentialEvolutionPlus,runtime_error,AttributeError: module 'numpy.random' has no attribute 'cauchy'
qwen3.5-27b,2,69,AdaptiveDifferentialEvolutionPlus,unclassified_success,ok
qwen3.5-27b,2,76,EnhancedArchiveDifferentialEvolution,runtime_error,ValueError: probabilities contain NaN
qwen3.5-27b,2,79,RobustArchiveDifferentialEvolution,runtime_error,UnboundLocalError: cannot access local variable 'r1' where it is not associated with a value
qwen3.5-27b,2,80,AdaptiveLévyDifferentialEvolution,runtime_error,ValueError: probabilities do not sum to 1
qwen3.5-27b,2,82,AdaptiveArchiveDifferentialEvolution,runtime_error,ValueError: probabilities contain NaN
qwen3.5-27b,2,86,AdaptiveCauchyArchiveDE,runtime_error,ValueError: probabilities do not sum to 1
qwen3.5-27b,2,87,MultiArchiveEnhancedDE,runtime_error,NameError: name 'population' is not defined
qwen3.5-27b,2,88,AdaptiveCoordinateDescentWithMemory,unclassified_success,ok
qwen3.5-27b,2,90,AdaptiveCauchyLSHARedDE,runtime_error,AttributeError: module 'numpy.random' has no attribute 'cauchy'
qwen3.5-27b,2,91,AdaptiveDualModeDifferentialEvolution,runtime_error,ValueError: probabilities contain NaN
qwen3.5-27b,2,92,AdaptiveCauchyDifferentialEvolution,runtime_error,AttributeError: module 'numpy.random' has no attribute 'cauchy'
qwen3.5-27b,2,95,EnhancedAdaptiveDifferentialEvolution,code_generation,"'(' was never closed (<unknown>, line 216)"
qwen3.5-27b,2,96,OptimizedDifferentialEvolution,runtime_error,__init__ raised NameError: name 'population_size' is not defined
qwen3.5-27b,2,99,AdaptiveCovarianceEvolution,runtime_error,"ValueError: operands could not be broadcast together with shapes (2,) (2,4) "
qwen3.5-27b,3,2,AdaptiveClusterDifferentialSearch,code_generation,"expected 'else' after 'if' expression (<unknown>, line 180)"
qwen3.5-27b,3,7,HierarchicalScaleSearch,import_violation,"collections, collections, scipy.stats.qmc are currently not allowed to be imported in this framework."
qwen3.5-27b,3,10,MemoryAdaptiveDifferentialEvolution,runtime_error,ValueError: Cannot take a larger sample than population when 'replace=False'
qwen3.5-27b,3,11,HybridAdaptiveDifferentialSearch,interface_mismatch,__call__ failed: unsupported operand type(s) for /: 'list' and 'float'
qwen3.5-27b,3,12,AdaptiveMultiModeDifferentialSearch,runtime_error,ValueError: 'a' and 'p' must have same size
qwen3.5-27b,3,14,EnhancedAdaptiveDifferentialEvolution,runtime_error,__init__ raised NameError: name 'EnhancedAdaptiveDifferentialEvolution' is not defined
qwen3.5-27b,3,16,StagnationAwareAdaptiveDE,interface_mismatch,__call__ failed: StagnationAwareAdaptiveDE._generate_next_generation() got an unexpected keyword argument 'return_offspring'
qwen3.5-27b,3,17,AdaptiveStrategicEvolution,runtime_error,"ValueError: setting an array element with a sequence. The requested array has an inhomogeneous shape after 2 dimensions. The detected shape was (22, 2) + inhomogeneous part."
qwen3.5-27b,3,19,AdaptiveMultiStrategyDifferentialEvolution,interface_mismatch,__call__ failed: unsupported operand type(s) for -: 'float' and 'NoneType'
qwen3.5-27b,3,20,AdaptiveGaussianCoordinateSearch,interface_mismatch,__init__ failed: Cannot cast ufunc 'divide' output from dtype('float64') to dtype('int64') with casting rule 'same_kind'
qwen3.5-27b,3,21,AdaptiveHybridDifferentialSearch,runtime_error,AttributeError: 'AdaptiveHybridDifferentialSearch' object has no attribute 'use_opposition'
qwen3.5-27b,3,22,AdaptiveStrategicDifferentialEvolution,runtime_error,UnboundLocalError: cannot access local variable 'best_idx' where it is not associated with a value
qwen3.5-27b,3,24,AdaptiveJadedDifferentialSearch,runtime_error,UnboundLocalError: cannot access local variable 'r4' where it is not associated with a value
qwen3.5-27b,3,30,AdaptiveHybridDifferentialEvolution,runtime_error,AttributeError: module 'numpy.random' has no attribute 'cauchy'
qwen3.5-27b,3,31,RobustAdaptiveLevyDE,runtime_error,AttributeError: module 'numpy.random' has no attribute 'cauchy'
qwen3.5-27b,3,32,AdaptiveCauchyDifferentialEvolution,interface_mismatch,__call__ failed: unsupported operand type(s) for +: 'dict_values' and 'float'
qwen3.5-27b,3,40,EnhancedAdaptiveDifferentialEvolution,runtime_error,ValueError: probabilities do not sum to 1
qwen3.5-27b,3,43,BudgetAwareCovarianceEvolution,runtime_error,AttributeError: 'float' object has no attribute 'reshape'
qwen3.5-27b,3,45,AdaptiveCovarianceSearch,runtime_error,ValueError: The truth value of an array with more than one element is ambiguous. Use a.any() or a.all()
qwen3.5-27b,3,46,AdaptiveMultiStrategyDE,runtime_error,AttributeError: module 'numpy.random' has no attribute 'cauchy'
qwen3.5-27b,3,47,AdaptiveMemeticDifferentialEvolution,runtime_error,ValueError: probabilities do not sum to 1
qwen3.5-27b,3,48,EnhancedAdaptiveCauchyDifferentialEvolution,runtime_error,ValueError: Cannot take a larger sample than population when 'replace=False'
qwen3.5-27b,3,50,AdaptiveLShadeHybridDE,runtime_error,AttributeError: module 'numpy.random' has no attribute 'cauchy'
qwen3.5-27b,3,53,AdaptiveEnsembleDifferentialEvolution,unclassified_success,ok
qwen3.5-27b,3,57,JadeEnhancedAffineDE,import_violation,collections is currently not allowed to be imported in this framework.
qwen3.5-27b,3,58,AffineInvarianceRobustDE,runtime_error,AttributeError: module 'numpy.random' has no attribute 'cauchy'
qwen3.5-27b,3,60,AdaptiveMultiStrategyDE,unclassified_success,ok
qwen3.5-27b,3,63,AdaptiveCauchyDifferentialEvolution,runtime_error,ValueError: probabilities are not non-negative
qwen3.5-27b,3,65,MemeticAdaptiveLSDADE,interface_mismatch,__call__ failed: only integer scalar arrays can be converted to a scalar index
qwen3.5-27b,3,66,AdaptiveEnsembleDifferentialEvolution,interface_mismatch,__call__ failed: object of type 'int' has no len()
qwen3.5-27b,3,69,EnhancedDifferentialEvolution,runtime_error,ValueError: probabilities do not sum to 1
qwen3.5-27b,3,71,RobustAdaptiveDifferentialEvolution,runtime_error,ValueError: Cannot take a larger sample than population when 'replace=False'
qwen3.5-27b,3,72,HeterogeneousAdaptiveDifferentialEvolution,runtime_error,NameError: name 'p' is not defined
qwen3.5-27b,3,73,SynergyAdaptiveDifferentialEvolution,runtime_error,AttributeError: module 'numpy.random' has no attribute 'cauchy'
qwen3.5-27b,3,74,RobustAdaptiveCovarianceOptimizer,runtime_error,__init__ raised NameError: name 'mu_size' is not defined
qwen3.5-27b,3,78,EnsembleAdaptiveDifferentialEvolution,runtime_error,AttributeError: module 'numpy.random' has no attribute 'cauchy'
qwen3.5-27b,3,80,VarianceScaledJadeDE,runtime_error,AttributeError: module 'numpy.random' has no attribute 'cauchy'
qwen3.5-27b,3,82,AdaptiveCauchyDifferentialEvolution,runtime_error,AttributeError: 'AdaptiveCauchyDifferentialEvolution' object has no attribute 'dim'
qwen3.5-27b,3,83,AdaptiveMultiStrategyDifferentialEvolution,runtime_error,"ValueError: all the input array dimensions except for the concatenation axis must match exactly, but along dimension 1, the array at index 0 has size 2 and the array at index 1 has size 0"
qwen3.5-27b,3,86,EnhancedCauchyDifferentialEvolution,runtime_error,AttributeError: 'EnhancedCauchyDifferentialEvolution' object has no attribute 'stagnation_threshold'
qwen3.5-27b,3,87,RobustL_SHADE,runtime_error,ValueError: probabilities do not sum to 1
qwen3.5-27b,3,88,AffineRobustDifferentialEvolution,runtime_error,NameError: name '_sample_cauchy' is not defined
qwen3.5-27b,3,89,HeterogeneousAdaptiveDifferentialEvolution,runtime_error,__init__ raised NameError: name 'max_generations' is not defined
qwen3.5-27b,3,92,AdaptiveCauchyDifferentialEvolution,runtime_error,AttributeError: module 'numpy.random' has no attribute 'cauchy'
qwen3.5-27b,3,94,LShadeAdaptiveDifferentialEvolution,interface_mismatch,__call__ failed: can't multiply sequence by non-int of type 'float'
qwen3.5-27b,4,6,NovelHybridOptimizer,runtime_error,NameError: name 'budget' is not defined
qwen3.5-27b,4,8,AdaptiveMemoryDE,runtime_error,timeout: exceeded 10s smoke-test budget
qwen3.5-27b,4,11,LevyDiversityDE,runtime_error,NameError: name 'dim' is not defined
qwen3.5-27b,4,12,LHSCauchyDE,runtime_error,AttributeError: module 'numpy.random' has no attribute 'cauchy'
qwen3.5-27b,4,14,EnhancedHarmonicDE,import_violation,scipy.stats is currently not allowed to be imported in this framework.
qwen3.5-27b,4,15,HarmonicLévyDE,unclassified_success,ok
qwen3.5-27b,4,16,HarmonicDE_Lévy,runtime_error,ValueError: math domain error
qwen3.5-27b,4,17,LevyHarmonyDE,unclassified_success,ok
qwen3.5-27b,4,18,HarmonicDE,runtime_error,ValueError: probabilities contain NaN
qwen3.5-27b,4,19,HarmonicLevyDE,runtime_error,__init__ raised NameError: name 'budget_remaining' is not defined
qwen3.5-27b,4,20,LevyHarmonicDE,unclassified_success,ok
qwen3.5-27b,4,21,HarmonyLévyDE,unclassified_success,ok
qwen3.5-27b,4,22,QuantumHarmonyDE,runtime_error,AttributeError: module 'numpy' has no attribute 'gamma'
qwen3.5-27b,4,23,AdaptiveHarmonicDE,interface_mismatch,__call__ failed: 'NoneType' object is not callable
qwen3.5-27b,4,25,HarmonicLevyDE,code_generation,"invalid syntax (<unknown>, line 81)"
qwen3.5-27b,4,27,EnhancedHarmonicDE,runtime_error,NameError: name 'gamma' is not defined
qwen3.5-27b,4,28,AdaptiveLevyHarmonyDE,unclassified_success,ok
qwen3.5-27b,4,32,AdaptiveHarmonicLévyDE,runtime_error,ValueError: 'a' cannot be empty unless no samples are taken
qwen3.5-27b,4,33,ResonantHarmonicDE,runtime_error,AttributeError: 'ResonantHarmonicDE' object has no attribute 'ub'
qwen3.5-27b,4,35,AdaptiveHarmonicLévyDE,unclassified_success,ok
qwen3.5-27b,4,36,QuantumHarmonicDE,runtime_error,NameError: name 'budget' is not defined
qwen3.5-27b,4,37,HarmonicLévyDE,unclassified_success,ok
qwen3.5-27b,4,40,HarmonicResonanceDE,runtime_error,NameError: name 'alpha' is not defined
qwen3.5-27b,4,47,AdaptiveHarmonicDE,runtime_error,AttributeError: 'AdaptiveHarmonicDE' object has no attribute 'population'
qwen3.5-27b,4,48,SymbioticEvolutionaryOptimizer,runtime_error,NameError: name 'valid_pos' is not defined
qwen3.5-27b,4,50,HarmonicLévyDE,code_generation,"expected an indented block after 'else' statement on line 226 (<unknown>, line 230)"
qwen3.5-27b,4,51,SpectralResonantDE,unclassified_success,ok
qwen3.5-27b,4,52,EnhancedHarmonicLévyDE,runtime_error,ValueError: probabilities do not sum to 1
qwen3.5-27b,4,55,HarmonicAdaptiveDE,runtime_error,AttributeError: module 'numpy.random' has no attribute 'cauchy'
qwen3.5-27b,4,56,SpectralHarmonicDE,runtime_error,__init__ raised NameError: name 'pop_size' is not defined
qwen3.5-27b,4,58,HarmonicResonantDE,runtime_error,IndexError: list index out of range
qwen3.5-27b,4,62,QuantumResonantDE,unclassified_success,ok
qwen3.5-27b,4,63,HarmonicAdaptiveDE,runtime_error,AttributeError: module 'numpy.random' has no attribute 'cauchy'
qwen3.5-27b,4,68,FluxResonantDE,runtime_error,AttributeError: module 'numpy.random' has no attribute 'cauchy'
qwen3.5-27b,4,69,HarmonicArchiveMemeticDE,runtime_error,timeout: exceeded 10s smoke-test budget
qwen3.5-27b,4,72,HarmonicResonantDE,unclassified_success,ok
qwen3.5-27b,4,75,AdaptiveHarmonicDE,runtime_error,NameError: name 'func' is not defined
qwen3.5-27b,4,81,FluxHarmonicDE,import_violation,collections is currently not allowed to be imported in this framework.
qwen3.5-27b,4,82,AdaptiveHarmonicDE,runtime_error,ValueError: probabilities do not sum to 1
qwen3.5-27b,4,83,AdaptiveDistributionOptimizer,runtime_error,AttributeError: 'AdaptiveDistributionOptimizer' object has no attribute 'population'
qwen3.5-27b,4,87,SpectralResonantDE,import_violation,collections is currently not allowed to be imported in this framework.
qwen3.5-27b,4,88,LévyResonantDE,runtime_error,AttributeError: module 'numpy.random' has no attribute 'cauchy'
qwen3.5-27b,4,91,SpectralResonantDE,runtime_error,AttributeError: module 'numpy.random' has no attribute 'cauchy'
qwen3.5-27b,4,93,EnhancedSpectralResonantDE,runtime_error,ValueError: a must be 1-dimensional
qwen3.5-27b,4,98,SpectralResonantDE,runtime_error,AttributeError: module 'numpy.random' has no attribute 'cauchy'
rnj-1-8b,0,19,,code_generation,no class definition found
rnj-1-8b,0,20,,code_generation,no class definition found
rnj-1-8b,0,21,,code_generation,no class definition found
rnj-1-8b,0,22,,code_generation,no class definition found
rnj-1-8b,0,23,,code_generation,no class definition found
rnj-1-8b,0,24,,code_generation,no class definition found
rnj-1-8b,0,25,,code_generation,no class definition found
rnj-1-8b,0,26,,code_generation,no class definition found
rnj-1-8b,0,27,,code_generation,no class definition found
rnj-1-8b,0,28,,code_generation,no class definition found
rnj-1-8b,0,29,,code_generation,no class definition found
rnj-1-8b,0,30,,code_generation,no class definition found
rnj-1-8b,0,31,,code_generation,no class definition found
rnj-1-8b,0,32,,code_generation,no class definition found
rnj-1-8b,0,33,,code_generation,no class definition found
rnj-1-8b,0,34,,code_generation,no class definition found
rnj-1-8b,0,35,,code_generation,no class definition found
rnj-1-8b,0,36,,code_generation,no class definition found
rnj-1-8b,0,37,,code_generation,no class definition found
rnj-1-8b,0,38,,code_generation,no class definition found
rnj-1-8b,0,39,,code_generation,no class definition found
rnj-1-8b,0,40,,code_generation,no class definition found
rnj-1-8b,0,41,,code_generation,no class definition found
rnj-1-8b,0,42,,code_generation,no class definition found
rnj-1-8b,0,43,,code_generation,no class definition found
rnj-1-8b,0,44,,code_generation,no class definition found
rnj-1-8b,0,45,,code_generation,no class definition found
rnj-1-8b,0,46,,code_generation,no class definition found
rnj-1-8b,0,47,,code_generation,no class definition found
rnj-1-8b,0,48,,code_generation,no class definition found
rnj-1-8b,0,49,,code_generation,no class definition found
rnj-1-8b,0,50,,code_generation,no class definition found
rnj-1-8b,0,51,,code_generation,no class definition found
rnj-1-8b,0,52,,code_generation,no class definition found
rnj-1-8b,0,53,,code_generation,no class definition found
rnj-1-8b,0,54,,code_generation,no class definition found
rnj-1-8b,0,55,,code_generation,no class definition found
rnj-1-8b,0,56,,code_generation,no class definition found
rnj-1-8b,0,57,,code_generation,no class definition found
rnj-1-8b,0,58,,code_generation,no class definition found
rnj-1-8b,0,59,,code_generation,no class definition found
rnj-1-8b,0,60,,code_generation,no class definition found
rnj-1-8b,0,61,AdaptiveRandomSearch,runtime_error,ValueError: The truth value of an array with more than one element is ambiguous. Use a.any() or a.all()
rnj-1-8b,0,62,,code_generation,no class definition found
rnj-1-8b,0,63,,code_generation,no class definition found
rnj-1-8b,0,64,,code_generation,no class definition found
rnj-1-8b,0,65,,code_generation,no class definition found
rnj-1-8b,0,66,,code_generation,no class definition found
rnj-1-8b,0,67,,code_generation,no class definition found
rnj-1-8b,0,68,,code_generation,no class definition found
rnj-1-8b,0,69,,code_generation,no class definition found
rnj-1-8b,0,70,,code_generation,no class definition found
rnj-1-8b,0,71,,code_generation,no class definition found
rnj-1-8b,0,72,,code_generation,no class definition found
rnj-1-8b,0,73,AdaptiveRandomSearch,interface_mismatch,__call__ failed: '<' not supported between instances of 'float' and 'NoneType'
rnj-1-8b,0,74,,code_generation,no class definition found
rnj-1-8b,0,75,,code_generation,no class definition found
rnj-1-8b,0,76,,code_generation,no class definition found
rnj-1-8b,0,77,,code_generation,no class definition found
rnj-1-8b,0,78,,code_generation,no class definition found
rnj-1-8b,0,79,,code_generation,no class definition found
rnj-1-8b,0,80,,code_generation,no class definition found
rnj-1-8b,0,81,,code_generation,no class definition found
rnj-1-8b,0,82,,code_generation,no class definition found
rnj-1-8b,0,83,,code_generation,no class definition found
rnj-1-8b,0,84,,code_generation,no class definition found
rnj-1-8b,0,85,,code_generation,no class definition found
rnj-1-8b,0,86,,code_generation,no class definition found
rnj-1-8b,0,87,,code_generation,no class definition found
rnj-1-8b,0,88,,code_generation,no class definition found
rnj-1-8b,0,89,,code_generation,no class definition found
rnj-1-8b,0,90,,code_generation,no class definition found
rnj-1-8b,0,91,,code_generation,no class definition found
rnj-1-8b,0,92,,code_generation,no class definition found
rnj-1-8b,0,93,,code_generation,no class definition found
rnj-1-8b,0,94,,code_generation,no class definition found
rnj-1-8b,0,95,,code_generation,no class definition found
rnj-1-8b,0,96,,code_generation,no class definition found
rnj-1-8b,0,97,,code_generation,no class definition found
rnj-1-8b,0,98,,code_generation,no class definition found
rnj-1-8b,0,99,,code_generation,no class definition found
rnj-1-8b,2,20,,code_generation,no class definition found
rnj-1-8b,2,22,,code_generation,no class definition found
rnj-1-8b,2,30,,code_generation,no class definition found
rnj-1-8b,2,31,,code_generation,no class definition found
rnj-1-8b,2,32,,code_generation,no class definition found
rnj-1-8b,2,33,,code_generation,no class definition found
rnj-1-8b,2,34,,code_generation,no class definition found
rnj-1-8b,2,35,,code_generation,no class definition found
rnj-1-8b,2,36,,code_generation,no class definition found
rnj-1-8b,2,37,,code_generation,no class definition found
rnj-1-8b,2,38,,code_generation,no class definition found
rnj-1-8b,2,39,,code_generation,no class definition found
rnj-1-8b,2,40,,code_generation,no class definition found
rnj-1-8b,2,41,,code_generation,no class definition found
rnj-1-8b,2,42,,code_generation,no class definition found
rnj-1-8b,2,43,,code_generation,no class definition found
rnj-1-8b,2,44,,code_generation,no class definition found
rnj-1-8b,2,46,,code_generation,no class definition found
rnj-1-8b,2,47,,code_generation,no class definition found
rnj-1-8b,2,48,,code_generation,no class definition found
rnj-1-8b,2,49,,code_generation,no class definition found
rnj-1-8b,2,50,,code_generation,no class definition found
rnj-1-8b,2,51,,code_generation,no class definition found
rnj-1-8b,2,52,,code_generation,no class definition found
rnj-1-8b,2,53,,code_generation,no class definition found
rnj-1-8b,2,54,,code_generation,no class definition found
rnj-1-8b,2,55,,code_generation,no class definition found
rnj-1-8b,2,56,,code_generation,no class definition found
rnj-1-8b,2,57,,code_generation,no class definition found
rnj-1-8b,2,59,,code_generation,no class definition found
rnj-1-8b,2,60,,code_generation,no class definition found
rnj-1-8b,2,61,,code_generation,no class definition found
rnj-1-8b,2,62,,code_generation,no class definition found
rnj-1-8b,2,63,,code_generation,no class definition found
rnj-1-8b,2,64,,code_generation,no class definition found
rnj-1-8b,2,65,,code_generation,no class definition found
rnj-1-8b,2,66,,code_generation,no class definition found
rnj-1-8b,2,67,,code_generation,no class definition found
rnj-1-8b,2,68,,code_generation,no class definition found
rnj-1-8b,2,69,,code_generation,no class definition found
rnj-1-8b,2,70,,code_generation,no class definition found
rnj-1-8b,2,71,,code_generation,no class definition found
rnj-1-8b,2,73,,code_generation,no class definition found
rnj-1-8b,2,74,,code_generation,no class definition found
rnj-1-8b,2,75,,code_generation,no class definition found
rnj-1-8b,2,76,,code_generation,no class definition found
rnj-1-8b,2,77,,code_generation,no class definition found
rnj-1-8b,2,78,,code_generation,no class definition found
rnj-1-8b,2,79,,code_generation,no class definition found
rnj-1-8b,2,81,,code_generation,no class definition found
rnj-1-8b,2,82,,code_generation,no class definition found
rnj-1-8b,2,83,,code_generation,no class definition found
rnj-1-8b,2,84,,code_generation,no class definition found
rnj-1-8b,2,85,,code_generation,no class definition found
rnj-1-8b,2,86,,code_generation,no class definition found
rnj-1-8b,2,87,,code_generation,no class definition found
rnj-1-8b,2,88,,code_generation,no class definition found
rnj-1-8b,2,89,,code_generation,no class definition found
rnj-1-8b,2,90,,code_generation,no class definition found
rnj-1-8b,2,91,,code_generation,no class definition found
rnj-1-8b,2,92,,code_generation,no class definition found
rnj-1-8b,2,93,,code_generation,no class definition found
rnj-1-8b,2,94,,code_generation,no class definition found
rnj-1-8b,2,95,,code_generation,no class definition found
rnj-1-8b,2,96,,code_generation,no class definition found
rnj-1-8b,2,97,,code_generation,no class definition found
rnj-1-8b,2,98,,code_generation,no class definition found
rnj-1-8b,2,99,,code_generation,no class definition found
rnj-1-8b,4,22,AdaptiveRandomSearch,runtime_error,AttributeError: 'AdaptiveRandomSearch' object has no attribute 'f_robustness'
rnj-1-8b,4,30,,code_generation,no class definition found
rnj-1-8b,4,33,,code_generation,no class definition found
rnj-1-8b,4,37,,code_generation,no class definition found
rnj-1-8b,4,39,AdaptiveRandomSearch,runtime_error,AttributeError: 'AdaptiveRandomSearch' object has no attribute 'budget'
rnj-1-8b,4,43,AdaptiveRandomSearch,interface_mismatch,__call__ failed: can't multiply sequence by non-int of type 'float'
rnj-1-8b,4,44,AdaptiveRandomSearch,runtime_error,AttributeError: 'AdaptiveRandomSearch' object has no attribute 'budget'
rnj-1-8b,4,47,,code_generation,no class definition found
rnj-1-8b,4,49,,code_generation,no class definition found
rnj-1-8b,4,57,,code_generation,no class definition found
rnj-1-8b,4,59,AdaptiveRandomSearch,runtime_error,"ValueError: operands could not be broadcast together with shapes (2,) (3,) "
rnj-1-8b,4,60,AdaptiveRandomSearch,runtime_error,AttributeError: 'AdaptiveRandomSearch' object has no attribute 'budget'
rnj-1-8b,4,64,AdaptiveRandomSearch,runtime_error,AttributeError: 'AdaptiveRandomSearch' object has no attribute 'budget'
rnj-1-8b,4,71,AdaptiveRandomSearch,runtime_error,AttributeError: 'AdaptiveRandomSearch' object has no attribute 'budget'
rnj-1-8b,4,72,,code_generation,no class definition found
rnj-1-8b,4,73,,code_generation,no class definition found
rnj-1-8b,4,82,AdaptiveRandomSearch,runtime_error,AttributeError: 'AdaptiveRandomSearch' object has no attribute 'budget'
rnj-1-8b,4,84,AdaptiveRandomSearch,runtime_error,AttributeError: 'AdaptiveRandomSearch' object has no attribute 'budget'
rnj-1-8b,4,89,,code_generation,no class definition found
rnj-1-8b,4,90,AdaptiveRandomSearch,interface_mismatch,__call__ failed: can't multiply sequence by non-int of type 'float'
rnj-1-8b,4,91,,code_generation,no class definition found
rnj-1-8b,4,93,,code_generation,no class definition found
rnj-1-8b,4,94,,code_generation,no class definition found
rnj-1-8b,4,95,,code_generation,no class definition found
devstral-small-2-24b,0,3,ADE_LS,runtime_error,NameError: name 'budget' is not defined
devstral-small-2-24b,0,4,ADE_LS,runtime_error,NameError: name 'budget' is not defined
devstral-small-2-24b,0,8,ADE_LS,runtime_error,IndexError: index 20 is out of bounds for axis 0 with size 20
devstral-small-2-24b,0,12,ADE_LS,runtime_error,NameError: name 'budget' is not defined
devstral-small-2-24b,0,17,ADE_LS,runtime_error,NameError: name 'budget' is not defined
devstral-small-2-24b,0,20,ADE_LS,runtime_error,NameError: name 'budget' is not defined
devstral-small-2-24b,0,21,ADE_LS,unclassified_success,ok
devstral-small-2-24b,0,22,ADE_LS,unclassified_success,ok
devstral-small-2-24b,0,23,ADE_LS,runtime_error,NameError: name 'budget' is not defined
devstral-small-2-24b,0,27,ADE_LS,runtime_error,ValueError: scale < 0
devstral-small-2-24b,0,29,ADE_LS_DPM,unclassified_success,ok
devstral-small-2-24b,0,33,ADE_LS_Enhanced,import_violation,collections is currently not allowed to be imported in this framework.
devstral-small-2-24b,0,34,ADE_LS_Enhanced,import_violation,collections is currently not allowed to be imported in this framework.
devstral-small-2-24b,0,35,ADE_LS_Enhanced,import_violation,collections is currently not allowed to be imported in this framework.
devstral-small-2-24b,0,38,ADE_LS_Enhanced,import_violation,collections is currently not allowed to be imported in this framework.
devstral-small-2-24b,0,39,ADE_LS_Enhanced,import_violation,collections is currently not allowed to be imported in this framework.
devstral-small-2-24b,0,41,ADE_LS_Enhanced,import_violation,collections is currently not allowed to be imported in this framework.
devstral-small-2-24b,0,42,ADE_LS_Enhanced,code_generation,"closing parenthesis ')' does not match opening parenthesis '[' (<unknown>, line 54)"
devstral-small-2-24b,0,43,ADE_LS_Enhanced,code_generation,"closing parenthesis ')' does not match opening parenthesis '[' (<unknown>, line 53)"
devstral-small-2-24b,0,46,ADE_LS_Enhanced,import_violation,collections is currently not allowed to be imported in this framework.
devstral-small-2-24b,0,47,ADE_LS,import_violation,collections is currently not allowed to be imported in this framework.
devstral-small-2-24b,0,49,ADE_LS,import_violation,collections is currently not allowed to be imported in this framework.
devstral-small-2-24b,0,52,ADE_LS,import_violation,collections is currently not allowed to be imported in this framework.
devstral-small-2-24b,0,53,ADE_LS_Enhanced,import_violation,collections is currently not allowed to be imported in this framework.
devstral-small-2-24b,0,55,ADE_LS_Enhanced,code_generation,"closing parenthesis ')' does not match opening parenthesis '[' (<unknown>, line 53)"
devstral-small-2-24b,0,56,AMS_DLR,import_violation,scipy.stats is currently not allowed to be imported in this framework.
devstral-small-2-24b,0,57,ADE_LS_Enhanced,import_violation,scipy.spatial.distance is currently not allowed to be imported in this framework.
devstral-small-2-24b,0,59,ADE_LS_Enhanced,import_violation,collections is currently not allowed to be imported in this framework.
devstral-small-2-24b,0,60,ADE_LS_Enhanced,import_violation,collections is currently not allowed to be imported in this framework.
devstral-small-2-24b,0,62,ADE_LS,import_violation,collections is currently not allowed to be imported in this framework.
devstral-small-2-24b,0,63,ADE_LS,import_violation,collections is currently not allowed to be imported in this framework.
devstral-small-2-24b,0,65,AMSE_DLR,unclassified_success,ok
devstral-small-2-24b,0,67,ADE_LS,import_violation,collections is currently not allowed to be imported in this framework.
devstral-small-2-24b,0,70,ADE_LS_Enhanced,import_violation,scipy.stats is currently not allowed to be imported in this framework.
devstral-small-2-24b,0,72,ADE_LS_Enhanced,import_violation,collections is currently not allowed to be imported in this framework.
devstral-small-2-24b,0,73,ADE_LS_Enhanced,import_violation,collections is currently not allowed to be imported in this framework.
devstral-small-2-24b,0,75,ADE_LS,import_violation,collections is currently not allowed to be imported in this framework.
devstral-small-2-24b,0,76,ADE_LS_Enhanced,import_violation,collections is currently not allowed to be imported in this framework.
devstral-small-2-24b,0,78,AMS_EvoDLR,import_violation,"collections, scipy.stats are currently not allowed to be imported in this framework."
devstral-small-2-24b,0,79,ADE_LS_Enhanced,import_violation,collections is currently not allowed to be imported in this framework.
devstral-small-2-24b,0,81,AMS_DLR,import_violation,scipy.stats is currently not allowed to be imported in this framework.
devstral-small-2-24b,0,83,ADE_LS,import_violation,collections is currently not allowed to be imported in this framework.
devstral-small-2-24b,0,88,ADE_LS,import_violation,collections is currently not allowed to be imported in this framework.
devstral-small-2-24b,0,89,AMS_DLR,import_violation,scipy.stats is currently not allowed to be imported in this framework.
devstral-small-2-24b,0,90,ADE_LS,import_violation,collections is currently not allowed to be imported in this framework.
devstral-small-2-24b,0,91,ADE_LS_Enhanced,import_violation,collections is currently not allowed to be imported in this framework.
devstral-small-2-24b,0,95,ADE_LS_Enhanced,import_violation,collections is currently not allowed to be imported in this framework.
devstral-small-2-24b,0,97,ADE_LS_Enhanced,import_violation,collections is currently not allowed to be imported in this framework.
devstral-small-2-24b,0,98,AMSE_DLR,import_violation,scipy.stats is currently not allowed to be imported in this framework.
devstral-small-2-24b,0,99,ADE_LS,import_violation,collections is currently not allowed to be imported in this framework.
devstral-small-2-24b,1,25,QEA_ATLS,runtime_error,AxisError: axis 1 is out of bounds for array of dimension 1
devstral-small-2-24b,1,26,QEA_ATLR,import_violation,scipy.special is currently not allowed to be imported in this framework.
devstral-small-2-24b,1,31,QIPSO_ALS,runtime_error,"ValueError: could not broadcast input array from shape (30,2) into shape (2,)"
devstral-small-2-24b,1,41,AMEDE_DE_plus,unclassified_success,ok
devstral-small-2-24b,1,48,QIEAM,runtime_error,"ValueError: operands could not be broadcast together with shapes (30,) (2,) "
devstral-small-2-24b,1,53,QEA_ATLR,import_violation,scipy.special is currently not allowed to be imported in this framework.
devstral-small-2-24b,1,56,QIPSO_ATLS,unclassified_success,ok
devstral-small-2-24b,1,98,AMEDE_DE_plus,unclassified_success,ok
devstral-small-2-24b,1,99,AMEDE_DE_plus,unclassified_success,ok
devstral-small-2-24b,2,1,ARSLE,runtime_error,ValueError: a must be 1-dimensional
devstral-small-2-24b,2,5,ARS_MLRE,runtime_error,"ValueError: setting an array element with a sequence. The requested array has an inhomogeneous shape after 2 dimensions. The detected shape was (10, 2) + inhomogeneous part."
devstral-small-2-24b,2,6,ARS_MLRE,runtime_error,"ValueError: setting an array element with a sequence. The requested array has an inhomogeneous shape after 2 dimensions. The detected shape was (10, 2) + inhomogeneous part."
devstral-small-2-24b,2,7,ARS_MLR_DBA,runtime_error,"ValueError: setting an array element with a sequence. The requested array has an inhomogeneous shape after 2 dimensions. The detected shape was (1, 2) + inhomogeneous part."
devstral-small-2-24b,2,8,ARS_MLR_DBA,runtime_error,"ValueError: setting an array element with a sequence. The requested array has an inhomogeneous shape after 2 dimensions. The detected shape was (3, 2) + inhomogeneous part."
devstral-small-2-24b,2,9,ARS_MLR_DBA,runtime_error,"ValueError: setting an array element with a sequence. The requested array has an inhomogeneous shape after 2 dimensions. The detected shape was (1, 2) + inhomogeneous part."
devstral-small-2-24b,2,21,AMEDE_DBA_GALS_PDP,import_violation,scipy.stats is currently not allowed to be imported in this framework.
devstral-small-2-24b,2,22,AMEDE_DBA_GALS_PDP,import_violation,scipy.stats is currently not allowed to be imported in this framework.
devstral-small-2-24b,2,23,AMEDE_DBA_GALS_PDP,import_violation,scipy.stats is currently not allowed to be imported in this framework.
devstral-small-2-24b,2,24,QIEA_EBE,import_violation,scipy.stats is currently not allowed to be imported in this framework.
devstral-small-2-24b,2,29,QIPSO_EBM,import_violation,scipy.stats is currently not allowed to be imported in this framework.
devstral-small-2-24b,2,30,AMEDE_DBA_GALS_PDP,import_violation,scipy.stats is currently not allowed to be imported in this framework.
devstral-small-2-24b,2,45,AMEDE_DBA_GALS_PDP,import_violation,scipy.stats is currently not allowed to be imported in this framework.
devstral-small-2-24b,2,47,AMEDE_DBA_GALS_PDP,import_violation,scipy.stats is currently not allowed to be imported in this framework.
devstral-small-2-24b,2,48,AMEDE_DBA_GALS_PDP,import_violation,scipy.stats is currently not allowed to be imported in this framework.
devstral-small-2-24b,2,50,AMEDE_DBA_GALS_DPP,import_violation,scipy.stats is currently not allowed to be imported in this framework.
devstral-small-2-24b,2,51,AMEDE_DBA_GALS_MFS,import_violation,scipy.stats is currently not allowed to be imported in this framework.
devstral-small-2-24b,2,53,AMEDE_DBA_GALS_PDP,import_violation,scipy.stats is currently not allowed to be imported in this framework.
devstral-small-2-24b,2,54,AMEDE_DBA_GALS_PDP,import_violation,scipy.stats is currently not allowed to be imported in this framework.
devstral-small-2-24b,2,55,QIEA_EBE,import_violation,scipy.stats is currently not allowed to be imported in this framework.
devstral-small-2-24b,2,56,QIPSO_EBE,import_violation,scipy.stats is currently not allowed to be imported in this framework.
devstral-small-2-24b,2,58,QEA_EBE,import_violation,scipy.special is currently not allowed to be imported in this framework.
devstral-small-2-24b,2,59,AMEDE_DBA_GALS_PDP,import_violation,scipy.stats is currently not allowed to be imported in this framework.
devstral-small-2-24b,2,60,AMEDE_DBA_GALS_PDP,import_violation,scipy.stats is currently not allowed to be imported in this framework.
devstral-small-2-24b,2,61,AMEDE_DBA_GALS_PDP,import_violation,scipy.stats is currently not allowed to be imported in this framework.
devstral-small-2-24b,2,62,QIPSO_EBE,import_violation,scipy.spatial.distance is currently not allowed to be imported in this framework.
devstral-small-2-24b,2,64,AMEDE_DBA_GALS_DPP,import_violation,scipy.stats is currently not allowed to be imported in this framework.
devstral-small-2-24b,2,67,AMEDE_DBA_GALS_DPP,import_violation,scipy.stats is currently not allowed to be imported in this framework.
devstral-small-2-24b,2,71,AMEDE_DBA_GALS_DPP,import_violation,scipy.stats is currently not allowed to be imported in this framework.
devstral-small-2-24b,2,73,AMEDE_DBA_GALS_PDP,import_violation,scipy.stats is currently not allowed to be imported in this framework.
devstral-small-2-24b,2,77,AMEDE_DBA_GALS_DPP,code_generation,"invalid syntax (<unknown>, line 145)"
devstral-small-2-24b,2,79,AMEDE_DBA_GALS_MFE,import_violation,scipy.stats is currently not allowed to be imported in this framework.
devstral-small-2-24b,2,81,QIEA_EBE,import_violation,scipy.stats is currently not allowed to be imported in this framework.
devstral-small-2-24b,2,86,AMEDE_DBA_GALS_PDP,import_violation,scipy.stats is currently not allowed to be imported in this framework.
devstral-small-2-24b,2,87,AMEDE_DBA_GALS_PDP,import_violation,scipy.stats is currently not allowed to be imported in this framework.
devstral-small-2-24b,2,89,AMEDE_DBA_GALS_DPP,import_violation,scipy.stats is currently not allowed to be imported in this framework.
devstral-small-2-24b,2,91,AMEDE_DBA_GALS_DPP,import_violation,scipy.stats is currently not allowed to be imported in this framework.
devstral-small-2-24b,2,93,AMEDE_DBA_GALS_DPP,import_violation,scipy.stats is currently not allowed to be imported in this framework.
devstral-small-2-24b,2,94,AMEDE_DBA_GALS_DPP,import_violation,scipy.stats is currently not allowed to be imported in this framework.
devstral-small-2-24b,2,98,AMEDE_GGLS_DPM,import_violation,scipy.stats is currently not allowed to be imported in this framework.
devstral-small-2-24b,3,2,ARS_MAE,unclassified_success,ok
devstral-small-2-24b,3,4,ARS_MAE,runtime_error,"ValueError: setting an array element with a sequence. The requested array has an inhomogeneous shape after 2 dimensions. The detected shape was (5, 2) + inhomogeneous part."
devstral-small-2-24b,3,5,MS_GFO,runtime_error,IndexError: invalid index to scalar variable.
devstral-small-2-24b,3,8,AMRS_M_DBA,import_violation,scipy.spatial.distance is currently not allowed to be imported in this framework.
devstral-small-2-24b,3,9,AMRS_MDBA,import_violation,scipy.spatial.distance is currently not allowed to be imported in this framework.
devstral-small-2-24b,3,10,AMRS_MDBA,runtime_error,timeout: exceeded 10s smoke-test budget
devstral-small-2-24b,3,11,AMRS_MDBA,import_violation,scipy.spatial.distance is currently not allowed to be imported in this framework.
devstral-small-2-24b,3,12,AMRS_MDBA,import_violation,scipy.spatial.distance is currently not allowed to be imported in this framework.
devstral-small-2-24b,3,13,AMRS_MDBA,import_violation,scipy.spatial.distance is currently not allowed to be imported in this framework.
devstral-small-2-24b,3,14,AMRS_M_DBA,import_violation,scipy.spatial.distance is currently not allowed to be imported in this framework.
devstral-small-2-24b,3,15,AMRS_MDBA,runtime_error,timeout: exceeded 10s smoke-test budget
devstral-small-2-24b,3,17,AMRS_MDBA,import_violation,scipy.spatial.distance is currently not allowed to be imported in this framework.
devstral-small-2-24b,3,18,AMRS_MDBA,import_violation,scipy.spatial.distance is currently not allowed to be imported in this framework.
devstral-small-2-24b,3,19,AMRS_MDBA,import_violation,scipy.spatial.distance is currently not allowed to be imported in this framework.
devstral-small-2-24b,3,20,AMRS_MDBA,import_violation,scipy.spatial.distance is currently not allowed to be imported in this framework.
devstral-small-2-24b,3,21,AMRS_MDBA,import_violation,scipy.spatial.distance is currently not allowed to be imported in this framework.
devstral-small-2-24b,3,30,AMRS_MDBA_Enhanced,runtime_error,NameError: name 'func' is not defined
devstral-small-2-24b,3,33,QADE_Optimizer,runtime_error,ValueError: The truth value of an array with more than one element is ambiguous. Use a.any() or a.all()
devstral-small-2-24b,3,35,AMRS_MDBA_Enhanced,unclassified_success,ok
devstral-small-2-24b,3,58,QMBO_ASE,import_violation,scipy.stats is currently not allowed to be imported in this framework.
devstral-small-2-24b,3,59,QIMS_BOAE,import_violation,scipy.stats is currently not allowed to be imported in this framework.
devstral-small-2-24b,3,80,QIMS_BOAE,import_violation,scipy.stats is currently not allowed to be imported in this framework.
devstral-small-2-24b,3,94,QIMS_BOAE,import_violation,scipy.stats is currently not allowed to be imported in this framework.
devstral-small-2-24b,4,4,ARSMaleDBA,runtime_error,ValueError: The truth value of an array with more than one element is ambiguous. Use a.any() or a.all()
devstral-small-2-24b,4,5,ARSMaleDBA,runtime_error,ValueError: 'p' must be 1-dimensional
devstral-small-2-24b,4,6,ARSMaleDBA,runtime_error,ValueError: probabilities are not non-negative
devstral-small-2-24b,4,7,ARSMaleDBA,runtime_error,AttributeError: 'ARSMaleDBA' object has no attribute 'f_opt_history'
devstral-small-2-24b,4,8,ARSMaleDBA,runtime_error,AttributeError: 'ARSMaleDBA' object has no attribute 'f_opt_history'
devstral-small-2-24b,4,9,ARSMaleDBA,runtime_error,AttributeError: 'ARSMaleDBA' object has no attribute 'f_opt_history'
devstral-small-2-24b,4,11,ARSMaleDBA,runtime_error,AttributeError: 'ARSMaleDBA' object has no attribute 'f_opt_history'
devstral-small-2-24b,4,12,ARSMaleDBA,runtime_error,ValueError: The truth value of an array with more than one element is ambiguous. Use a.any() or a.all()
devstral-small-2-24b,4,13,ARSMaleDBA,runtime_error,AttributeError: 'ARSMaleDBA' object has no attribute 'f_opt_history'
devstral-small-2-24b,4,14,ARSMaleDBA,runtime_error,AttributeError: 'ARSMaleDBA' object has no attribute 'f_opt_history'
devstral-small-2-24b,4,15,ARSMaleDBA,runtime_error,AttributeError: 'ARSMaleDBA' object has no attribute 'f_opt_history'
devstral-small-2-24b,4,16,ARSMaleDBA,runtime_error,AttributeError: 'ARSMaleDBA' object has no attribute 'f_opt_history'
devstral-small-2-24b,4,18,ARSMaleDBA,runtime_error,NameError: name 'softmax' is not defined
devstral-small-2-24b,4,19,ARSMaleDBA,runtime_error,AttributeError: 'ARSMaleDBA' object has no attribute 'f_opt_history'
devstral-small-2-24b,4,20,AQIPSO,runtime_error,"ValueError: could not broadcast input array from shape (2,2) into shape (2,)"
devstral-small-2-24b,4,21,AMSGE,runtime_error,NameError: name 'num_scales' is not defined
devstral-small-2-24b,4,22,ARSMaleDBA,runtime_error,ValueError: The truth value of an array with more than one element is ambiguous. Use a.any() or a.all()
devstral-small-2-24b,4,23,ARSMaleDBA,runtime_error,ValueError: 'p' must be 1-dimensional
devstral-small-2-24b,4,24,ARSMaleDBA,runtime_error,ValueError: probabilities are not non-negative
devstral-small-2-24b,4,25,ARSMaleDBA,runtime_error,ValueError: 'p' must be 1-dimensional
devstral-small-2-24b,4,26,ARSMaleDBA,runtime_error,ValueError: 'p' must be 1-dimensional
devstral-small-2-24b,4,27,ARSMaleDBA,runtime_error,ValueError: probabilities are not non-negative
devstral-small-2-24b,4,28,ARSMaleDBA,runtime_error,ValueError: probabilities are not non-negative
devstral-small-2-24b,4,31,ARSMaleDBA,runtime_error,ValueError: 'a' and 'p' must have same size
devstral-small-2-24b,4,32,ARSMaleDBA,runtime_error,AttributeError: 'ARSMaleDBA' object has no attribute 'f_opt_history'
devstral-small-2-24b,4,34,ARSMaleDBA,runtime_error,ValueError: The truth value of an array with more than one element is ambiguous. Use a.any() or a.all()
devstral-small-2-24b,4,35,ARSMaleDBA,runtime_error,ValueError: 'p' must be 1-dimensional
devstral-small-2-24b,4,36,ARSMaleDBA,runtime_error,ValueError: 'a' and 'p' must have same size
devstral-small-2-24b,4,38,ARSMaleDBA,runtime_error,ValueError: 'p' must be 1-dimensional
devstral-small-2-24b,4,39,ARSMaleDBA,runtime_error,ValueError: probabilities are not non-negative
devstral-small-2-24b,4,40,ARSMaleDBA,runtime_error,AttributeError: 'ARSMaleDBA' object has no attribute 'f_opt_history'
devstral-small-2-24b,4,41,ARSMaleDBA,runtime_error,ValueError: probabilities are not non-negative
devstral-small-2-24b,4,42,ARSMaleDBA,runtime_error,NameError: name 'func' is not defined
devstral-small-2-24b,4,51,ARSMaleDBA_GAS,unclassified_success,ok
devstral-small-2-24b,4,53,ARSMaleDBA_GAS_MF,runtime_error,ValueError: probabilities do not sum to 1
devstral-small-2-24b,4,56,ARSMaleDBA_GAS_PBL,import_violation,scipy.stats is currently not allowed to be imported in this framework.
devstral-small-2-24b,4,57,QIBO_AE,import_violation,scipy.stats is currently not allowed to be imported in this framework.
devstral-small-2-24b,4,58,ARSMaleDBA_GAS_MF,interface_mismatch,"__call__ failed: __call__(): incompatible function arguments. The following argument types are supported:
    1. (self: ioh.iohcpp.problem.RealSingleObjective, arg0: List[float]) -> float
    2. (self: ioh.iohcpp.problem.RealSingleObjective, arg0: List[List[float]]) -> List[float]

Invoked with: <RealSingleObjectiveProblem 11. Discus (iid=1 dim=2)>, array([-4.99109761,  0.39996272]), 0"
devstral-small-2-24b,4,61,AMPES_GEM_DBA,import_violation,"scipy.stats, scipy.stats are currently not allowed to be imported in this framework."
devstral-small-2-24b,4,62,AMES_GGLS_DPD,import_violation,scipy.stats is currently not allowed to be imported in this framework.
devstral-small-2-24b,4,72,QDE_AMALS,runtime_error,ValueError: The truth value of an array with more than one element is ambiguous. Use a.any() or a.all()
olmo3-7b,0,1,,code_generation,no class definition found
olmo3-7b,0,4,AdaptiveRestartSearch,unclassified_success,ok
olmo3-7b,0,9,AdaptiveExplorationSearch,unclassified_success,ok
olmo3-7b,0,15,AdaptiveRandomPerturbationSearch,runtime_error,AttributeError: 'AdaptiveRandomPerturbationSearch' object has no attribute 'non_improvement_threshold'
olmo3-7b,0,17,EnhancedPerturbationSearch,interface_mismatch,__call__ failed: only integer scalar arrays can be converted to a scalar index
olmo3-7b,0,18,AdaptiveStagnationEscape,runtime_error,AttributeError: 'AdaptiveStagnationEscape' object has no attribute 'stuck_threshold'
olmo3-7b,0,20,AdaptiveDynamicStepSearchEnhanced,runtime_error,AttributeError: 'AdaptiveDynamicStepSearchEnhanced' object has no attribute 'stuck_threshold'
olmo3-7b,0,23,Region,runtime_error,__init__ raised NameError: name 'Region' is not defined
olmo3-7b,0,31,AdaptivePopulationSearch,runtime_error,ValueError: a must be 1-dimensional
olmo3-7b,0,36,AdaptivePopulationSearch,runtime_error,ValueError: a must be 1-dimensional
olmo3-7b,0,39,AdaptiveStochasticStepSearch,interface_mismatch,__call__ failed: unsupported operand type(s) for +: 'NoneType' and 'float'
olmo3-7b,0,43,AdaptiveDirectedPerturbationSearch,interface_mismatch,__call__ failed: unsupported operand type(s) for +: 'NoneType' and 'float'
olmo3-7b,0,47,,code_generation,no class definition found
olmo3-7b,0,53,DynamicEscapeSearch,interface_mismatch,__call__ failed: unsupported operand type(s) for +: 'NoneType' and 'float'
olmo3-7b,0,54,AdaptiveStepRefinementSearch,unclassified_success,ok
olmo3-7b,0,55,DynamicStepSearchEnhancer_v2,interface_mismatch,__call__ failed: unsupported operand type(s) for +: 'NoneType' and 'float'
olmo3-7b,0,61,DynamicTemperatureSearch,runtime_error,AttributeError: 'DynamicTemperatureSearch' object has no attribute 'initial_T'
olmo3-7b,0,62,AdaptiveDynamicStepSearch_v3,runtime_error,AttributeError: 'AdaptiveDynamicStepSearch_v3' object has no attribute 'stagnation_threshold'
olmo3-7b,0,63,EnhancedStepSearch_v2,runtime_error,NameError: name 'new_best_cooling_steps' is not defined
olmo3-7b,0,71,EnhancedAdaptiveStepSearch_v3,unclassified_success,ok
olmo3-7b,0,72,AdaptiveRandomStepSearch_v2,interface_mismatch,__call__ failed: unsupported operand type(s) for +: 'NoneType' and 'float'
olmo3-7b,0,85,AdaptiveStepCoolingSearch,interface_mismatch,__call__ failed: unsupported operand type(s) for +: 'NoneType' and 'float'
olmo3-7b,0,92,AdaptiveExplorationSearch,interface_mismatch,__call__ failed: unsupported operand type(s) for +: 'NoneType' and 'float'
olmo3-7b,0,96,,code_generation,no class definition found
olmo3-7b,1,8,AdaptivePopulationPerturbationSearch,unclassified_success,ok
olmo3-7b,1,11,PopulationBasedDirectionalSearch,runtime_error,ValueError: The truth value of an array with more than one element is ambiguous. Use a.any() or a.all()
olmo3-7b,1,17,AdaptivePopulationSearch,unclassified_success,ok
olmo3-7b,1,26,AdaptiveDirectionalRandomWalk,runtime_error,NameError: name 'self_restart_interval' is not defined
olmo3-7b,1,29,AdaptivePopulationRandomWalk,runtime_error,ValueError: a must be 1-dimensional
olmo3-7b,1,31,,code_generation,no class definition found
olmo3-7b,1,37,SimulatedAnnealingOptimization,interface_mismatch,__call__ failed: unsupported operand type(s) for -: 'list' and 'list'
olmo3-7b,1,43,DifferentialEvolution,interface_mismatch,__call__ failed: only integer scalar arrays can be converted to a scalar index
olmo3-7b,1,44,EnhancedPopulationBasedOptimization,runtime_error,"ValueError: setting an array element with a sequence. The requested array has an inhomogeneous shape after 2 dimensions. The detected shape was (3, 2) + inhomogeneous part."
olmo3-7b,1,49,AdaptiveDirectionalRoulette,runtime_error,ValueError: max() iterable argument is empty
olmo3-7b,1,56,FocusedDirectionalExplorationOptimization,runtime_error,NameError: name 'p' is not defined
olmo3-7b,1,58,ClusteringGuidedExplorationOptimization,runtime_error,ValueError: a must be 1-dimensional
olmo3-7b,1,83,ClusteringBasedOptimization,import_violation,"scipy.cluster.vq, scipy.cluster.vq are currently not allowed to be imported in this framework."
olmo3-7b,2,2,EnhancedPopulationSearch,interface_mismatch,__call__ failed: cannot unpack non-iterable numpy.float64 object
olmo3-7b,2,27,BalancedExplorationSearch,runtime_error,ValueError: The truth value of an array with more than one element is ambiguous. Use a.any() or a.all()
olmo3-7b,2,29,,code_generation,no class definition found
olmo3-7b,2,31,AdaptivePerturbationSearch,runtime_error,ValueError: The truth value of an array with more than one element is ambiguous. Use a.any() or a.all()
olmo3-7b,2,32,AdaptiveTargetedPerturbationSearch,runtime_error,AttributeError: 'AdaptiveTargetedPerturbationSearch' object has no attribute 'p_random'
olmo3-7b,2,33,DirectedPerturbationSearch,runtime_error,"ValueError: setting an array element with a sequence. The requested array has an inhomogeneous shape after 2 dimensions. The detected shape was (10, 2) + inhomogeneous part."
olmo3-7b,2,40,AdaptiveDiversePerturbationSearch,interface_mismatch,__call__ failed: 'int' object is not subscriptable
olmo3-7b,2,41,EnhancedDiversePerturbationSearch,interface_mismatch,__call__ failed: 'int' object is not subscriptable
olmo3-7b,2,44,DirectedPerturbationSearch,runtime_error,AttributeError: 'DirectedPerturbationSearch' object has no attribute 'p_perturb_random'
olmo3-7b,2,46,AdaptiveLocalSearch,interface_mismatch,__call__ failed: 'int' object does not support item assignment
olmo3-7b,2,47,DPS,interface_mismatch,__call__ failed: 'int' object is not subscriptable
olmo3-7b,2,53,AdaptiveDirectionalPerturbationSearch,runtime_error,AttributeError: 'AdaptiveDirectionalPerturbationSearch' object has no attribute 'p_perturb_random'
olmo3-7b,2,56,BestGuidedPerturbationSearch,interface_mismatch,__call__ failed: 'int' object is not subscriptable
olmo3-7b,2,60,EnhancedDiverseSearch,interface_mismatch,__call__ failed: 'int' object is not subscriptable
olmo3-7b,2,64,AdaptivePerturbationSearch,interface_mismatch,__call__ failed: 'int' object is not subscriptable
olmo3-7b,2,66,HybridRecombineSearch,runtime_error,ValueError: a must be 1-dimensional
olmo3-7b,2,72,,code_generation,no class definition found
olmo3-7b,2,74,EnhancedDiverseSearch,runtime_error,AttributeError: 'EnhancedDiverseSearch' object has no attribute 'p_new'
olmo3-7b,2,77,AdaptiveWorstPerturbation,code_generation,"invalid syntax. Perhaps you forgot a comma? (<unknown>, line 26)"
olmo3-7b,2,79,TargetedPerturbationSearch,interface_mismatch,__call__ failed: 'int' object is not subscriptable
olmo3-7b,2,85,EnhancedDiverseSearch,runtime_error,AttributeError: 'EnhancedDiverseSearch' object has no attribute 'p_new'
olmo3-7b,2,89,ImprovedDiverseSearch_v2,runtime_error,AttributeError: 'ImprovedDiverseSearch_v2' object has no attribute 'p_new'
olmo3-7b,2,92,,code_generation,no class definition found
olmo3-7b,2,94,HERPC,runtime_error,NameError: name 'HERPC' is not defined
olmo3-7b,2,99,AdaptiveDiverseSearch,interface_mismatch,__call__ failed: 'int' object is not subscriptable
olmo3-7b,3,7,AdaptiveStepWalk,runtime_error,ValueError: a must be 1-dimensional
olmo3-7b,3,8,RandomRestartSimulatedAnnealing,unclassified_success,ok
olmo3-7b,3,9,,code_generation,no class definition found
olmo3-7b,3,11,,code_generation,no class definition found
olmo3-7b,3,12,AdaptivePerturbedResetSA,runtime_error,AttributeError: 'AdaptivePerturbedResetSA' object has no attribute 'T0'
olmo3-7b,3,13,AdaptivePerturbationSAEnhanced,runtime_error,AttributeError: 'AdaptivePerturbationSAEnhanced' object has no attribute 'non_improve_threshold'
olmo3-7b,3,15,AdaptivePerturbationSA_v3,code_generation,NameError: name 'AdaptivePerturbationSA' is not defined
olmo3-7b,3,16,PeriodicRestartSA,unclassified_success,ok
olmo3-7b,3,17,AdaptivePerturbationSA_with_restarts,runtime_error,AttributeError: 'AdaptivePerturbationSA_with_restarts' object has no attribute 'sigma_base'
olmo3-7b,3,18,AdaptiveMemoryPerturbation,runtime_error,AttributeError: 'AdaptiveMemoryPerturbation' object has no attribute 'recent_points_size'
olmo3-7b,3,19,ImprovedPerturbationSA,runtime_error,ValueError: a must be 1-dimensional
olmo3-7b,3,20,DynamicSA,runtime_error,AttributeError: 'DynamicSA' object has no attribute 'T0'
olmo3-7b,3,22,AdaptiveDynamicPerturbation,runtime_error,ValueError: The truth value of an array with more than one element is ambiguous. Use a.any() or a.all()
olmo3-7b,3,23,AdaptivePopulationSA,runtime_error,ValueError: a must be 1-dimensional
olmo3-7b,3,24,AdaptiveHistorySA,unclassified_success,ok
olmo3-7b,3,28,,code_generation,no class definition found
olmo3-7b,3,29,AdaptiveHistoricalJumpSA,runtime_error,ValueError: a must be 1-dimensional
olmo3-7b,3,32,AdaptiveRestartSA,runtime_error,ValueError: a must be 1-dimensional
olmo3-7b,3,33,AdaptiveSAWithHistory,runtime_error,OverflowError: math range error
olmo3-7b,3,34,AdaptiveSAWithTopHistory,runtime_error,AttributeError: 'AdaptiveSAWithTopHistory' object has no attribute 'T0'
olmo3-7b,3,42,AdaptiveHybridSA,runtime_error,AttributeError: 'AdaptiveHybridSA' object has no attribute 'p_decay'
olmo3-7b,3,47,EnhancedHybridSA,runtime_error,IndexError: list index out of range
olmo3-7b,3,48,AdaptiveDirectionalSA,runtime_error,AttributeError: 'AdaptiveDirectionalSA' object has no attribute 'x'
olmo3-7b,3,50,AdaptiveHistoricalNoiseSA,runtime_error,ValueError: a must be 1-dimensional
olmo3-7b,3,51,AdaptiveRandomizedHistorySA,runtime_error,AttributeError: 'AdaptiveRandomizedHistorySA' object has no attribute 'T0'
olmo3-7b,3,52,AdaptiveSAHistorySA,runtime_error,AttributeError: 'AdaptiveSAHistorySA' object has no attribute 'history_size'
olmo3-7b,3,53,AdaptiveHybridSA_Enhanced,runtime_error,IndexError: list index out of range
olmo3-7b,3,54,DiversePopulationSA,unclassified_success,ok
olmo3-7b,3,57,AdaptiveRadiusExploration,runtime_error,AttributeError: 'AdaptiveRadiusExploration' object has no attribute 'p_decay'
olmo3-7b,3,58,PopulationBasedOptimization,runtime_error,AttributeError: 'PopulationBasedOptimization' object has no attribute 'p_decay'
olmo3-7b,3,59,SimulatedAnnealingEnhancedExploration,runtime_error,AttributeError: 'SimulatedAnnealingEnhancedExploration' object has no attribute 'p_decay'
olmo3-7b,3,60,PopulationBasedOptimization,runtime_error,ValueError: a must be 1-dimensional
olmo3-7b,3,63,EnhancedAdaptiveExplorationHybrid,runtime_error,AttributeError: 'EnhancedAdaptiveExplorationHybrid' object has no attribute 'p_decay'
olmo3-7b,3,64,PopulationBasedOptimization,runtime_error,"ValueError: setting an array element with a sequence. The requested array has an inhomogeneous shape after 2 dimensions. The detected shape was (2, 2) + inhomogeneous part."
olmo3-7b,3,65,HybridExplorationExploitationHybrid,runtime_error,AttributeError: 'HybridExplorationExploitationHybrid' object has no attribute 'p_decay'
olmo3-7b,3,66,SAEnhancedAdaptiveExplorationExploitationHybrid,runtime_error,AttributeError: 'SAEnhancedAdaptiveExplorationExploitationHybrid' object has no attribute 'p_decay'
olmo3-7b,3,67,ImprovedAlgorithm,runtime_error,AttributeError: 'ImprovedAlgorithm' object has no attribute 'p_decay'
olmo3-7b,3,69,SAExplorationHybrid,runtime_error,AttributeError: 'SAExplorationHybrid' object has no attribute 'p_decay'
olmo3-7b,3,70,HybridPopulationExploration,runtime_error,AttributeError: 'HybridPopulationExploration' object has no attribute 'p_decay'
olmo3-7b,3,72,AdaptiveDirectionalSearch,interface_mismatch,__call__ failed: unsupported operand type(s) for +: 'NoneType' and 'float'
olmo3-7b,3,73,PopulationMutationHybrid,runtime_error,UnboundLocalError: cannot access local variable 'parent' where it is not associated with a value
olmo3-7b,3,75,DirectedExplorationExploitationHybrid,runtime_error,AttributeError: 'DirectedExplorationExploitationHybrid' object has no attribute 'p_decay'
olmo3-7b,3,76,AdaptiveDirectionalExplorationExploitationHybrid,runtime_error,AttributeError: 'AdaptiveDirectionalExplorationExploitationHybrid' object has no attribute 'p_decay'
olmo3-7b,3,77,EnhancedExplorationExploitation,code_generation,NameError: name 'AdaptiveExplorationExploitationHybrid' is not defined
olmo3-7b,3,78,AdaptiveBlendingExploration,runtime_error,AttributeError: 'AdaptiveBlendingExploration' object has no attribute 'p_decay'
olmo3-7b,3,80,ImprovedExplorationExploitationHybrid,runtime_error,AttributeError: 'ImprovedExplorationExploitationHybrid' object has no attribute 'p_decay'
olmo3-7b,3,81,AdaptiveHistoryExplorationHybrid,runtime_error,AttributeError: 'AdaptiveHistoryExplorationHybrid' object has no attribute 'weight_initial'
olmo3-7b,3,82,AdaptiveDirectionalExploration,runtime_error,AttributeError: 'AdaptiveDirectionalExploration' object has no attribute 'p_decay'
olmo3-7b,3,83,DirectionalStepAnnealing,runtime_error,AttributeError: 'DirectionalStepAnnealing' object has no attribute 'p_decay'
olmo3-7b,3,84,EnhancedExplorationExploitation,runtime_error,AttributeError: 'EnhancedExplorationExploitation' object has no attribute 'p_decay'
olmo3-7b,3,85,PopulationBasedExplorationExploitationHybrid,runtime_error,AttributeError: 'PopulationBasedExplorationExploitationHybrid' object has no attribute 'p_decay'
olmo3-7b,3,86,AdaptiveTemperatureExplorationExploitationHybrid,runtime_error,__init__ raised NameError: name 'func' is not defined
olmo3-7b,3,87,AdaptiveRefinedExplorationHybrid,runtime_error,AttributeError: 'AdaptiveRefinedExplorationHybrid' object has no attribute 'p_decay'
olmo3-7b,3,90,AdaptiveNoiseHybrid,runtime_error,AttributeError: 'AdaptiveNoiseHybrid' object has no attribute 'p_decay'
olmo3-7b,3,94,EnhancedExplorationExploitationHybrid,runtime_error,NameError: name 'decay_p' is not defined
olmo3-7b,3,96,DynamicNoiseExplorationExploitation,runtime_error,AttributeError: 'DynamicNoiseExplorationExploitation' object has no attribute 'p_decay'
olmo3-7b,3,98,DirectionalAdaptiveExplorationHybrid,runtime_error,AttributeError: 'DirectionalAdaptiveExplorationHybrid' object has no attribute 'p_decay'
olmo3-7b,4,12,AdaptiveNeighborhoodSearch,runtime_error,AttributeError: 'AdaptiveNeighborhoodSearch' object has no attribute 'adaptive_learning'
olmo3-7b,4,14,EnhancedDirectionalSearch,code_generation,NameError: name 'AdaptiveDirectionalSearch' is not defined
olmo3-7b,4,25,DirectedRandomSearch,runtime_error,"ValueError: setting an array element with a sequence. The requested array has an inhomogeneous shape after 2 dimensions. The detected shape was (1, 2) + inhomogeneous part."
olmo3-7b,4,29,AdaptiveDEWithDirectionalNoiseAndTournament,code_generation,NameError: name 'AdaptiveDEWithProximitySearch' is not defined
olmo3-7b,4,35,EnhancedDEWithProximitySearchImproved,runtime_error,AttributeError: 'EnhancedDEWithProximitySearchImproved' object has no attribute 'bias_strength'
olmo3-7b,4,45,,code_generation,no class definition found
olmo3-7b,4,46,FocusedBestDE,runtime_error,"ValueError: setting an array element with a sequence. The requested array has an inhomogeneous shape after 1 dimensions. The detected shape was (2,) + inhomogeneous part."
olmo3-7b,4,52,,code_generation,no class definition found
olmo3-7b,4,62,EnhancedDEWithTopClusterSearch,runtime_error,ValueError: The truth value of an array with more than one element is ambiguous. Use a.any() or a.all()
olmo3-7b,4,67,AdaptiveDEWithProximitySearch,interface_mismatch,"__call__ failed: list indices must be integers or slices, not tuple"
olmo3-7b,4,71,ProximityDE,runtime_error,IndexError: list index out of range
olmo3-7b,4,73,EnhancedDEWithSUSAdaptF,interface_mismatch,"__call__ failed: list indices must be integers or slices, not tuple"
olmo3-7b,4,74,,code_generation,no class definition found
olmo3-7b,4,84,,code_generation,no class definition found
olmo3-7b,4,86,AdaptiveCovarianceSearch,interface_mismatch,__call__ failed: multivariate_normal() takes at least 2 positional arguments (1 given)
olmo3-7b,4,87,AdaptiveDEWithDirectedMutation,interface_mismatch,__call__ failed: only integer scalar arrays can be converted to a scalar index
olmo3-7b,4,88,AdaptiveDEWithProximitySearch,runtime_error,NameError: name 'np' is not defined
olmo3-7b,4,91,EnhancedDEWithDynamicPull,interface_mismatch,"__call__ failed: list indices must be integers or slices, not list"
olmo3-7b,4,92,ProximityGuidedDifferentialEvolutionWithLocalSearch,interface_mismatch,"__call__ failed: __call__(): incompatible function arguments. The following argument types are supported:
    1. (self: ioh.iohcpp.problem.RealSingleObjective, arg0: List[float]) -> float
    2. (self: ioh.iohcpp.problem.RealSingleObjective, arg0: List[List[float]]) -> List[float]

Invoked with: <RealSingleObjectiveProblem 11. Discus (iid=1 dim=2)>, np.float64(5.0)"
olmo3-32b,0,9,AdaptiveEnsembleSearch,runtime_error,ValueError: The truth value of an array with more than one element is ambiguous. Use a.any() or a.all()
olmo3-32b,0,24,,code_generation,no class definition found
olmo3-32b,0,42,AdaptiveDifferentialEvolution,code_generation,NameError: name 'pop_size' is not defined
olmo3-32b,0,62,,code_generation,no class definition found
olmo3-32b,0,67,,code_generation,no class definition found
olmo3-32b,0,84,NovelOptimizationAlgorithm,runtime_error,AttributeError: 'float' object has no attribute 'copy'
olmo3-32b,1,11,,code_generation,no class definition found
olmo3-32b,1,12,EnhancedAdaptivePopulationSearch,runtime_error,ValueError: probabilities are not non-negative
olmo3-32b,1,20,,code_generation,no class definition found
olmo3-32b,1,27,NovelOptimization,runtime_error,"ValueError: setting an array element with a sequence. The requested array has an inhomogeneous shape after 2 dimensions. The detected shape was (3, 2) + inhomogeneous part."
olmo3-32b,1,30,,code_generation,no class definition found
olmo3-32b,1,36,ImprovedAdaptivePopulationSearch,runtime_error,ValueError: The truth value of an array with more than one element is ambiguous. Use a.any() or a.all()
olmo3-32b,1,38,DynamicStagnationEscape,import_violation,collections is currently not allowed to be imported in this framework.
olmo3-32b,1,43,EnhancedCEM,unclassified_success,ok
olmo3-32b,1,49,AdaptiveLocalCEMv2,unclassified_success,ok
olmo3-32b,1,56,EnhancedCEM,unclassified_success,ok
olmo3-32b,1,61,AdaptiveCEMwithDiversity,interface_mismatch,__call__ failed: only integer scalar arrays can be converted to a scalar index
olmo3-32b,1,66,,code_generation,no class definition found
olmo3-32b,1,77,,code_generation,no class definition found
olmo3-32b,1,80,HybridAdaptiveCEM,runtime_error,"ValueError: all the input arrays must have same number of dimensions, but the array at index 0 has 2 dimension(s) and the array at index 1 has 1 dimension(s)"
olmo3-32b,1,83,AdaptiveLocalCEM,unclassified_success,ok
olmo3-32b,1,92,AdaptiveDiversifiedCEM,interface_mismatch,__call__ failed: only integer scalar arrays can be converted to a scalar index
olmo3-32b,1,94,,code_generation,no class definition found
olmo3-32b,1,95,ImprovedAdaptiveCEM,interface_mismatch,__call__ failed: only integer scalar arrays can be converted to a scalar index
olmo3-32b,1,97,AdaptiveLocalCEM_Covariance,runtime_error,IndexError: list index out of range
olmo3-32b,2,15,MemoryGuidedRandomWalk,runtime_error,ValueError: a must be 1-dimensional
olmo3-32b,2,21,,code_generation,no class definition found
olmo3-32b,2,33,NovelOptimizationAlgorithm,runtime_error,ValueError: The truth value of an array with more than one element is ambiguous. Use a.any() or a.all()
olmo3-32b,2,55,NovelOptimizationAlgorithm,code_generation,NameError: name 'dim' is not defined
olmo3-32b,2,61,AdaptiveNES,interface_mismatch,__call__ failed: only integer scalar arrays can be converted to a scalar index
olmo3-32b,2,68,NovelOptimizationAlgorithm,runtime_error,OverflowError: math range error
olmo3-32b,2,70,,code_generation,no class definition found
olmo3-32b,2,97,MemoryGuidedSearch,import_violation,collections is currently not allowed to be imported in this framework.
olmo3-32b,3,1,,code_generation,no class definition found
olmo3-32b,3,3,AdaptiveEvolutionaryStrategy,runtime_error,ValueError: The truth value of an array with more than one element is ambiguous. Use a.any() or a.all()
olmo3-32b,3,22,EnhancedMemorySearch,runtime_error,UnboundLocalError: cannot access local variable 'old_x' where it is not associated with a value
olmo3-32b,3,30,,code_generation,no class definition found
olmo3-32b,3,48,EnhancedAdaptiveSearch,runtime_error,ZeroDivisionError: division by zero
olmo3-32b,3,55,EnhancedAdaptiveSearch,import_violation,scipy.stats is currently not allowed to be imported in this framework.
olmo3-32b,3,60,EnhancedMemorySearch,runtime_error,IndexError: list index out of range
olmo3-32b,3,66,AdaptiveNichingSearch,interface_mismatch,__call__ failed: unsupported operand type(s) for -: 'float' and 'NoneType'
olmo3-32b,3,67,ImprovedDirectionalSearch,unclassified_success,ok
olmo3-32b,3,72,AdaptiveMemoryOptimizer,runtime_error,ValueError: high <= 0
olmo3-32b,3,76,EnhancedDirectionalMemorySearch,runtime_error,ValueError: probabilities are not non-negative
olmo3-32b,3,77,EnhancedDirectionalMemorySearch,runtime_error,AttributeError: 'EnhancedDirectionalMemorySearch' object has no attribute 'stagnation'
olmo3-32b,3,81,AdaptiveMemoryDirectionSearch,import_violation,collections is currently not allowed to be imported in this framework.
olmo3-32b,3,82,AdaptiveDirectionalMemorySearch,import_violation,collections is currently not allowed to be imported in this framework.
olmo3-32b,3,87,EnhancedDirectionalMemorySearch,runtime_error,UnboundLocalError: cannot access local variable 'unit_dir' where it is not associated with a value
olmo3-32b,3,88,AdaptiveDirectionalSearch,import_violation,collections is currently not allowed to be imported in this framework.
olmo3-32b,3,89,AdaptiveDirectionalMomentumSearch,import_violation,collections is currently not allowed to be imported in this framework.
olmo3-32b,3,94,AdaptiveDirectionalMemoryWithWeightedExploration,runtime_error,UnboundLocalError: cannot access local variable 'selected_dir_idx' where it is not associated with a value
olmo3-32b,4,8,MyOptimizationAlgorithm,runtime_error,ValueError: The truth value of an array with more than one element is ambiguous. Use a.any() or a.all()
olmo3-32b,4,18,EnhancedEliteRandomWalk,runtime_error,AttributeError: 'EnhancedEliteRandomWalk' object has no attribute 'initial_samples'
olmo3-32b,4,21,AdaptiveDiverseEliteRW,unclassified_success,ok
olmo3-32b,4,26,,code_generation,no class definition found
olmo3-32b,4,43,AdaptiveEliteRecombination,import_violation,collections is currently not allowed to be imported in this framework.
olmo3-32b,4,45,,code_generation,no class definition found
olmo3-32b,4,64,AdaptiveNicheSearch,runtime_error,ValueError: The truth value of an array with more than one element is ambiguous. Use a.any() or a.all()
olmo3-32b,4,70,,code_generation,no class definition found
olmo3-32b,4,74,AdaptiveEvolutionaryStrategy,runtime_error,ValueError: The truth value of an array with more than one element is ambiguous. Use a.any() or a.all()
olmo3-32b,4,76,,code_generation,no class definition found
olmo3-32b,4,79,AdaptiveEliteSwarm,interface_mismatch,__call__ failed: AdaptiveEliteSwarm.update_elites() missing 1 required positional argument: 'current_diversity'
olmo3-32b,4,91,AdaptiveDiverseRandomWalk,runtime_error,IndexError: list assignment index out of range
olmo3-32b,4,94,EnhancedDiverseRandomWalk,runtime_error,NameError: name 'func' is not defined
olmo3-32b,4,95,,code_generation,no class definition found
olmo3-32b,4,96,AdaptiveDiverseRandomWalk,interface_mismatch,__call__ failed: AdaptiveDiverseRandomWalk.update_elites() missing 1 required positional argument: 'current_threshold'
granite4-3b,0,1,AdaptiveCMAES,runtime_error,ValueError: mean and cov must have same length
granite4-3b,0,3,AdaptiveDifferentialEvolutionND,runtime_error,"ValueError: setting an array element with a sequence. The requested array has an inhomogeneous shape after 1 dimensions. The detected shape was (3,) + inhomogeneous part."
granite4-3b,0,4,NeuralDifferentialEvolution,import_violation,tensorflow is currently not allowed to be imported in this framework.
granite4-3b,0,7,AdaptiveDifferentialEvolution,import_violation,scipy.optimize is currently not allowed to be imported in this framework.
granite4-3b,0,9,AdaptiveCullingDE,runtime_error,IndexError: index 48 is out of bounds for axis 0 with size 45
granite4-3b,0,10,AdaptiveDifferentialEvolutionDynamicSampling,runtime_error,ValueError: The truth value of an array with more than one element is ambiguous. Use a.any() or a.all()
granite4-3b,0,12,GradientBasedSurrogateOptimization,import_violation,scipy.optimize is currently not allowed to be imported in this framework.
granite4-3b,0,14,AdaptiveDifferentialEvolutionOnlineDiversity,unclassified_success,ok
granite4-3b,0,18,AdaptiveMultiStrategyDifferentialEvolution,code_generation,NameError: name 'LocalSearch' is not defined
granite4-3b,0,20,AdaptiveDifferentialEvolutionWithAdaptiveStepSize,runtime_error,UnboundLocalError: cannot access local variable 'f_scale' where it is not associated with a value
granite4-3b,0,21,AdaptiveGradientOptimization,interface_mismatch,__call__ failed: can't multiply sequence by non-int of type 'float'
granite4-3b,0,24,AdaptiveDiversityEvolution,runtime_error,ValueError: a must be 1-dimensional
granite4-3b,0,27,AdaptiveDualAngleCMAES,import_violation,scipy.stats is currently not allowed to be imported in this framework.
granite4-3b,0,28,AdaptiveDifferentialEvolutionImprovedSampling,runtime_error,IndexError: index 2 is out of bounds for axis 0 with size 2
granite4-3b,0,30,AdaptiveDifferentialEvolutionWithImprovedDiversityControl,runtime_error,AxisError: axis 1 is out of bounds for array of dimension 1
granite4-3b,0,31,AdaptiveDifferentialEvolutionDynamicSamplingWithLocalSearch,unclassified_success,ok
granite4-3b,0,33,MemoryAugmentedAdaptiveDifferentialEvolution,runtime_error,ValueError: zero-size array to reduction operation maximum which has no identity
granite4-3b,0,34,AdaptiveElitePooling,runtime_error,ValueError: kth(=5) out of bounds (1)
granite4-3b,0,39,AdaptiveDifferentialEvolutionDynamicSampling,runtime_error,ValueError: The truth value of an array with more than one element is ambiguous. Use a.any() or a.all()
granite4-3b,0,40,AdaptiveNelderMeadDifferential,runtime_error,__init__ raised NameError: name 'func' is not defined
granite4-3b,0,43,AdaptiveDifferentialEvolutionHybrid,unclassified_success,ok
granite4-3b,0,51,AdaptiveDifferentialEvolutionWeightedSampling,runtime_error,AttributeError: 'AdaptiveDifferentialEvolutionWeightedSampling' object has no attribute 'sampling_freq'
granite4-3b,0,54,AdaptiveDifferentialEvolutionDynamicPerturbation,interface_mismatch,__call__ failed: only length-1 arrays can be converted to Python scalars
granite4-3b,0,55,ParticleSwarmOptimizationAdaptiveInertia,runtime_error,AttributeError: 'ParticleSwarmOptimizationAdaptiveInertia' object has no attribute 'previous_positions'
granite4-3b,0,56,VectorAdaptiveDifferentialEvolution,unclassified_success,ok
granite4-3b,0,58,AdaptiveDifferentialEvolutionImproved,unclassified_success,ok
granite4-3b,0,60,AdaptiveDifferentialEvolutionDynamicCoalescing,runtime_error,"ValueError: operands could not be broadcast together with shapes (50,) (2,) "
granite4-3b,0,62,AdaptiveGeneticAlgorithmLocalSearch,runtime_error,ValueError: a must be 1-dimensional
granite4-3b,0,64,GradientFreeStochasticLocalSearch,runtime_error,ValueError: The truth value of an array with more than one element is ambiguous. Use a.any() or a.all()
granite4-3b,0,67,AdaptiveDifferentialEvolutionDynamicSamplingImproved,unclassified_success,ok
granite4-3b,0,68,ImprovedAdaptiveDifferentialEvolution,runtime_error,AttributeError: 'ImprovedAdaptiveDifferentialEvolution' object has no attribute 'sampling_freq'
granite4-3b,0,70,AdaptiveDifferentialEvolutionWithGradientGuidance,unclassified_success,ok
granite4-3b,0,71,AdaptiveMutationDE,runtime_error,ValueError: 'a' cannot be empty unless no samples are taken
granite4-3b,0,72,NovelHeuristicOptimizer,runtime_error,ValueError: scale < 0
granite4-3b,0,76,AdaptiveDifferentialEvolutionGradientDescent,import_violation,torch is currently not allowed to be imported in this framework.
granite4-3b,0,82,ImprovedAdaptiveDifferentialEvolution,runtime_error,AxisError: axis 0 is out of bounds for array of dimension 0
granite4-3b,0,83,AdaptiveDifferentialEvolutionWithDynamicSampling,runtime_error,UnboundLocalError: cannot access local variable 'i' where it is not associated with a value
granite4-3b,0,85,DynamicArchivingDifferentialEvolution,runtime_error,AttributeError: 'DynamicArchivingDifferentialEvolution' object has no attribute 'f_evals'
granite4-3b,0,86,AdaptiveDifferentialEvolutionEarlyTermination,runtime_error,AttributeError: 'AdaptiveDifferentialEvolutionEarlyTermination' object has no attribute 'adaptive_factor'
granite4-3b,0,87,GradientFreeBayesianOptimization,import_violation,scipy.stats is currently not allowed to be imported in this framework.
granite4-3b,0,90,AdaptiveGradientRefinementDE,unclassified_success,ok
granite4-3b,0,91,AdaptiveGradientOptimization,interface_mismatch,__call__ failed: '<' not supported between instances of 'list' and 'float'
granite4-3b,0,95,AdaptiveHybridMOEA,runtime_error,AttributeError: 'AdaptiveHybridMOEA' object has no attribute 'f_evals'
granite4-3b,0,96,AdaptiveDifferentialEvolutionWithDiversityControl,runtime_error,NameError: name 'diversity_threshold' is not defined
granite4-3b,1,1,GaussianProcessOptimization,import_violation,scipy.optimize is currently not allowed to be imported in this framework.
granite4-3b,1,3,CooperativeOptimization,runtime_error,ValueError: The truth value of an array with more than one element is ambiguous. Use a.any() or a.all()
granite4-3b,1,6,GradientFreeBayesianOptimization,import_violation,scipy.stats is currently not allowed to be imported in this framework.
granite4-3b,1,7,DifferentialEvolutionAdaptiveStepSize,runtime_error,ValueError: a must be 1-dimensional
granite4-3b,1,8,AdaptiveDifferentialEvolution,runtime_error,__init__ raised NameError: name 'func' is not defined
granite4-3b,1,10,BayesianAdaptiveLocalSearch,import_violation,scipy.optimize is currently not allowed to be imported in this framework.
granite4-3b,1,12,GradientFreeAdaptiveRandomizedSampling,runtime_error,"ValueError: operands could not be broadcast together with shapes (2,) (10,) "
granite4-3b,1,13,AdaptiveDifferentialEvolution,interface_mismatch,__call__ failed: 'float' object is not callable
granite4-3b,1,14,AdaptiveDifferentialEvolution,runtime_error,__init__ raised NameError: name 'func' is not defined
granite4-3b,1,15,AdaptiveDifferentialEvolution,interface_mismatch,__call__ failed: only integer scalar arrays can be converted to a scalar index
granite4-3b,1,17,AdaptiveDifferentialEvolution,runtime_error,__init__ raised NameError: name 'func' is not defined
granite4-3b,1,20,AdaptiveDifferentialEvolution,runtime_error,__init__ raised NameError: name 'func' is not defined
granite4-3b,1,21,GradientFreeAdaptiveDifferentialEvolution,runtime_error,__init__ raised NameError: name 'func' is not defined
granite4-3b,1,22,ChaosOptimizationAlgorithm,runtime_error,__init__ raised NameError: name 'func' is not defined
granite4-3b,1,24,GradientEnhancedDifferentialEvolution,unclassified_success,ok
granite4-3b,1,26,AdaptiveBayesianOptimization,import_violation,"scipy.optimize, scipy.stats, UCB are currently not allowed to be imported in this framework."
granite4-3b,1,30,AdaptiveDifferentialEvolution,unclassified_success,ok
granite4-3b,1,31,MultiRandomWalk,runtime_error,__init__ raised NameError: name 'func' is not defined
granite4-3b,1,32,AdaptiveDifferentialEvolution,code_generation,"closing parenthesis ')' does not match opening parenthesis '[' (<unknown>, line 23)"
granite4-3b,1,33,AdaptiveDifferentialEvolution,runtime_error,__init__ raised NameError: name 'func' is not defined
granite4-3b,1,34,AdaptiveDimensionReductionCMAES,import_violation,scipy.optimize is currently not allowed to be imported in this framework.
granite4-3b,1,35,AdaptiveDifferentialEvolution,runtime_error,__init__ raised NameError: name 'func' is not defined
granite4-3b,1,36,AdaptiveGradientDescentSwarm,unclassified_success,ok
granite4-3b,1,37,AdaptiveDifferentialEvolution,runtime_error,__init__ raised NameError: name 'func' is not defined
granite4-3b,1,41,AdaptiveGaussianProcessOptimizer,import_violation,"sklearn.gaussian_process, sklearn.gaussian_process.kernels, sklearn.gaussian_process.kernels are currently not allowed to be imported in this framework."
granite4-3b,1,42,AdaptiveGaussianMixtureSearch,code_generation,"expected an indented block after function definition on line 39 (<unknown>, line 43)"
granite4-3b,1,44,GradientVectorMomentum,interface_mismatch,__call__ failed: can't multiply sequence by non-int of type 'float'
granite4-3b,1,45,HybridAdaptiveLocalSearchGlobalExploration,runtime_error,AttributeError: 'HybridAdaptiveLocalSearchGlobalExploration' object has no attribute 'x_opt'
granite4-3b,1,46,AdaptiveDifferentialEvolution,runtime_error,AttributeError: 'AdaptiveDifferentialEvolution' object has no attribute 'population_size'
granite4-3b,1,49,GridProgressiveSearch,interface_mismatch,__call__ failed: 'float' object cannot be interpreted as an integer
granite4-3b,1,52,GradientNoiseAugmentedBayesianOptimization,import_violation,scipy.stats is currently not allowed to be imported in this framework.
granite4-3b,1,53,MultiPopulationCMAES,runtime_error,"ValueError: operands could not be broadcast together with shapes (5,2) (10,2) "
granite4-3b,1,54,DifferentialEvolution,runtime_error,__init__ raised NameError: name 'func' is not defined
granite4-3b,1,56,GradientFreeEvolutionaryStrategy,unclassified_success,ok
granite4-3b,1,57,DiversePopulationOptimizer,runtime_error,ValueError: The truth value of an array with more than one element is ambiguous. Use a.any() or a.all()
granite4-3b,1,59,GradientFreeAdaptiveDE,runtime_error,__init__ raised NameError: name 'func' is not defined
granite4-3b,1,66,GradientAidedEvolution,runtime_error,"ValueError: non-broadcastable output operand with shape (2,) doesn't match the broadcast shape (2,2)"
granite4-3b,1,67,GradientBasedAdaptiveMomentumSearch,interface_mismatch,__call__ failed: GradientBasedAdaptiveMomentumSearch.__call__() missing 1 required positional argument: 'func_evaluate'
granite4-3b,1,68,OrbitMaximization,runtime_error,NameError: name 'grad' is not defined
granite4-3b,1,69,EvolutionaryAdaptiveNeighborhoodSearch,runtime_error,__init__ raised NameError: name 'func' is not defined
granite4-3b,1,71,GradientBasedAdaptiveOptimization,unclassified_success,ok
granite4-3b,1,73,HybridGeneticAlgorithmWithLocalSearch,runtime_error,ValueError: a must be 1-dimensional
granite4-3b,1,74,HarmoniousGuidance,import_violation,scipy.stats is currently not allowed to be imported in this framework.
granite4-3b,1,82,ParticleSwarmOptimization,runtime_error,IndexError: index 2 is out of bounds for axis 0 with size 2
granite4-3b,1,83,GradientAssistedCMAES,runtime_error,IndexError: index 2 is out of bounds for axis 0 with size 2
granite4-3b,1,84,AdaptiveRandomBeamSearch,runtime_error,AttributeError: 'AdaptiveRandomBeamSearch' object has no attribute 'current_sigma'
granite4-3b,1,86,GradientBasedBeamSearch,import_violation,"autograd.numpy, autograd are currently not allowed to be imported in this framework."
granite4-3b,1,87,EvolutionaryGaussianBeamSearch,runtime_error,IndexError: index 8 is out of bounds for axis 0 with size 5
granite4-3b,1,89,GradientInspiredPopulationSearch,interface_mismatch,__call__ failed: unsupported operand type(s) for -: 'list' and 'float'
granite4-3b,1,90,AdaptiveGradientAscentSearch,runtime_error,ValueError: setting an array element with a sequence.
granite4-3b,1,93,ImprovedAdaptiveLevyFlightSearch,runtime_error,NameError: name 'decay_factor' is not defined
granite4-3b,1,96,GradientBasedAdaptivePopulationCoordination,runtime_error,AxisError: axis 1 is out of bounds for array of dimension 1
granite4-3b,1,98,GradientAdjustedCMAES,runtime_error,"ValueError: operands could not be broadcast together with shapes (100,2) (100,) "
granite4-3b,2,1,GradientBasedAdaptiveES,import_violation,scipy.optimize is currently not allowed to be imported in this framework.
granite4-3b,2,3,AdaptiveDifferentialEvolution,runtime_error,ValueError: a must be 1-dimensional
granite4-3b,2,4,GeneticAlgorithm,unclassified_success,ok
granite4-3b,2,5,AdaptiveDifferentialEvolution,runtime_error,__init__ raised NameError: name 'func' is not defined
granite4-3b,2,8,DifferentialEvolution,runtime_error,IndexError: index 37 is out of bounds for axis 0 with size 25
granite4-3b,2,10,DifferentialEvolution,interface_mismatch,"__call__ failed: __call__(): incompatible function arguments. The following argument types are supported:
    1. (self: ioh.iohcpp.problem.RealSingleObjective, arg0: List[float]) -> float
    2. (self: ioh.iohcpp.problem.RealSingleObjective, arg0: List[List[float]]) -> List[float]

Invoked with: <RealSingleObjectiveProblem 11. Discus (iid=1 dim=2)>, np.float64(-2.770382069483724)"
granite4-3b,2,12,DifferentialEvolution,runtime_error,"ValueError: could not broadcast input array from shape (49,2) into shape (2,)"
granite4-3b,2,13,AdaptiveParticleSwarmOptimization,interface_mismatch,__call__ failed: unsupported operand type(s) for -: 'NoneType' and 'float'
granite4-3b,2,14,AdaptiveDifferentialEvolution,runtime_error,NameError: name 'func' is not defined
granite4-3b,2,16,GradientFreeCMAES,runtime_error,"ValueError: matmul: Input operand 1 has a mismatch in its core dimension 0, with gufunc signature (n?,k),(k,m?)->(n?,m?) (size 1 is different from 2)"
granite4-3b,2,17,GradientBasedAdaptiveDifferentialEvolution,interface_mismatch,__call__ failed: invalid number of arguments
granite4-3b,2,18,ImprovedAdaptiveDifferentialEvolution,runtime_error,IndexError: index 80 is out of bounds for axis 0 with size 50
granite4-3b,2,19,AdaptiveDifferentialEvolution,runtime_error,AttributeError: 'AdaptiveDifferentialEvolution' object has no attribute 'mutation_factor'
granite4-3b,2,20,GradientConstrainedDifferentialEvolution,runtime_error,"IndexError: too many indices for array: array is 1-dimensional, but 2 were indexed"
granite4-3b,2,21,AdaptiveCovarianceMatrixAdaptationEvolutionStrategy,runtime_error,ValueError: setting an array element with a sequence.
granite4-3b,2,22,AdaptiveDifferentialEvolution,unclassified_success,ok
granite4-3b,2,23,GradientAidedGradientFreeOptimization,runtime_error,ValueError: setting an array element with a sequence.
granite4-3b,2,24,AerodynamicDifferentialEvolution,runtime_error,ValueError: setting an array element with a sequence.
granite4-3b,2,27,MomentumDrivenDifferentialEvolution,runtime_error,NameError: name 'dim' is not defined
granite4-3b,2,29,BayesianOptimization,import_violation,"scipy.stats, sklearn.gaussian_process, sklearn.gaussian_process.kernels are currently not allowed to be imported in this framework."
granite4-3b,2,30,AdaptiveGradientOptimization,runtime_error,NameError: name 'p' is not defined
granite4-3b,2,31,AdaptiveDifferentialEvolution,unclassified_success,ok
granite4-3b,2,32,AdaptiveGradientBasedOptimization,runtime_error,"ValueError: could not broadcast input array from shape (10,) into shape (4,)"
granite4-3b,2,33,GradientBasedCMAES,runtime_error,NameError: name 'population_size' is not defined
granite4-3b,2,34,,code_generation,"invalid syntax (<unknown>, line 3)"
granite4-3b,2,36,AdaptiveDifferentialEvolution,unclassified_success,ok
granite4-3b,2,37,NovelAdaptiveDifferentialEvolution,runtime_error,ValueError: setting an array element with a sequence.
granite4-3b,2,40,AdaptiveCovarianceMatrixAdaptationEvolution,runtime_error,ValueError: The truth value of an array with more than one element is ambiguous. Use a.any() or a.all()
granite4-3b,2,41,GradientBasedLocalSearchWithAdaptiveRandomness,interface_mismatch,__call__ failed: 'float' object cannot be interpreted as an integer
granite4-3b,2,43,GradientAscentGuidedDifferentialEvolution,interface_mismatch,__call__ failed: 'float' object is not subscriptable
granite4-3b,2,45,SelfAdaptiveCMAES,runtime_error,"ValueError: matmul: Input operand 1 has a mismatch in its core dimension 0, with gufunc signature (n?,k),(k,m?)->(n?,m?) (size 20 is different from 2)"
granite4-3b,2,46,AdaptiveChaosDifferentialEvolution,unclassified_success,ok
granite4-3b,2,47,,code_generation,no class definition found
granite4-3b,2,48,AdaptiveMutationEvolutionStrategies,runtime_error,NameError: name 'population' is not defined
granite4-3b,2,50,AdaptiveDifferentialEvolutionParticleSwarm,runtime_error,"ValueError: could not broadcast input array from shape (50,2) into shape (2,)"
granite4-3b,2,51,HybridDEPSO,unclassified_success,ok
granite4-3b,2,53,GaussianHeuristicOptimization,import_violation,scipy.stats is currently not allowed to be imported in this framework.
granite4-3b,2,54,MomentumBasedParticleSwarmOptimization,unclassified_success,ok
granite4-3b,2,56,MomentumBasedAdaptiveDifferentialEvolution,unclassified_success,ok
granite4-3b,2,57,QuantumInspiredCuckooSearch,runtime_error,__init__ raised NameError: name 'max_population' is not defined
granite4-3b,2,58,AdaptiveDifferentialEvolution,runtime_error,"ValueError: shape mismatch: value array of shape (49,2) could not be broadcast to indexing result of shape (44,2)"
granite4-3b,2,59,NSGAII,runtime_error,NameError: name 'nsga2' is not defined
granite4-3b,2,60,CustomSwarm,runtime_error,__init__ raised NameError: name 'func' is not defined
granite4-3b,2,61,EvolutionaryProgressiveCrossoverDifferentialEvolution,runtime_error,IndexError: index 2 is out of bounds for axis 1 with size 2
granite4-3b,2,62,GradientBasedAdaptiveDifferentialEvolution,unclassified_success,ok
granite4-3b,2,63,AdaptiveCovarianceMatrixAdjustmentDifferentialEvolution,runtime_error,"ValueError: shapes (2,2) and (50,2) not aligned: 2 (dim 1) != 50 (dim 0)"
granite4-3b,2,65,AdaptiveParticleSwarmOptimization,runtime_error,NameError: name 'dim' is not defined
granite4-3b,2,69,MomentumBasedAdaptiveDifferentialEvolution,runtime_error,ValueError: setting an array element with a sequence.
granite4-3b,2,71,AdaptiveLocalSearch,interface_mismatch,__call__ failed: '<' not supported between instances of 'list' and 'float'
granite4-3b,2,72,AdaptiveSwarmOptimizer,runtime_error,AttributeError: 'AdaptiveSwarmOptimizer' object has no attribute 'func_best'
granite4-3b,2,73,FastAdaptiveDifferentialEvolution,runtime_error,IndexError: index 100 is out of bounds for axis 0 with size 100
granite4-3b,2,75,AdaptiveDynamicDifferentialEvolution,unclassified_success,ok
granite4-3b,2,76,NovelHeuristicAlgorithm,unclassified_success,ok
granite4-3b,2,78,HybridAdaptiveDEGA,runtime_error,NameError: name 'bounds' is not defined
granite4-3b,2,82,QuantumInspiredDifferentialEvolution,unclassified_success,ok
granite4-3b,2,83,GradientBoostedGaussianProcess,import_violation,"sklearn.gaussian_process, sklearn.gaussian_process.kernels, sklearn.gaussian_process.kernels, scipy.optimize are currently not allowed to be imported in this framework."
granite4-3b,2,84,ImprovedDifferentialEvolution,runtime_error,ValueError: Cannot take a larger sample than population when 'replace=False'
granite4-3b,2,87,ImprovedCMAES,runtime_error,ValueError: Input must be 1- or 2-d.
granite4-3b,2,88,AdaptivePopulationDifferentialEvolution,interface_mismatch,__call__ failed: 'numpy.float64' object cannot be interpreted as an integer
granite4-3b,2,92,HybridDifferentialEvolutionParticleSwarm,runtime_error,NameError: name 'adaptive_factor' is not defined
granite4-3b,2,94,AdaptiveGradientAdaptiveDifferentialEvolution,runtime_error,AttributeError: 'float' object has no attribute 'flatten'
granite4-3b,2,95,GradientGuidedCovarianceMatrixAdaptationEvolutionStrategy,runtime_error,NameError: name 'pop_size' is not defined
granite4-3b,2,96,GradientBasedCovarianceAdaptiveRandomSearch,interface_mismatch,__call__ failed: unsupported operand type(s) for -: 'list' and 'list'
granite4-3b,2,98,AdaptiveDifferentialEvolution,runtime_error,ValueError: min() iterable argument is empty
granite4-3b,3,1,AdaptiveDifferentialEvolution,runtime_error,ValueError: The truth value of an array with more than one element is ambiguous. Use a.any() or a.all()
granite4-3b,3,4,AdaptiveDifferentialEvolution,runtime_error,__init__ raised NameError: name 'func' is not defined
granite4-3b,3,6,AdaptiveDifferentialEvolution,runtime_error,IndexError: index 4 is out of bounds for axis 0 with size 4
granite4-3b,3,8,GeneticAlgorithm,runtime_error,__init__ raised NameError: name 'np' is not defined
granite4-3b,3,9,AdaptiveLocalSearch,runtime_error,AttributeError: 'NoneType' object has no attribute 'copy'
granite4-3b,3,11,AdaptiveDEOptimizer,runtime_error,IndexError: invalid index to scalar variable.
granite4-3b,3,12,AdaptiveDEGA,interface_mismatch,__call__ failed: only length-1 arrays can be converted to Python scalars
granite4-3b,3,13,NovelHeuristicOptimizer,import_violation,scipy.optimize is currently not allowed to be imported in this framework.
granite4-3b,3,14,PSOOptimizer,unclassified_success,ok
granite4-3b,3,17,PSODEOptimizer,runtime_error,IndexError: index 2 is out of bounds for axis 0 with size 2
granite4-3b,3,20,GPACMAESOptimizer,import_violation,scipy.optimize is currently not allowed to be imported in this framework.
granite4-3b,3,21,HybridGAOptimizer,runtime_error,IndexError: index 40 is out of bounds for axis 0 with size 40
granite4-3b,3,22,AdaptiveDifferentialEvolution,runtime_error,"ValueError: not enough values to unpack (expected 3, got 0)"
granite4-3b,3,24,AdaptiveDifferentialEvolutionOptimizer,runtime_error,IndexError: invalid index to scalar variable.
granite4-3b,3,25,GaussianProcessGuidedOptimizer,import_violation,scipy.stats is currently not allowed to be imported in this framework.
granite4-3b,3,28,DifferentialGA,runtime_error,__init__ raised NameError: name 'func' is not defined
granite4-3b,3,29,GAOptimizer,runtime_error,IndexError: index 25 is out of bounds for axis 0 with size 25
granite4-3b,3,30,DEOptimizer,interface_mismatch,__call__ failed: choice() got multiple values for keyword argument 'size'
granite4-3b,3,31,AdaptiveDifferentialEvolution,runtime_error,ValueError: 'a' cannot be empty unless no samples are taken
granite4-3b,3,32,GA_PSO_Optimizer,runtime_error,AttributeError: 'GA_PSO_Optimizer' object has no attribute 'w'
granite4-3b,3,34,AdaptiveDifferentialEvolution,runtime_error,"ValueError: could not broadcast input array from shape (2,) into shape (0,)"
granite4-3b,3,37,DEOptimizer,interface_mismatch,__call__ failed: '<' not supported between instances of 'list' and 'float'
granite4-3b,3,43,AdaptiveDifferentialEvolution,runtime_error,ValueError: The truth value of an array with more than one element is ambiguous. Use a.any() or a.all()
granite4-3b,3,45,NovelHeuristicOptimizer,runtime_error,NameError: name 'budget' is not defined
granite4-3b,3,46,ES_CMA,runtime_error,"ValueError: operands could not be broadcast together with shapes (100,) (2,) "
granite4-3b,3,47,NSGAIIOptimizer,runtime_error,"ValueError: could not broadcast input array from shape (50,2) into shape (25,2)"
granite4-3b,3,48,AdaptiveGMMOptimizer,runtime_error,IndexError: list assignment index out of range
granite4-3b,3,49,DifferentialEvolutionOptimizer,runtime_error,AttributeError: 'DifferentialEvolutionOptimizer' object has no attribute '_evaluate_population'
granite4-3b,3,51,GMOOptimizer,import_violation,sklearn.mixture is currently not allowed to be imported in this framework.
granite4-3b,3,54,AdaptiveDifferentialEvolution,runtime_error,"ValueError: not enough values to unpack (expected 3, got 2)"
granite4-3b,3,55,PSOOptimizer,runtime_error,"ValueError: operands could not be broadcast together with shapes (100,2) (200,1) "
granite4-3b,3,57,AdaptiveDifferentialEvolution,runtime_error,ValueError: attempt to get argmin of an empty sequence
granite4-3b,3,58,AdaptiveDEOptimizer,runtime_error,"ValueError: operands could not be broadcast together with shapes (2,2) (100,2) "
granite4-3b,3,59,NovelHeuristicOptimizer,runtime_error,"ValueError: shape mismatch: value array of shape (90,2) could not be broadcast to indexing result of shape (10,2)"
granite4-3b,3,60,GDESOptimizer,runtime_error,"ValueError: operands could not be broadcast together with shapes (2,) (99,) (2,) "
granite4-3b,3,63,DifferentialEvolutionOptimizer,runtime_error,__init__ raised NameError: name 'func' is not defined
granite4-3b,3,64,AdaptiveCMAESOptimizer,runtime_error,"ValueError: operands could not be broadcast together with shapes (2,2) (100,100) (2,2) "
granite4-3b,3,65,AdaptiveDifferentialEvolution,runtime_error,NameError: name 'func' is not defined
granite4-3b,3,67,NSGAIIOptimizer,runtime_error,IndexError: invalid index to scalar variable.
granite4-3b,3,72,NovelHeuristicOptimizer,runtime_error,IndexError: index 22 is out of bounds for axis 0 with size 2
granite4-3b,3,73,DifferentialEvolutionOptimizer,interface_mismatch,__call__ failed: '<' not supported between instances of 'float' and 'str'
granite4-3b,3,74,AdaptiveDifferentialEvolution,runtime_error,AttributeError: 'AdaptiveDifferentialEvolution' object has no attribute 'population'
granite4-3b,3,75,DEoptimiser,interface_mismatch,__call__ failed: '<' not supported between instances of 'list' and 'float'
granite4-3b,3,78,EADENOptimizer,runtime_error,ValueError: The truth value of an array with more than one element is ambiguous. Use a.any() or a.all()
granite4-3b,3,81,AdaptiveDifferentialEvolution,runtime_error,NameError: name 'random' is not defined
granite4-3b,3,83,GradientGuidedParticleSwarmOptimization,runtime_error,NameError: name 'omega' is not defined
granite4-3b,3,84,AdaptiveDifferentialEvolution,runtime_error,IndexError: list index out of range
granite4-3b,3,88,AdaptiveDifferentialEvolution,runtime_error,ValueError: The truth value of an array with more than one element is ambiguous. Use a.any() or a.all()
granite4-3b,3,90,AdaptiveBasinHoppingDifferentialEvolution,runtime_error,ValueError: setting an array element with a sequence.
granite4-3b,3,91,AdaptiveDiverseParticleSwarm,runtime_error,IndexError: list index out of range
granite4-3b,3,92,AdaptiveDifferentialEvolution,runtime_error,IndexError: index 20 is out of bounds for axis 0 with size 20
granite4-3b,3,94,AdaptiveDifferentialEvolution,runtime_error,ValueError: a must be 1-dimensional or an integer
granite4-3b,3,95,ImprovedAdaptiveDifferentialEvolution,runtime_error,AttributeError: 'numpy.ndarray' object has no attribute 'append'
granite4-3b,3,99,GradientAde,interface_mismatch,__call__ failed: unsupported operand type(s) for /: 'tuple' and 'int'
granite4-3b,4,2,GradientBasedRandomSearch,import_violation,scipy.optimize is currently not allowed to be imported in this framework.
granite4-3b,4,3,AdaptiveGaussianProcessOptimization,import_violation,"sklearn.gaussian_process, sklearn.gaussian_process.kernels, sklearn.gaussian_process.kernels are currently not allowed to be imported in this framework."
granite4-3b,4,4,AdaptiveCovarianceMatrixOptimization,runtime_error,ValueError: mean and cov must have same length
granite4-3b,4,5,GradientHeuristic,runtime_error,AttributeError: 'GradientHeuristic' object has no attribute 'f_opt'
granite4-3b,4,6,AdaptiveDifferentialEvolution,code_generation,"unmatched ']' (<unknown>, line 29)"
granite4-3b,4,7,GradientFreeBayesianOptimization,import_violation,scipy.stats is currently not allowed to be imported in this framework.
granite4-3b,4,10,BayesianOptimization,import_violation,"sklearn.gaussian_process, sklearn.gaussian_process.kernels, sklearn.gaussian_process.kernels are currently not allowed to be imported in this framework."
granite4-3b,4,14,AdaptiveDifferentialEvolution,runtime_error,__init__ raised NameError: name 'func' is not defined
granite4-3b,4,16,AdaptiveDifferentialEvolution,runtime_error,ValueError: a must be 1-dimensional
granite4-3b,4,17,ParticleSwarmOptimization,runtime_error,"ValueError: operands could not be broadcast together with shapes (100,) (100,) (100,2) "
granite4-3b,4,18,AdaptiveDifferentialEvolution,runtime_error,__init__ raised NameError: name 'func' is not defined
granite4-3b,4,19,AdaptiveDifferentialEvolution,interface_mismatch,"__call__ failed: __call__(): incompatible function arguments. The following argument types are supported:
    1. (self: ioh.iohcpp.problem.RealSingleObjective, arg0: List[float]) -> float
    2. (self: ioh.iohcpp.problem.RealSingleObjective, arg0: List[List[float]]) -> List[float]

Invoked with: <RealSingleObjectiveProblem 11. Discus (iid=1 dim=2)>, None"
granite4-3b,4,20,AdaptiveCoordinateGradientDescent,unclassified_success,ok
granite4-3b,4,22,GeneticAlgorithm,runtime_error,ValueError: a must be 1-dimensional
granite4-3b,4,26,GradientFreeEvolutionStrategy,runtime_error,NameError: name 'budget' is not defined
granite4-3b,4,27,GradientNoiseAugmentedDifferentialEvolution,runtime_error,ValueError: The truth value of an array with more than one element is ambiguous. Use a.any() or a.all()
granite4-3b,4,28,GradientVoronoiOptimization,interface_mismatch,__call__ failed: 'numpy.float64' object is not callable
granite4-3b,4,30,SurrogateBayesianOptimization,import_violation,scipy.stats is currently not allowed to be imported in this framework.
granite4-3b,4,32,HybridGradientBasedParticleSwarmOptimization,interface_mismatch,"__call__ failed: __call__(): incompatible function arguments. The following argument types are supported:
    1. (self: ioh.iohcpp.problem.RealSingleObjective, arg0: List[float]) -> float
    2. (self: ioh.iohcpp.problem.RealSingleObjective, arg0: List[List[float]]) -> List[float]

Invoked with: <RealSingleObjectiveProblem 11. Discus (iid=1 dim=2)>, np.float64(4.468224620330918)"
granite4-3b,4,33,EvolutionaryStrategy,interface_mismatch,__call__ failed: unsupported operand type(s) for -: 'list' and 'float'
granite4-3b,4,37,CMAES,runtime_error,ValueError: Input must be 1- or 2-d.
granite4-3b,4,40,EvolutionStrategyWithDualLearningRates,runtime_error,UnboundLocalError: cannot access local variable 'alpha' where it is not associated with a value
granite4-3b,4,41,GradientCurvatureOptimization,runtime_error,UnboundLocalError: cannot access local variable 'velocities' where it is not associated with a value
granite4-3b,4,45,AdaptiveMomentum,runtime_error,AttributeError: 'AdaptiveMomentum' object has no attribute 'learning_rate'
granite4-3b,4,50,AdaptiveMomentumFitnessSharing,runtime_error,IndexError: list assignment index out of range
granite4-3b,4,51,AdaptiveGradientDescent,runtime_error,UnboundLocalError: cannot access local variable 'velocities' where it is not associated with a value
granite4-3b,4,55,AdaptiveDifferentialEvolution,runtime_error,__init__ raised NameError: name 'func' is not defined
granite4-3b,4,56,GradientFreeAdaptiveNeighborhoodDiffusionSearch,runtime_error,__init__ raised NameError: name 'func' is not defined
granite4-3b,4,57,HybridGeneticNeighborhoodSearch,runtime_error,__init__ raised NameError: name 'func' is not defined
granite4-3b,4,61,AdaptiveCoordinateDescent,code_generation,NameError: name 'GradientFreeAdaptiveNeighborhoodSearch' is not defined
granite4-3b,4,62,AdaptiveDifferentialEvolution,runtime_error,__init__ raised NameError: name 'func' is not defined
granite4-3b,4,63,AdaptiveDifferentialEvolution,runtime_error,__init__ raised NameError: name 'func' is not defined
granite4-3b,4,64,AdaptivePopulationSearch,runtime_error,__init__ raised NameError: name 'func' is not defined
granite4-3b,4,66,AdaptiveDifferentialEvolution,runtime_error,__init__ raised NameError: name 'func' is not defined
granite4-3b,4,67,,code_generation,no class definition found
granite4-3b,4,69,AdaptiveDifferentialEvolution,runtime_error,"ValueError: operands could not be broadcast together with shapes (50,) (2,) (2,) "
granite4-3b,4,70,AdaptiveMultiStrategyGeneticAlgorithm,unclassified_success,ok
granite4-3b,4,74,,code_generation,no class definition found
granite4-3b,4,75,AdaptiveDifferentialEvolution,runtime_error,__init__ raised NameError: name 'func' is not defined
granite4-3b,4,77,GradientFreeAdaptiveNeighborhoodSearch,runtime_error,"ValueError: setting an array element with a sequence. The requested array has an inhomogeneous shape after 2 dimensions. The detected shape was (1, 2) + inhomogeneous part."
granite4-3b,4,78,AdaptiveRandomSearchWithLocalExploration,interface_mismatch,"__call__ failed: __call__(): incompatible function arguments. The following argument types are supported:
    1. (self: ioh.iohcpp.problem.RealSingleObjective, arg0: List[float]) -> float
    2. (self: ioh.iohcpp.problem.RealSingleObjective, arg0: List[List[float]]) -> List[float]

Invoked with: <RealSingleObjectiveProblem 11. Discus (iid=1 dim=2)>, np.float64(0.8866602622471704)"
granite4-3b,4,80,GradientFreeAdaptiveNeighborhoodSearch,unclassified_success,ok
granite4-3b,4,81,AdaptiveHeuristicOptimizer,runtime_error,ValueError: a must be 1-dimensional
granite4-3b,4,82,AdaptiveDifferentialEvolution,runtime_error,ValueError: a must be 1-dimensional
granite4-3b,4,85,GradientFreeAdaptiveRandomRestartDifferentialEvolution,interface_mismatch,__call__ failed: only integer scalar arrays can be converted to a scalar index
granite4-3b,4,87,AdaptiveDifferentialEvolution,runtime_error,__init__ raised NameError: name 'func' is not defined
granite4-3b,4,89,GradientFreeAdaptiveNeighborhoodSearchWithDiversification,runtime_error,IndexError: index 1 is out of bounds for axis 0 with size 0
granite4-3b,4,90,AdaptiveDifferentialEvolution,runtime_error,__init__ raised NameError: name 'func' is not defined
granite4-3b,4,91,AdaptiveDifferentialEvolution,runtime_error,__init__ raised NameError: name 'func' is not defined
granite4-3b,4,95,AdaptiveEvolutionaryStrategy,runtime_error,__init__ raised NameError: name 'func' is not defined
granite4-3b,4,96,AdaptiveDifferentialEvolution,runtime_error,ValueError: The truth value of an array with more than one element is ambiguous. Use a.any() or a.all()
granite4-3b,4,97,GradientFreeAdaptiveNeighborhoodMultiPointSearch,runtime_error,__init__ raised NameError: name 'func' is not defined
granite4-3b,4,98,GradientFreeAdaptiveAdaptiveDifferentialEvolution,runtime_error,__init__ raised NameError: name 'func' is not defined
granite4-3b,4,99,AdaptiveDifferentialEvolution,interface_mismatch,"__call__ failed: __call__(): incompatible function arguments. The following argument types are supported:
    1. (self: ioh.iohcpp.problem.RealSingleObjective, arg0: List[float]) -> float
    2. (self: ioh.iohcpp.problem.RealSingleObjective, arg0: List[List[float]]) -> List[float]

Invoked with: <RealSingleObjectiveProblem 11. Discus (iid=1 dim=2)>, None"
gemini-3-pro,0,18,TabuBIPOPCMAES,unclassified_success,ok
gemini-3-pro,0,30,ActiveBIPOPCMAES,runtime_error,"ValueError: matmul: Input operand 1 has a mismatch in its core dimension 0, with gufunc signature (n?,k),(k,m?)->(n?,m?) (size 6 is different from 2)"
gemini-3-pro,0,42,AHBIPOPCMAES,runtime_error,NameError: name 'sigma_init' is not defined
gemini-3-pro,0,58,MBIPOPCMAES,unclassified_success,ok
gemini-3-pro,0,77,ActiveTabuBIPOPCMAES,runtime_error,"ValueError: matmul: Input operand 1 has a mismatch in its core dimension 0, with gufunc signature (n?,k),(k,m?)->(n?,m?) (size 6 is different from 4)"
gemini-3-pro,0,80,ActiveChainedBIPOPCMAES,unclassified_success,ok
gemini-3-pro,1,14,JSOR,runtime_error,AttributeError: 'JSOR' object has no attribute 'memory_f'
gemini-3-pro,2,10,AdaptiveCovarianceSearch,runtime_error,"ValueError: operands could not be broadcast together with shapes (2,) (2,6) "
gemini-3-pro,2,23,BIPOPCMAES,runtime_error,"ValueError: operands could not be broadcast together with shapes (2,) (2,3) "
gemini-3-pro,2,25,ActiveBIPOPCMAES,runtime_error,"ValueError: operands could not be broadcast together with shapes (2,) (2,6) "
gemini-3-pro,2,33,ActiveBIPOPCMAES,runtime_error,"ValueError: shapes (3,) and (6,2) not aligned: 3 (dim 0) != 6 (dim 0)"
gemini-3-pro,2,40,ActiveBIPOPCMAES,runtime_error,"ValueError: operands could not be broadcast together with shapes (2,) (2,6) "
gemini-3-pro,2,71,HybridActiveBIPOPCMAES,import_violation,"warnings, scipy.optimize are currently not allowed to be imported in this framework."
gemini-3-pro,2,74,SRActiveBIPOPCMAES,runtime_error,"ValueError: operands could not be broadcast together with shapes (2,) (2,6) "
gemini-3-pro,2,98,EActiveBIPOPCMAES,unclassified_success,ok
gemini-3-pro,3,84,ActiveBIPOCMAES,runtime_error,"ValueError: matmul: Input operand 1 does not have enough dimensions (has 0, gufunc core with signature (n?,k),(k,m?)->(n?,m?) requires 1)"
gemini-3-pro,3,98,ActiveBIPOPCMAES,runtime_error,"ValueError: matmul: Input operand 1 does not have enough dimensions (has 0, gufunc core with signature (n?,k),(k,m?)->(n?,m?) requires 1)"
gemini-3-pro,4,9,ActiveBIPOPCMAES,unclassified_success,ok
gemini-3-pro,4,15,MirroredBIPOPdCMAES,interface_mismatch,__call__ failed: MirroredBIPOPdCMAES._run_cma() got an unexpected keyword argument 'mean'. Did you mean 'xmean'?
gemini-3-pro,4,18,CovarianceGuidedBIPOPCMAES,unclassified_success,ok
gemini-3-pro,4,21,ActivePolishedMirroredBIPOPCMAES,unclassified_success,ok
gemini-3-pro,4,24,PolishedMirroredBIPOPCMAES,runtime_error,NameError: name 'lambda_default' is not defined
gemini-3-pro,4,26,EigenSHADERestart,unclassified_success,ok
gemini-3-pro,4,30,EigenPolishedMirroredBIPOPCMAES,unclassified_success,ok
gemini-3-pro,4,38,ActivePolishedBIPOPCMAES,unclassified_success,ok
gemini-3-pro,4,40,ActivePolishedMirroredBIPOPCMAES,runtime_error,IndexError: list index out of range
gemini-3-pro,4,42,CovarianceAlignedNelderMeadBIPOPCMAES,unclassified_success,ok
gemini-3-pro,4,45,ActiveMirroredBIPOPCMAES,runtime_error,IndexError: index 4 is out of bounds for axis 0 with size 4
gemini-3-pro,4,47,ActivePolishedMirroredBIPOPCMAES,runtime_error,IndexError: index 4 is out of bounds for axis 0 with size 4
gemini-3-pro,4,50,ActivePolishedMirroredBIPOPCMAES,unclassified_success,ok
gemini-3-pro,4,51,ActivePolishedMirroredBIPOPCMAES,unclassified_success,ok
gemini-3-pro,4,57,ActiveMirroredBIPOPCMAES,unclassified_success,ok
gemini-3-pro,4,58,ActivePolishedMirroredBIPOPCMAES,unclassified_success,ok
gemini-3-pro,4,59,CovarianceAlignedNelderMeadMirroredBIPOPCMAES,runtime_error,NameError: name 'lambda_default' is not defined
gemini-3-pro,4,61,ActivePolishedMirroredBIPOPCMAES,unclassified_success,ok
gemini-3-pro,4,62,PolishedMirroredBIPOPCMAES,unclassified_success,ok
gemini-3-pro,4,63,HybridMirroredBIPOPCMAES,unclassified_success,ok
gemini-3-pro,4,66,ActivePolishedMirroredBIPOPCMAES,unclassified_success,ok
gemini-3-pro,4,76,ActivePolishedMirroredBIPOPCMAES,unclassified_success,ok
gemini-3-pro,4,77,ActivePolishedBIPOPCMAES,unclassified_success,ok
gemini-3-pro,4,80,ActiveBIPOPCMAES_MTS,unclassified_success,ok
gemini-3-pro,4,82,ActivePolishedBIPOPCMAES,runtime_error,"ValueError: operands could not be broadcast together with shapes (2,4) (6,) "
gemini-3-pro,4,87,ActiveBIPOPCMAES,unclassified_success,ok
gemini-3-pro,4,88,ActiveSepCMAES,runtime_error,"ValueError: shapes (6,) and (4,2) not aligned: 6 (dim 0) != 4 (dim 0)"
gemini-3-pro,4,90,RepulsivePolishedCMAES,runtime_error,"ValueError: operands could not be broadcast together with shapes (2,4) (6,) "
gemini-3-pro,4,91,ActiveBIPOPCMAES,unclassified_success,ok
gemini-3-pro,4,92,HybridBIPOPCMAES,runtime_error,"ValueError: operands could not be broadcast together with shapes (2,4) (6,) "
gemini-3-pro,4,93,RestartingEigenLSHADE,runtime_error,IndexError: index 0 is out of bounds for axis 0 with size 0
gemini-3-pro,4,95,ActiveMemoryCMAES,runtime_error,"ValueError: operands could not be broadcast together with shapes (2,4) (6,) "
gemini-3-pro,4,96,AmpBipopCmaEs,unclassified_success,ok
gemini-3-pro,4,97,ActivePolishedCMAES,runtime_error,"ValueError: shapes (3,) and (1,2) not aligned: 3 (dim 0) != 1 (dim 0)"
gemini-3-flash,0,16,LSHADE_EigSearch,runtime_error,IndexError: index 13 is out of bounds for axis 0 with size 13
gemini-3-flash,0,18,IPOP_CMAES,unclassified_success,ok
gemini-3-flash,1,89,BIPOP_ASTRON_V3,runtime_error,ValueError: assignment destination is read-only
gemini-3-flash,4,6,LSHADE_EIG,runtime_error,IndexError: index 20 is out of bounds for axis 0 with size 17
gemini-3-flash,4,25,BIPOP_AMa_CMAES_Transfer,runtime_error,"ValueError: matmul: Input operand 1 has a mismatch in its core dimension 0, with gufunc signature (n?,k),(k,m?)->(n?,m?) (size 2 is different from 3)"
gemini-3-flash,4,27,BIPOP_saCMA,unclassified_success,ok
gemini-3-flash,4,52,MAM_CMAES,runtime_error,NameError: name 'func' is not defined
gemini-3-flash,4,54,EMB_CMAES,runtime_error,AttributeError: module 'numpy' has no attribute 'geommean'
gemini-3-flash,4,70,MONES,runtime_error,NameError: name 'func' is not defined
gemini-3-flash,4,82,SAM_CMAES,runtime_error,NameError: name 'func' is not defined
